[0.000000] (-) TimerEvent: {}
[0.000895] (rplidar_ros) JobQueued: {'identifier': 'rplidar_ros', 'dependencies': OrderedDict()}
[0.001100] (slam_toolbox) JobQueued: {'identifier': 'slam_toolbox', 'dependencies': OrderedDict()}
[0.001373] (mecanum_robot) JobQueued: {'identifier': 'mecanum_robot', 'dependencies': OrderedDict([('rplidar_ros', '/home/rob1/eeng_462/lab4/install/rplidar_ros')])}
[0.001894] (rplidar_ros) JobStarted: {'identifier': 'rplidar_ros'}
[0.015754] (slam_toolbox) JobStarted: {'identifier': 'slam_toolbox'}
[0.026813] (rplidar_ros) JobProgress: {'identifier': 'rplidar_ros', 'progress': 'cmake'}
[0.028187] (rplidar_ros) JobProgress: {'identifier': 'rplidar_ros', 'progress': 'build'}
[0.029556] (rplidar_ros) Command: {'cmd': ['/usr/bin/cmake', '--build', '/home/rob1/eeng_462/lab4/build/rplidar_ros', '--', '-j6', '-l6'], 'cwd': '/home/rob1/eeng_462/lab4/build/rplidar_ros', 'env': OrderedDict([('USER', 'rob1'), ('XDG_SEAT', 'seat0'), ('XDG_SESSION_TYPE', 'x11'), ('SHLVL', '1'), ('LD_LIBRARY_PATH', '/home/rob1/eeng_462/lab4/install/slam_toolbox/lib:/home/rob1/eeng_462/lab4/install/openslam_gmapping/lib:/opt/ros/humble/opt/rviz_ogre_vendor/lib:/opt/ros/humble/lib/aarch64-linux-gnu:/opt/ros/humble/lib'), ('HOME', '/home/rob1'), ('OLDPWD', '/home/rob1'), ('LESS', '-R'), ('DESKTOP_SESSION', 'i3'), ('ZSH', '/home/rob1/.oh-my-zsh'), ('LSCOLORS', 'Gxfxcxdxbxegedabagacad'), ('GTK_MODULES', 'gail:atk-bridge'), ('PAGER', 'less'), ('ROS_PYTHON_VERSION', '3'), ('SYSTEMD_EXEC_PID', '1752'), ('DBUS_SESSION_BUS_ADDRESS', 'unix:path=/run/user/1000/bus'), ('COLORTERM', 'truecolor'), ('_colcon_cd_root', '/opt/ros/humble/'), ('ROS_DISTRO', 'humble'), ('COLCON_PREFIX_PATH', '/home/rob1/eeng_462/lab4/install'), ('GTK_IM_MODULE', 'ibus'), ('LOGNAME', 'rob1'), ('_', '/usr/bin/colcon'), ('XDG_SESSION_CLASS', 'user'), ('ROS_VERSION', '2'), ('XDG_SESSION_ID', '2'), ('USERNAME', 'rob1'), ('TERM', 'xterm-256color'), ('ROS_LOCALHOST_ONLY', '0'), ('WINDOWPATH', '2'), ('PATH', '/opt/ros/humble/bin:/home/rob1/.local/bin:/usr/local/sbin:/usr/local/bin:/usr/sbin:/usr/bin:/sbin:/bin:/usr/games:/usr/local/games:/snap/bin:/snap/bin'), ('GNOME_TERMINAL_SCREEN', '/org/gnome/Terminal/screen/307d46ff_7eca_4369_b358_dceae676b14f'), ('XDG_RUNTIME_DIR', '/run/user/1000'), ('DISPLAY', ':1'), ('LANG', 'en_US.UTF-8'), ('XDG_CURRENT_DESKTOP', 'i3'), ('XDG_SESSION_DESKTOP', 'i3'), ('GNOME_TERMINAL_SERVICE', ':1.48'), ('XMODIFIERS', '@im=ibus'), ('XAUTHORITY', '/run/user/1000/gdm/Xauthority'), ('LS_COLORS', 'rs=0:di=01;34:ln=01;36:mh=00:pi=40;33:so=01;35:do=01;35:bd=40;33;01:cd=40;33;01:or=40;31;01:mi=00:su=37;41:sg=30;43:ca=30;41:tw=30;42:ow=34;42:st=37;44:ex=01;32:*.tar=01;31:*.tgz=01;31:*.arc=01;31:*.arj=01;31:*.taz=01;31:*.lha=01;31:*.lz4=01;31:*.lzh=01;31:*.lzma=01;31:*.tlz=01;31:*.txz=01;31:*.tzo=01;31:*.t7z=01;31:*.zip=01;31:*.z=01;31:*.dz=01;31:*.gz=01;31:*.lrz=01;31:*.lz=01;31:*.lzo=01;31:*.xz=01;31:*.zst=01;31:*.tzst=01;31:*.bz2=01;31:*.bz=01;31:*.tbz=01;31:*.tbz2=01;31:*.tz=01;31:*.deb=01;31:*.rpm=01;31:*.jar=01;31:*.war=01;31:*.ear=01;31:*.sar=01;31:*.rar=01;31:*.alz=01;31:*.ace=01;31:*.zoo=01;31:*.cpio=01;31:*.7z=01;31:*.rz=01;31:*.cab=01;31:*.wim=01;31:*.swm=01;31:*.dwm=01;31:*.esd=01;31:*.jpg=01;35:*.jpeg=01;35:*.mjpg=01;35:*.mjpeg=01;35:*.gif=01;35:*.bmp=01;35:*.pbm=01;35:*.pgm=01;35:*.ppm=01;35:*.tga=01;35:*.xbm=01;35:*.xpm=01;35:*.tif=01;35:*.tiff=01;35:*.png=01;35:*.svg=01;35:*.svgz=01;35:*.mng=01;35:*.pcx=01;35:*.mov=01;35:*.mpg=01;35:*.mpeg=01;35:*.m2v=01;35:*.mkv=01;35:*.webm=01;35:*.webp=01;35:*.ogm=01;35:*.mp4=01;35:*.m4v=01;35:*.mp4v=01;35:*.vob=01;35:*.qt=01;35:*.nuv=01;35:*.wmv=01;35:*.asf=01;35:*.rm=01;35:*.rmvb=01;35:*.flc=01;35:*.avi=01;35:*.fli=01;35:*.flv=01;35:*.gl=01;35:*.dl=01;35:*.xcf=01;35:*.xwd=01;35:*.yuv=01;35:*.cgm=01;35:*.emf=01;35:*.ogv=01;35:*.ogx=01;35:*.aac=00;36:*.au=00;36:*.flac=00;36:*.m4a=00;36:*.mid=00;36:*.midi=00;36:*.mka=00;36:*.mp3=00;36:*.mpc=00;36:*.ogg=00;36:*.ra=00;36:*.wav=00;36:*.oga=00;36:*.opus=00;36:*.spx=00;36:*.xspf=00;36:'), ('AMENT_PREFIX_PATH', '/home/rob1/eeng_462/lab4/install/sllidar_ros2:/home/rob1/eeng_462/lab4/install/slam_toolbox:/home/rob1/eeng_462/lab4/install/mecanum_robot:/home/rob1/eeng_462/lab4/install/slam_gmapping:/home/rob1/eeng_462/lab4/install/rplidar_ros:/home/rob1/eeng_462/lab4/install/openslam_gmapping:/opt/ros/humble'), ('ROS_DOMAIN_ID', '101'), ('SHELL', '/usr/bin/zsh'), ('QT_ACCESSIBILITY', '1'), ('GDMSESSION', 'i3'), ('GPG_AGENT_INFO', '/run/user/1000/gnupg/S.gpg-agent:0:1'), ('QT_IM_MODULE', 'ibus'), ('XDG_VTNR', '2'), ('PWD', '/home/rob1/eeng_462/lab4/build/rplidar_ros'), ('XDG_CONFIG_DIRS', '/etc/xdg/xdg-i3:/etc/xdg'), ('XDG_DATA_DIRS', '/usr/share/i3:/usr/share/gnome:/usr/local/share/:/usr/share/:/var/lib/snapd/desktop'), ('CLUTTER_IM_MODULE', 'ibus'), ('PYTHONPATH', '/home/rob1/eeng_462/lab4/install/slam_toolbox/local/lib/python3.10/dist-packages:/home/rob1/eeng_462/lab4/install/mecanum_robot/lib/python3.10/site-packages:/opt/ros/humble/lib/python3.10/site-packages:/opt/ros/humble/local/lib/python3.10/dist-packages'), ('I3SOCK', '/run/user/1000/i3/ipc-socket.1783'), ('COLCON', '1'), ('VTE_VERSION', '6800'), ('CMAKE_PREFIX_PATH', '/home/rob1/eeng_462/lab4/install/sllidar_ros2:/home/rob1/eeng_462/lab4/install/slam_toolbox:/home/rob1/eeng_462/lab4/install/slam_gmapping:/home/rob1/eeng_462/lab4/install/mecanum_robot:/opt/ros/humble:/home/rob1/eeng_462/lab4/install/rplidar_ros:/home/rob1/eeng_462/lab4/install/openslam_gmapping')]), 'shell': False}
[0.037341] (slam_toolbox) JobProgress: {'identifier': 'slam_toolbox', 'progress': 'cmake'}
[0.039412] (slam_toolbox) JobProgress: {'identifier': 'slam_toolbox', 'progress': 'build'}
[0.040299] (slam_toolbox) Command: {'cmd': ['/usr/bin/cmake', '--build', '/home/rob1/eeng_462/lab4/build/slam_toolbox', '--', '-j6', '-l6'], 'cwd': '/home/rob1/eeng_462/lab4/build/slam_toolbox', 'env': OrderedDict([('USER', 'rob1'), ('XDG_SEAT', 'seat0'), ('XDG_SESSION_TYPE', 'x11'), ('SHLVL', '1'), ('LD_LIBRARY_PATH', '/home/rob1/eeng_462/lab4/install/slam_toolbox/lib:/home/rob1/eeng_462/lab4/install/openslam_gmapping/lib:/opt/ros/humble/opt/rviz_ogre_vendor/lib:/opt/ros/humble/lib/aarch64-linux-gnu:/opt/ros/humble/lib'), ('HOME', '/home/rob1'), ('OLDPWD', '/home/rob1'), ('LESS', '-R'), ('DESKTOP_SESSION', 'i3'), ('ZSH', '/home/rob1/.oh-my-zsh'), ('LSCOLORS', 'Gxfxcxdxbxegedabagacad'), ('GTK_MODULES', 'gail:atk-bridge'), ('PAGER', 'less'), ('ROS_PYTHON_VERSION', '3'), ('SYSTEMD_EXEC_PID', '1752'), ('DBUS_SESSION_BUS_ADDRESS', 'unix:path=/run/user/1000/bus'), ('COLORTERM', 'truecolor'), ('_colcon_cd_root', '/opt/ros/humble/'), ('ROS_DISTRO', 'humble'), ('COLCON_PREFIX_PATH', '/home/rob1/eeng_462/lab4/install'), ('GTK_IM_MODULE', 'ibus'), ('LOGNAME', 'rob1'), ('_', '/usr/bin/colcon'), ('XDG_SESSION_CLASS', 'user'), ('ROS_VERSION', '2'), ('XDG_SESSION_ID', '2'), ('USERNAME', 'rob1'), ('TERM', 'xterm-256color'), ('ROS_LOCALHOST_ONLY', '0'), ('WINDOWPATH', '2'), ('PATH', '/opt/ros/humble/bin:/home/rob1/.local/bin:/usr/local/sbin:/usr/local/bin:/usr/sbin:/usr/bin:/sbin:/bin:/usr/games:/usr/local/games:/snap/bin:/snap/bin'), ('GNOME_TERMINAL_SCREEN', '/org/gnome/Terminal/screen/307d46ff_7eca_4369_b358_dceae676b14f'), ('XDG_RUNTIME_DIR', '/run/user/1000'), ('DISPLAY', ':1'), ('LANG', 'en_US.UTF-8'), ('XDG_CURRENT_DESKTOP', 'i3'), ('XDG_SESSION_DESKTOP', 'i3'), ('GNOME_TERMINAL_SERVICE', ':1.48'), ('XMODIFIERS', '@im=ibus'), ('XAUTHORITY', '/run/user/1000/gdm/Xauthority'), ('LS_COLORS', 'rs=0:di=01;34:ln=01;36:mh=00:pi=40;33:so=01;35:do=01;35:bd=40;33;01:cd=40;33;01:or=40;31;01:mi=00:su=37;41:sg=30;43:ca=30;41:tw=30;42:ow=34;42:st=37;44:ex=01;32:*.tar=01;31:*.tgz=01;31:*.arc=01;31:*.arj=01;31:*.taz=01;31:*.lha=01;31:*.lz4=01;31:*.lzh=01;31:*.lzma=01;31:*.tlz=01;31:*.txz=01;31:*.tzo=01;31:*.t7z=01;31:*.zip=01;31:*.z=01;31:*.dz=01;31:*.gz=01;31:*.lrz=01;31:*.lz=01;31:*.lzo=01;31:*.xz=01;31:*.zst=01;31:*.tzst=01;31:*.bz2=01;31:*.bz=01;31:*.tbz=01;31:*.tbz2=01;31:*.tz=01;31:*.deb=01;31:*.rpm=01;31:*.jar=01;31:*.war=01;31:*.ear=01;31:*.sar=01;31:*.rar=01;31:*.alz=01;31:*.ace=01;31:*.zoo=01;31:*.cpio=01;31:*.7z=01;31:*.rz=01;31:*.cab=01;31:*.wim=01;31:*.swm=01;31:*.dwm=01;31:*.esd=01;31:*.jpg=01;35:*.jpeg=01;35:*.mjpg=01;35:*.mjpeg=01;35:*.gif=01;35:*.bmp=01;35:*.pbm=01;35:*.pgm=01;35:*.ppm=01;35:*.tga=01;35:*.xbm=01;35:*.xpm=01;35:*.tif=01;35:*.tiff=01;35:*.png=01;35:*.svg=01;35:*.svgz=01;35:*.mng=01;35:*.pcx=01;35:*.mov=01;35:*.mpg=01;35:*.mpeg=01;35:*.m2v=01;35:*.mkv=01;35:*.webm=01;35:*.webp=01;35:*.ogm=01;35:*.mp4=01;35:*.m4v=01;35:*.mp4v=01;35:*.vob=01;35:*.qt=01;35:*.nuv=01;35:*.wmv=01;35:*.asf=01;35:*.rm=01;35:*.rmvb=01;35:*.flc=01;35:*.avi=01;35:*.fli=01;35:*.flv=01;35:*.gl=01;35:*.dl=01;35:*.xcf=01;35:*.xwd=01;35:*.yuv=01;35:*.cgm=01;35:*.emf=01;35:*.ogv=01;35:*.ogx=01;35:*.aac=00;36:*.au=00;36:*.flac=00;36:*.m4a=00;36:*.mid=00;36:*.midi=00;36:*.mka=00;36:*.mp3=00;36:*.mpc=00;36:*.ogg=00;36:*.ra=00;36:*.wav=00;36:*.oga=00;36:*.opus=00;36:*.spx=00;36:*.xspf=00;36:'), ('AMENT_PREFIX_PATH', '/home/rob1/eeng_462/lab4/install/sllidar_ros2:/home/rob1/eeng_462/lab4/install/slam_toolbox:/home/rob1/eeng_462/lab4/install/mecanum_robot:/home/rob1/eeng_462/lab4/install/slam_gmapping:/home/rob1/eeng_462/lab4/install/rplidar_ros:/home/rob1/eeng_462/lab4/install/openslam_gmapping:/opt/ros/humble'), ('ROS_DOMAIN_ID', '101'), ('SHELL', '/usr/bin/zsh'), ('QT_ACCESSIBILITY', '1'), ('GDMSESSION', 'i3'), ('GPG_AGENT_INFO', '/run/user/1000/gnupg/S.gpg-agent:0:1'), ('QT_IM_MODULE', 'ibus'), ('XDG_VTNR', '2'), ('PWD', '/home/rob1/eeng_462/lab4/build/slam_toolbox'), ('XDG_CONFIG_DIRS', '/etc/xdg/xdg-i3:/etc/xdg'), ('XDG_DATA_DIRS', '/usr/share/i3:/usr/share/gnome:/usr/local/share/:/usr/share/:/var/lib/snapd/desktop'), ('CLUTTER_IM_MODULE', 'ibus'), ('PYTHONPATH', '/home/rob1/eeng_462/lab4/install/slam_toolbox/local/lib/python3.10/dist-packages:/home/rob1/eeng_462/lab4/install/mecanum_robot/lib/python3.10/site-packages:/opt/ros/humble/lib/python3.10/site-packages:/opt/ros/humble/local/lib/python3.10/dist-packages'), ('I3SOCK', '/run/user/1000/i3/ipc-socket.1783'), ('COLCON', '1'), ('VTE_VERSION', '6800'), ('CMAKE_PREFIX_PATH', '/home/rob1/eeng_462/lab4/install/sllidar_ros2:/home/rob1/eeng_462/lab4/install/slam_toolbox:/home/rob1/eeng_462/lab4/install/slam_gmapping:/home/rob1/eeng_462/lab4/install/mecanum_robot:/opt/ros/humble:/home/rob1/eeng_462/lab4/install/rplidar_ros:/home/rob1/eeng_462/lab4/install/openslam_gmapping')]), 'shell': False}
[0.099947] (-) TimerEvent: {}
[0.156259] (rplidar_ros) StdoutLine: {'line': b'[ 47%] Built target rplidar_composition\n'}
[0.158022] (rplidar_ros) StdoutLine: {'line': b'[ 52%] Built target rplidar_client\n'}
[0.164719] (rplidar_ros) StdoutLine: {'line': b'[100%] Built target rplidar_node\n'}
[0.167312] (slam_toolbox) StdoutLine: {'line': b'[  1%] Built target slam_toolbox__cpp\n'}
[0.170617] (slam_toolbox) StdoutLine: {'line': b'[ 10%] Built target slam_toolbox__rosidl_generator_c\n'}
[0.179068] (slam_toolbox) StdoutLine: {'line': b'[ 10%] Built target ament_cmake_python_symlink_slam_toolbox\n'}
[0.199080] (rplidar_ros) CommandEnded: {'returncode': 0}
[0.200209] (-) TimerEvent: {}
[0.200536] (rplidar_ros) JobProgress: {'identifier': 'rplidar_ros', 'progress': 'install'}
[0.201091] (slam_toolbox) StdoutLine: {'line': b'[ 12%] Built target kartoSlamToolbox\n'}
[0.217452] (rplidar_ros) Command: {'cmd': ['/usr/bin/cmake', '--install', '/home/rob1/eeng_462/lab4/build/rplidar_ros'], 'cwd': '/home/rob1/eeng_462/lab4/build/rplidar_ros', 'env': OrderedDict([('USER', 'rob1'), ('XDG_SEAT', 'seat0'), ('XDG_SESSION_TYPE', 'x11'), ('SHLVL', '1'), ('LD_LIBRARY_PATH', '/home/rob1/eeng_462/lab4/install/slam_toolbox/lib:/home/rob1/eeng_462/lab4/install/openslam_gmapping/lib:/opt/ros/humble/opt/rviz_ogre_vendor/lib:/opt/ros/humble/lib/aarch64-linux-gnu:/opt/ros/humble/lib'), ('HOME', '/home/rob1'), ('OLDPWD', '/home/rob1'), ('LESS', '-R'), ('DESKTOP_SESSION', 'i3'), ('ZSH', '/home/rob1/.oh-my-zsh'), ('LSCOLORS', 'Gxfxcxdxbxegedabagacad'), ('GTK_MODULES', 'gail:atk-bridge'), ('PAGER', 'less'), ('ROS_PYTHON_VERSION', '3'), ('SYSTEMD_EXEC_PID', '1752'), ('DBUS_SESSION_BUS_ADDRESS', 'unix:path=/run/user/1000/bus'), ('COLORTERM', 'truecolor'), ('_colcon_cd_root', '/opt/ros/humble/'), ('ROS_DISTRO', 'humble'), ('COLCON_PREFIX_PATH', '/home/rob1/eeng_462/lab4/install'), ('GTK_IM_MODULE', 'ibus'), ('LOGNAME', 'rob1'), ('_', '/usr/bin/colcon'), ('XDG_SESSION_CLASS', 'user'), ('ROS_VERSION', '2'), ('XDG_SESSION_ID', '2'), ('USERNAME', 'rob1'), ('TERM', 'xterm-256color'), ('ROS_LOCALHOST_ONLY', '0'), ('WINDOWPATH', '2'), ('PATH', '/opt/ros/humble/bin:/home/rob1/.local/bin:/usr/local/sbin:/usr/local/bin:/usr/sbin:/usr/bin:/sbin:/bin:/usr/games:/usr/local/games:/snap/bin:/snap/bin'), ('GNOME_TERMINAL_SCREEN', '/org/gnome/Terminal/screen/307d46ff_7eca_4369_b358_dceae676b14f'), ('XDG_RUNTIME_DIR', '/run/user/1000'), ('DISPLAY', ':1'), ('LANG', 'en_US.UTF-8'), ('XDG_CURRENT_DESKTOP', 'i3'), ('XDG_SESSION_DESKTOP', 'i3'), ('GNOME_TERMINAL_SERVICE', ':1.48'), ('XMODIFIERS', '@im=ibus'), ('XAUTHORITY', '/run/user/1000/gdm/Xauthority'), ('LS_COLORS', 'rs=0:di=01;34:ln=01;36:mh=00:pi=40;33:so=01;35:do=01;35:bd=40;33;01:cd=40;33;01:or=40;31;01:mi=00:su=37;41:sg=30;43:ca=30;41:tw=30;42:ow=34;42:st=37;44:ex=01;32:*.tar=01;31:*.tgz=01;31:*.arc=01;31:*.arj=01;31:*.taz=01;31:*.lha=01;31:*.lz4=01;31:*.lzh=01;31:*.lzma=01;31:*.tlz=01;31:*.txz=01;31:*.tzo=01;31:*.t7z=01;31:*.zip=01;31:*.z=01;31:*.dz=01;31:*.gz=01;31:*.lrz=01;31:*.lz=01;31:*.lzo=01;31:*.xz=01;31:*.zst=01;31:*.tzst=01;31:*.bz2=01;31:*.bz=01;31:*.tbz=01;31:*.tbz2=01;31:*.tz=01;31:*.deb=01;31:*.rpm=01;31:*.jar=01;31:*.war=01;31:*.ear=01;31:*.sar=01;31:*.rar=01;31:*.alz=01;31:*.ace=01;31:*.zoo=01;31:*.cpio=01;31:*.7z=01;31:*.rz=01;31:*.cab=01;31:*.wim=01;31:*.swm=01;31:*.dwm=01;31:*.esd=01;31:*.jpg=01;35:*.jpeg=01;35:*.mjpg=01;35:*.mjpeg=01;35:*.gif=01;35:*.bmp=01;35:*.pbm=01;35:*.pgm=01;35:*.ppm=01;35:*.tga=01;35:*.xbm=01;35:*.xpm=01;35:*.tif=01;35:*.tiff=01;35:*.png=01;35:*.svg=01;35:*.svgz=01;35:*.mng=01;35:*.pcx=01;35:*.mov=01;35:*.mpg=01;35:*.mpeg=01;35:*.m2v=01;35:*.mkv=01;35:*.webm=01;35:*.webp=01;35:*.ogm=01;35:*.mp4=01;35:*.m4v=01;35:*.mp4v=01;35:*.vob=01;35:*.qt=01;35:*.nuv=01;35:*.wmv=01;35:*.asf=01;35:*.rm=01;35:*.rmvb=01;35:*.flc=01;35:*.avi=01;35:*.fli=01;35:*.flv=01;35:*.gl=01;35:*.dl=01;35:*.xcf=01;35:*.xwd=01;35:*.yuv=01;35:*.cgm=01;35:*.emf=01;35:*.ogv=01;35:*.ogx=01;35:*.aac=00;36:*.au=00;36:*.flac=00;36:*.m4a=00;36:*.mid=00;36:*.midi=00;36:*.mka=00;36:*.mp3=00;36:*.mpc=00;36:*.ogg=00;36:*.ra=00;36:*.wav=00;36:*.oga=00;36:*.opus=00;36:*.spx=00;36:*.xspf=00;36:'), ('AMENT_PREFIX_PATH', '/home/rob1/eeng_462/lab4/install/sllidar_ros2:/home/rob1/eeng_462/lab4/install/slam_toolbox:/home/rob1/eeng_462/lab4/install/mecanum_robot:/home/rob1/eeng_462/lab4/install/slam_gmapping:/home/rob1/eeng_462/lab4/install/rplidar_ros:/home/rob1/eeng_462/lab4/install/openslam_gmapping:/opt/ros/humble'), ('ROS_DOMAIN_ID', '101'), ('SHELL', '/usr/bin/zsh'), ('QT_ACCESSIBILITY', '1'), ('GDMSESSION', 'i3'), ('GPG_AGENT_INFO', '/run/user/1000/gnupg/S.gpg-agent:0:1'), ('QT_IM_MODULE', 'ibus'), ('XDG_VTNR', '2'), ('PWD', '/home/rob1/eeng_462/lab4/build/rplidar_ros'), ('XDG_CONFIG_DIRS', '/etc/xdg/xdg-i3:/etc/xdg'), ('XDG_DATA_DIRS', '/usr/share/i3:/usr/share/gnome:/usr/local/share/:/usr/share/:/var/lib/snapd/desktop'), ('CLUTTER_IM_MODULE', 'ibus'), ('PYTHONPATH', '/home/rob1/eeng_462/lab4/install/slam_toolbox/local/lib/python3.10/dist-packages:/home/rob1/eeng_462/lab4/install/mecanum_robot/lib/python3.10/site-packages:/opt/ros/humble/lib/python3.10/site-packages:/opt/ros/humble/local/lib/python3.10/dist-packages'), ('I3SOCK', '/run/user/1000/i3/ipc-socket.1783'), ('COLCON', '1'), ('VTE_VERSION', '6800'), ('CMAKE_PREFIX_PATH', '/home/rob1/eeng_462/lab4/install/sllidar_ros2:/home/rob1/eeng_462/lab4/install/slam_toolbox:/home/rob1/eeng_462/lab4/install/slam_gmapping:/home/rob1/eeng_462/lab4/install/mecanum_robot:/opt/ros/humble:/home/rob1/eeng_462/lab4/install/rplidar_ros:/home/rob1/eeng_462/lab4/install/openslam_gmapping')]), 'shell': False}
[0.231919] (slam_toolbox) StdoutLine: {'line': b'[ 20%] Built target slam_toolbox__rosidl_typesupport_cpp\n'}
[0.234637] (slam_toolbox) StdoutLine: {'line': b'[ 28%] Built target slam_toolbox__rosidl_typesupport_introspection_c\n'}
[0.236251] (rplidar_ros) StdoutLine: {'line': b'-- Install configuration: ""\n'}
[0.238012] (rplidar_ros) StdoutLine: {'line': b'-- Execute custom install script\n'}
[0.240354] (rplidar_ros) StdoutLine: {'line': b'-- Up-to-date symlink: /home/rob1/eeng_462/lab4/install/rplidar_ros/share/rplidar_ros/launch/rplidar_a1_launch.py\n'}
[0.241179] (rplidar_ros) StdoutLine: {'line': b'-- Up-to-date symlink: /home/rob1/eeng_462/lab4/install/rplidar_ros/share/rplidar_ros/launch/rplidar_a2m12_launch.py\n'}
[0.241881] (rplidar_ros) StdoutLine: {'line': b'-- Up-to-date symlink: /home/rob1/eeng_462/lab4/install/rplidar_ros/share/rplidar_ros/launch/rplidar_a2m7_launch.py\n'}
[0.244558] (slam_toolbox) StdoutLine: {'line': b'[ 36%] Built target slam_toolbox__rosidl_typesupport_introspection_cpp\n'}
[0.248434] (rplidar_ros) StdoutLine: {'line': b'-- Up-to-date symlink: /home/rob1/eeng_462/lab4/install/rplidar_ros/share/rplidar_ros/launch/rplidar_a2m8_launch.py\n'}
[0.248804] (slam_toolbox) StdoutLine: {'line': b'[ 53%] Built target slam_toolbox__rosidl_typesupport_c\n'}
[0.249020] (slam_toolbox) StdoutLine: {'line': b'[ 53%] Built target slam_toolbox__rosidl_typesupport_fastrtps_c\n'}
[0.249835] (rplidar_ros) StdoutLine: {'line': b'-- Up-to-date symlink: /home/rob1/eeng_462/lab4/install/rplidar_ros/share/rplidar_ros/launch/rplidar_a3_launch.py\n'}
[0.250564] (rplidar_ros) StdoutLine: {'line': b'-- Up-to-date symlink: /home/rob1/eeng_462/lab4/install/rplidar_ros/share/rplidar_ros/launch/rplidar_c1_launch.py\n'}
[0.251223] (rplidar_ros) StdoutLine: {'line': b'-- Up-to-date symlink: /home/rob1/eeng_462/lab4/install/rplidar_ros/share/rplidar_ros/launch/rplidar_s1_launch.py\n'}
[0.251866] (rplidar_ros) StdoutLine: {'line': b'-- Up-to-date symlink: /home/rob1/eeng_462/lab4/install/rplidar_ros/share/rplidar_ros/launch/rplidar_s1_tcp_launch.py\n'}
[0.252532] (rplidar_ros) StdoutLine: {'line': b'-- Up-to-date symlink: /home/rob1/eeng_462/lab4/install/rplidar_ros/share/rplidar_ros/launch/rplidar_s2_launch.py\n'}
[0.253165] (rplidar_ros) StdoutLine: {'line': b'-- Up-to-date symlink: /home/rob1/eeng_462/lab4/install/rplidar_ros/share/rplidar_ros/launch/rplidar_s2e_launch.py\n'}
[0.253747] (slam_toolbox) StdoutLine: {'line': b'[ 62%] Built target slam_toolbox__rosidl_typesupport_fastrtps_cpp\n'}
[0.254420] (rplidar_ros) StdoutLine: {'line': b'-- Up-to-date symlink: /home/rob1/eeng_462/lab4/install/rplidar_ros/share/rplidar_ros/launch/rplidar_s3_launch.py\n'}
[0.255103] (rplidar_ros) StdoutLine: {'line': b'-- Up-to-date symlink: /home/rob1/eeng_462/lab4/install/rplidar_ros/share/rplidar_ros/launch/rplidar_t1_launch.py\n'}
[0.255728] (rplidar_ros) StdoutLine: {'line': b'-- Up-to-date symlink: /home/rob1/eeng_462/lab4/install/rplidar_ros/share/rplidar_ros/launch/view_rplidar_a1_launch.py\n'}
[0.256338] (rplidar_ros) StdoutLine: {'line': b'-- Up-to-date symlink: /home/rob1/eeng_462/lab4/install/rplidar_ros/share/rplidar_ros/launch/view_rplidar_a2m12_launch.py\n'}
[0.256949] (rplidar_ros) StdoutLine: {'line': b'-- Up-to-date symlink: /home/rob1/eeng_462/lab4/install/rplidar_ros/share/rplidar_ros/launch/view_rplidar_a2m7_launch.py\n'}
[0.257559] (rplidar_ros) StdoutLine: {'line': b'-- Up-to-date symlink: /home/rob1/eeng_462/lab4/install/rplidar_ros/share/rplidar_ros/launch/view_rplidar_a2m8_launch.py\n'}
[0.258211] (rplidar_ros) StdoutLine: {'line': b'-- Up-to-date symlink: /home/rob1/eeng_462/lab4/install/rplidar_ros/share/rplidar_ros/launch/view_rplidar_a3_launch.py\n'}
[0.258851] (rplidar_ros) StdoutLine: {'line': b'-- Up-to-date symlink: /home/rob1/eeng_462/lab4/install/rplidar_ros/share/rplidar_ros/launch/view_rplidar_c1_launch.py\n'}
[0.259795] (rplidar_ros) StdoutLine: {'line': b'-- Up-to-date symlink: /home/rob1/eeng_462/lab4/install/rplidar_ros/share/rplidar_ros/launch/view_rplidar_s1_launch.py\n'}
[0.260449] (rplidar_ros) StdoutLine: {'line': b'-- Up-to-date symlink: /home/rob1/eeng_462/lab4/install/rplidar_ros/share/rplidar_ros/launch/view_rplidar_s1_tcp_launch.py\n'}
[0.261126] (rplidar_ros) StdoutLine: {'line': b'-- Up-to-date symlink: /home/rob1/eeng_462/lab4/install/rplidar_ros/share/rplidar_ros/launch/view_rplidar_s2_launch.py\n'}
[0.261786] (rplidar_ros) StdoutLine: {'line': b'-- Up-to-date symlink: /home/rob1/eeng_462/lab4/install/rplidar_ros/share/rplidar_ros/launch/view_rplidar_s2e_launch.py\n'}
[0.262437] (rplidar_ros) StdoutLine: {'line': b'-- Up-to-date symlink: /home/rob1/eeng_462/lab4/install/rplidar_ros/share/rplidar_ros/launch/view_rplidar_s3_launch.py\n'}
[0.263080] (rplidar_ros) StdoutLine: {'line': b'-- Up-to-date symlink: /home/rob1/eeng_462/lab4/install/rplidar_ros/share/rplidar_ros/launch/view_rplidar_t1_launch.py\n'}
[0.264106] (rplidar_ros) StdoutLine: {'line': b'-- Up-to-date symlink: /home/rob1/eeng_462/lab4/install/rplidar_ros/share/rplidar_ros/rviz/rplidar_ros.rviz\n'}
[0.265222] (rplidar_ros) StdoutLine: {'line': b'-- Up-to-date symlink: /home/rob1/eeng_462/lab4/install/rplidar_ros/lib/rplidar_ros/rplidar_node\n'}
[0.266027] (rplidar_ros) StdoutLine: {'line': b'-- Up-to-date symlink: /home/rob1/eeng_462/lab4/install/rplidar_ros/lib/rplidar_ros/rplidar_composition\n'}
[0.266965] (rplidar_ros) StdoutLine: {'line': b'-- Up-to-date symlink: /home/rob1/eeng_462/lab4/install/rplidar_ros/lib/rplidar_ros/rplidar_client\n'}
[0.267876] (rplidar_ros) StdoutLine: {'line': b'-- Up-to-date symlink: /home/rob1/eeng_462/lab4/install/rplidar_ros/share/ament_index/resource_index/package_run_dependencies/rplidar_ros\n'}
[0.268701] (rplidar_ros) StdoutLine: {'line': b'-- Up-to-date symlink: /home/rob1/eeng_462/lab4/install/rplidar_ros/share/ament_index/resource_index/parent_prefix_path/rplidar_ros\n'}
[0.269791] (rplidar_ros) StdoutLine: {'line': b'-- Up-to-date symlink: /home/rob1/eeng_462/lab4/install/rplidar_ros/share/rplidar_ros/environment/ament_prefix_path.sh\n'}
[0.270700] (rplidar_ros) StdoutLine: {'line': b'-- Up-to-date symlink: /home/rob1/eeng_462/lab4/install/rplidar_ros/share/rplidar_ros/environment/ament_prefix_path.dsv\n'}
[0.271518] (rplidar_ros) StdoutLine: {'line': b'-- Up-to-date symlink: /home/rob1/eeng_462/lab4/install/rplidar_ros/share/rplidar_ros/environment/path.sh\n'}
[0.272270] (rplidar_ros) StdoutLine: {'line': b'-- Up-to-date symlink: /home/rob1/eeng_462/lab4/install/rplidar_ros/share/rplidar_ros/environment/path.dsv\n'}
[0.273097] (rplidar_ros) StdoutLine: {'line': b'-- Up-to-date symlink: /home/rob1/eeng_462/lab4/install/rplidar_ros/share/rplidar_ros/local_setup.bash\n'}
[0.273861] (rplidar_ros) StdoutLine: {'line': b'-- Up-to-date symlink: /home/rob1/eeng_462/lab4/install/rplidar_ros/share/rplidar_ros/local_setup.sh\n'}
[0.274670] (rplidar_ros) StdoutLine: {'line': b'-- Up-to-date symlink: /home/rob1/eeng_462/lab4/install/rplidar_ros/share/rplidar_ros/local_setup.zsh\n'}
[0.275430] (rplidar_ros) StdoutLine: {'line': b'-- Up-to-date symlink: /home/rob1/eeng_462/lab4/install/rplidar_ros/share/rplidar_ros/local_setup.dsv\n'}
[0.276112] (rplidar_ros) StdoutLine: {'line': b'-- Symlinking: /home/rob1/eeng_462/lab4/install/rplidar_ros/share/rplidar_ros/package.dsv\n'}
[0.295215] (slam_toolbox) StdoutLine: {'line': b'[ 62%] Built target slam_toolbox\n'}
[0.298463] (rplidar_ros) StdoutLine: {'line': b'-- Up-to-date symlink: /home/rob1/eeng_462/lab4/install/rplidar_ros/share/ament_index/resource_index/packages/rplidar_ros\n'}
[0.298994] (rplidar_ros) StdoutLine: {'line': b'-- Up-to-date symlink: /home/rob1/eeng_462/lab4/install/rplidar_ros/share/rplidar_ros/cmake/ament_cmake_export_dependencies-extras.cmake\n'}
[0.299186] (rplidar_ros) StdoutLine: {'line': b'-- Up-to-date symlink: /home/rob1/eeng_462/lab4/install/rplidar_ros/share/rplidar_ros/cmake/ament_cmake_export_include_directories-extras.cmake\n'}
[0.299430] (rplidar_ros) StdoutLine: {'line': b'-- Up-to-date symlink: /home/rob1/eeng_462/lab4/install/rplidar_ros/share/rplidar_ros/cmake/rplidar_rosConfig.cmake\n'}
[0.299672] (rplidar_ros) StdoutLine: {'line': b'-- Up-to-date symlink: /home/rob1/eeng_462/lab4/install/rplidar_ros/share/rplidar_ros/cmake/rplidar_rosConfig-version.cmake\n'}
[0.299911] (rplidar_ros) StdoutLine: {'line': b'-- Up-to-date symlink: /home/rob1/eeng_462/lab4/install/rplidar_ros/share/rplidar_ros/package.xml\n'}
[0.300482] (-) TimerEvent: {}
[0.308918] (rplidar_ros) CommandEnded: {'returncode': 0}
[0.316432] (slam_toolbox) StdoutLine: {'line': b'[ 64%] Built target SlamToolboxPlugin\n'}
[0.332503] (slam_toolbox) StdoutLine: {'line': b'[ 66%] Built target ceres_solver_plugin\n'}
[0.345885] (slam_toolbox) StdoutLine: {'line': b'[ 66%] Built target slam_toolbox__py\n'}
[0.363535] (slam_toolbox) StdoutLine: {'line': b'[ 71%] Built target toolbox_common\n'}
[0.364690] (rplidar_ros) JobEnded: {'identifier': 'rplidar_ros', 'rc': 0}
[0.366978] (mecanum_robot) JobStarted: {'identifier': 'mecanum_robot'}
[0.402459] (-) TimerEvent: {}
[0.412741] (slam_toolbox) StdoutLine: {'line': b'[ 79%] Built target slam_toolbox__rosidl_generator_py\n'}
[0.467426] (slam_toolbox) StdoutLine: {'line': b'[ 81%] Built target localization_slam_toolbox\n'}
[0.468020] (slam_toolbox) StdoutLine: {'line': b'[ 82%] Built target sync_slam_toolbox\n'}
[0.474253] (slam_toolbox) StdoutLine: {'line': b'[ 83%] Built target lifelong_slam_toolbox\n'}
[0.486753] (slam_toolbox) StdoutLine: {'line': b'[ 85%] Built target async_slam_toolbox\n'}
[0.502622] (-) TimerEvent: {}
[0.505864] (slam_toolbox) StdoutLine: {'line': b'[ 87%] Built target merge_maps_kinematic\n'}
[0.523265] (slam_toolbox) StdoutLine: {'line': b'[ 88%] Built target slam_toolbox__rosidl_typesupport_fastrtps_c__pyext\n'}
[0.535089] (slam_toolbox) StdoutLine: {'line': b'[ 90%] Built target slam_toolbox__rosidl_typesupport_introspection_c__pyext\n'}
[0.559706] (slam_toolbox) StdoutLine: {'line': b'[ 92%] Built target slam_toolbox__rosidl_typesupport_c__pyext\n'}
[0.578847] (slam_toolbox) StdoutLine: {'line': b'[ 93%] Built target sync_slam_toolbox_node\n'}
[0.600215] (slam_toolbox) StdoutLine: {'line': b'[ 95%] Built target localization_slam_toolbox_node\n'}
[0.602746] (-) TimerEvent: {}
[0.627324] (slam_toolbox) StdoutLine: {'line': b'[ 97%] Built target map_and_localization_slam_toolbox\n'}
[0.627973] (slam_toolbox) StdoutLine: {'line': b'[ 98%] Built target lifelong_slam_toolbox_node\n'}
[0.652954] (slam_toolbox) StdoutLine: {'line': b'[ 99%] Built target async_slam_toolbox_node\n'}
[0.702924] (-) TimerEvent: {}
[0.706441] (slam_toolbox) StdoutLine: {'line': b'[100%] Built target map_and_localization_slam_toolbox_node\n'}
[0.803051] (-) TimerEvent: {}
[0.903533] (slam_toolbox) StdoutLine: {'line': b'running egg_info\n'}
[0.904013] (-) TimerEvent: {}
[0.905172] (slam_toolbox) StdoutLine: {'line': b'writing slam_toolbox.egg-info/PKG-INFO\n'}
[0.905766] (slam_toolbox) StdoutLine: {'line': b'writing dependency_links to slam_toolbox.egg-info/dependency_links.txt\n'}
[0.906208] (slam_toolbox) StdoutLine: {'line': b'writing top-level names to slam_toolbox.egg-info/top_level.txt\n'}
[0.911826] (slam_toolbox) StdoutLine: {'line': b"reading manifest file 'slam_toolbox.egg-info/SOURCES.txt'\n"}
[0.913387] (slam_toolbox) StdoutLine: {'line': b"writing manifest file 'slam_toolbox.egg-info/SOURCES.txt'\n"}
[0.983497] (slam_toolbox) StdoutLine: {'line': b'[100%] Built target ament_cmake_python_build_slam_toolbox_egg\n'}
[1.004206] (-) TimerEvent: {}
[1.085588] (slam_toolbox) CommandEnded: {'returncode': 0}
[1.087361] (slam_toolbox) JobProgress: {'identifier': 'slam_toolbox', 'progress': 'install'}
[1.088422] (slam_toolbox) Command: {'cmd': ['/usr/bin/cmake', '--install', '/home/rob1/eeng_462/lab4/build/slam_toolbox'], 'cwd': '/home/rob1/eeng_462/lab4/build/slam_toolbox', 'env': OrderedDict([('USER', 'rob1'), ('XDG_SEAT', 'seat0'), ('XDG_SESSION_TYPE', 'x11'), ('SHLVL', '1'), ('LD_LIBRARY_PATH', '/home/rob1/eeng_462/lab4/install/slam_toolbox/lib:/home/rob1/eeng_462/lab4/install/openslam_gmapping/lib:/opt/ros/humble/opt/rviz_ogre_vendor/lib:/opt/ros/humble/lib/aarch64-linux-gnu:/opt/ros/humble/lib'), ('HOME', '/home/rob1'), ('OLDPWD', '/home/rob1'), ('LESS', '-R'), ('DESKTOP_SESSION', 'i3'), ('ZSH', '/home/rob1/.oh-my-zsh'), ('LSCOLORS', 'Gxfxcxdxbxegedabagacad'), ('GTK_MODULES', 'gail:atk-bridge'), ('PAGER', 'less'), ('ROS_PYTHON_VERSION', '3'), ('SYSTEMD_EXEC_PID', '1752'), ('DBUS_SESSION_BUS_ADDRESS', 'unix:path=/run/user/1000/bus'), ('COLORTERM', 'truecolor'), ('_colcon_cd_root', '/opt/ros/humble/'), ('ROS_DISTRO', 'humble'), ('COLCON_PREFIX_PATH', '/home/rob1/eeng_462/lab4/install'), ('GTK_IM_MODULE', 'ibus'), ('LOGNAME', 'rob1'), ('_', '/usr/bin/colcon'), ('XDG_SESSION_CLASS', 'user'), ('ROS_VERSION', '2'), ('XDG_SESSION_ID', '2'), ('USERNAME', 'rob1'), ('TERM', 'xterm-256color'), ('ROS_LOCALHOST_ONLY', '0'), ('WINDOWPATH', '2'), ('PATH', '/opt/ros/humble/bin:/home/rob1/.local/bin:/usr/local/sbin:/usr/local/bin:/usr/sbin:/usr/bin:/sbin:/bin:/usr/games:/usr/local/games:/snap/bin:/snap/bin'), ('GNOME_TERMINAL_SCREEN', '/org/gnome/Terminal/screen/307d46ff_7eca_4369_b358_dceae676b14f'), ('XDG_RUNTIME_DIR', '/run/user/1000'), ('DISPLAY', ':1'), ('LANG', 'en_US.UTF-8'), ('XDG_CURRENT_DESKTOP', 'i3'), ('XDG_SESSION_DESKTOP', 'i3'), ('GNOME_TERMINAL_SERVICE', ':1.48'), ('XMODIFIERS', '@im=ibus'), ('XAUTHORITY', '/run/user/1000/gdm/Xauthority'), ('LS_COLORS', 'rs=0:di=01;34:ln=01;36:mh=00:pi=40;33:so=01;35:do=01;35:bd=40;33;01:cd=40;33;01:or=40;31;01:mi=00:su=37;41:sg=30;43:ca=30;41:tw=30;42:ow=34;42:st=37;44:ex=01;32:*.tar=01;31:*.tgz=01;31:*.arc=01;31:*.arj=01;31:*.taz=01;31:*.lha=01;31:*.lz4=01;31:*.lzh=01;31:*.lzma=01;31:*.tlz=01;31:*.txz=01;31:*.tzo=01;31:*.t7z=01;31:*.zip=01;31:*.z=01;31:*.dz=01;31:*.gz=01;31:*.lrz=01;31:*.lz=01;31:*.lzo=01;31:*.xz=01;31:*.zst=01;31:*.tzst=01;31:*.bz2=01;31:*.bz=01;31:*.tbz=01;31:*.tbz2=01;31:*.tz=01;31:*.deb=01;31:*.rpm=01;31:*.jar=01;31:*.war=01;31:*.ear=01;31:*.sar=01;31:*.rar=01;31:*.alz=01;31:*.ace=01;31:*.zoo=01;31:*.cpio=01;31:*.7z=01;31:*.rz=01;31:*.cab=01;31:*.wim=01;31:*.swm=01;31:*.dwm=01;31:*.esd=01;31:*.jpg=01;35:*.jpeg=01;35:*.mjpg=01;35:*.mjpeg=01;35:*.gif=01;35:*.bmp=01;35:*.pbm=01;35:*.pgm=01;35:*.ppm=01;35:*.tga=01;35:*.xbm=01;35:*.xpm=01;35:*.tif=01;35:*.tiff=01;35:*.png=01;35:*.svg=01;35:*.svgz=01;35:*.mng=01;35:*.pcx=01;35:*.mov=01;35:*.mpg=01;35:*.mpeg=01;35:*.m2v=01;35:*.mkv=01;35:*.webm=01;35:*.webp=01;35:*.ogm=01;35:*.mp4=01;35:*.m4v=01;35:*.mp4v=01;35:*.vob=01;35:*.qt=01;35:*.nuv=01;35:*.wmv=01;35:*.asf=01;35:*.rm=01;35:*.rmvb=01;35:*.flc=01;35:*.avi=01;35:*.fli=01;35:*.flv=01;35:*.gl=01;35:*.dl=01;35:*.xcf=01;35:*.xwd=01;35:*.yuv=01;35:*.cgm=01;35:*.emf=01;35:*.ogv=01;35:*.ogx=01;35:*.aac=00;36:*.au=00;36:*.flac=00;36:*.m4a=00;36:*.mid=00;36:*.midi=00;36:*.mka=00;36:*.mp3=00;36:*.mpc=00;36:*.ogg=00;36:*.ra=00;36:*.wav=00;36:*.oga=00;36:*.opus=00;36:*.spx=00;36:*.xspf=00;36:'), ('AMENT_PREFIX_PATH', '/home/rob1/eeng_462/lab4/install/sllidar_ros2:/home/rob1/eeng_462/lab4/install/slam_toolbox:/home/rob1/eeng_462/lab4/install/mecanum_robot:/home/rob1/eeng_462/lab4/install/slam_gmapping:/home/rob1/eeng_462/lab4/install/rplidar_ros:/home/rob1/eeng_462/lab4/install/openslam_gmapping:/opt/ros/humble'), ('ROS_DOMAIN_ID', '101'), ('SHELL', '/usr/bin/zsh'), ('QT_ACCESSIBILITY', '1'), ('GDMSESSION', 'i3'), ('GPG_AGENT_INFO', '/run/user/1000/gnupg/S.gpg-agent:0:1'), ('QT_IM_MODULE', 'ibus'), ('XDG_VTNR', '2'), ('PWD', '/home/rob1/eeng_462/lab4/build/slam_toolbox'), ('XDG_CONFIG_DIRS', '/etc/xdg/xdg-i3:/etc/xdg'), ('XDG_DATA_DIRS', '/usr/share/i3:/usr/share/gnome:/usr/local/share/:/usr/share/:/var/lib/snapd/desktop'), ('CLUTTER_IM_MODULE', 'ibus'), ('PYTHONPATH', '/home/rob1/eeng_462/lab4/install/slam_toolbox/local/lib/python3.10/dist-packages:/home/rob1/eeng_462/lab4/install/mecanum_robot/lib/python3.10/site-packages:/opt/ros/humble/lib/python3.10/site-packages:/opt/ros/humble/local/lib/python3.10/dist-packages'), ('I3SOCK', '/run/user/1000/i3/ipc-socket.1783'), ('COLCON', '1'), ('VTE_VERSION', '6800'), ('CMAKE_PREFIX_PATH', '/home/rob1/eeng_462/lab4/install/sllidar_ros2:/home/rob1/eeng_462/lab4/install/slam_toolbox:/home/rob1/eeng_462/lab4/install/slam_gmapping:/home/rob1/eeng_462/lab4/install/mecanum_robot:/opt/ros/humble:/home/rob1/eeng_462/lab4/install/rplidar_ros:/home/rob1/eeng_462/lab4/install/openslam_gmapping')]), 'shell': False}
[1.104336] (-) TimerEvent: {}
[1.108057] (slam_toolbox) StdoutLine: {'line': b'-- Install configuration: "Release"\n'}
[1.109613] (slam_toolbox) StdoutLine: {'line': b'-- Execute custom install script\n'}
[1.110526] (slam_toolbox) StdoutLine: {'line': b'-- Up-to-date symlink: /home/rob1/eeng_462/lab4/install/slam_toolbox/include//karto_sdk/Karto.h\n'}
[1.110769] (slam_toolbox) StdoutLine: {'line': b'-- Up-to-date symlink: /home/rob1/eeng_462/lab4/install/slam_toolbox/include//karto_sdk/Macros.h\n'}
[1.110999] (slam_toolbox) StdoutLine: {'line': b'-- Up-to-date symlink: /home/rob1/eeng_462/lab4/install/slam_toolbox/include//karto_sdk/Mapper.h\n'}
[1.111231] (slam_toolbox) StdoutLine: {'line': b'-- Up-to-date symlink: /home/rob1/eeng_462/lab4/install/slam_toolbox/include//karto_sdk/Math.h\n'}
[1.111461] (slam_toolbox) StdoutLine: {'line': b'-- Up-to-date symlink: /home/rob1/eeng_462/lab4/install/slam_toolbox/include//karto_sdk/Types.h\n'}
[1.111697] (slam_toolbox) StdoutLine: {'line': b'-- Up-to-date symlink: /home/rob1/eeng_462/lab4/install/slam_toolbox/include//karto_sdk/nanoflann.hpp\n'}
[1.111915] (slam_toolbox) StdoutLine: {'line': b'-- Up-to-date symlink: /home/rob1/eeng_462/lab4/install/slam_toolbox/include//karto_sdk/nanoflann_adaptors.h\n'}
[1.112294] (slam_toolbox) StdoutLine: {'line': b'-- Up-to-date symlink: /home/rob1/eeng_462/lab4/install/slam_toolbox/share/ament_index/resource_index/rosidl_interfaces/slam_toolbox\n'}
[1.113726] (slam_toolbox) StdoutLine: {'line': b'-- Up-to-date symlink: /home/rob1/eeng_462/lab4/install/slam_toolbox/include/slam_toolbox/slam_toolbox/msg/rosidl_generator_c__visibility_control.h\n'}
[1.113975] (slam_toolbox) StdoutLine: {'line': b'-- Up-to-date symlink: /home/rob1/eeng_462/lab4/install/slam_toolbox/include/slam_toolbox/slam_toolbox/srv/add_submap.h\n'}
[1.114285] (slam_toolbox) StdoutLine: {'line': b'-- Up-to-date symlink: /home/rob1/eeng_462/lab4/install/slam_toolbox/include/slam_toolbox/slam_toolbox/srv/clear.h\n'}
[1.114524] (slam_toolbox) StdoutLine: {'line': b'-- Up-to-date symlink: /home/rob1/eeng_462/lab4/install/slam_toolbox/include/slam_toolbox/slam_toolbox/srv/clear_queue.h\n'}
[1.114758] (slam_toolbox) StdoutLine: {'line': b'-- Up-to-date symlink: /home/rob1/eeng_462/lab4/install/slam_toolbox/include/slam_toolbox/slam_toolbox/srv/deserialize_pose_graph.h\n'}
[1.115048] (slam_toolbox) StdoutLine: {'line': b'-- Up-to-date symlink: /home/rob1/eeng_462/lab4/install/slam_toolbox/include/slam_toolbox/slam_toolbox/srv/detail/add_submap__functions.h\n'}
[1.115326] (slam_toolbox) StdoutLine: {'line': b'-- Up-to-date symlink: /home/rob1/eeng_462/lab4/install/slam_toolbox/include/slam_toolbox/slam_toolbox/srv/detail/add_submap__struct.h\n'}
[1.115541] (slam_toolbox) StdoutLine: {'line': b'-- Up-to-date symlink: /home/rob1/eeng_462/lab4/install/slam_toolbox/include/slam_toolbox/slam_toolbox/srv/detail/add_submap__type_support.h\n'}
[1.115751] (slam_toolbox) StdoutLine: {'line': b'-- Up-to-date symlink: /home/rob1/eeng_462/lab4/install/slam_toolbox/include/slam_toolbox/slam_toolbox/srv/detail/clear__functions.h\n'}
[1.115997] (slam_toolbox) StdoutLine: {'line': b'-- Up-to-date symlink: /home/rob1/eeng_462/lab4/install/slam_toolbox/include/slam_toolbox/slam_toolbox/srv/detail/clear__struct.h\n'}
[1.116227] (slam_toolbox) StdoutLine: {'line': b'-- Up-to-date symlink: /home/rob1/eeng_462/lab4/install/slam_toolbox/include/slam_toolbox/slam_toolbox/srv/detail/clear__type_support.h\n'}
[1.116519] (slam_toolbox) StdoutLine: {'line': b'-- Up-to-date symlink: /home/rob1/eeng_462/lab4/install/slam_toolbox/include/slam_toolbox/slam_toolbox/srv/detail/clear_queue__functions.h\n'}
[1.116711] (slam_toolbox) StdoutLine: {'line': b'-- Up-to-date symlink: /home/rob1/eeng_462/lab4/install/slam_toolbox/include/slam_toolbox/slam_toolbox/srv/detail/clear_queue__struct.h\n'}
[1.116912] (slam_toolbox) StdoutLine: {'line': b'-- Up-to-date symlink: /home/rob1/eeng_462/lab4/install/slam_toolbox/include/slam_toolbox/slam_toolbox/srv/detail/clear_queue__type_support.h\n'}
[1.117143] (slam_toolbox) StdoutLine: {'line': b'-- Up-to-date symlink: /home/rob1/eeng_462/lab4/install/slam_toolbox/include/slam_toolbox/slam_toolbox/srv/detail/deserialize_pose_graph__functions.h\n'}
[1.117380] (slam_toolbox) StdoutLine: {'line': b'-- Up-to-date symlink: /home/rob1/eeng_462/lab4/install/slam_toolbox/include/slam_toolbox/slam_toolbox/srv/detail/deserialize_pose_graph__struct.h\n'}
[1.117621] (slam_toolbox) StdoutLine: {'line': b'-- Up-to-date symlink: /home/rob1/eeng_462/lab4/install/slam_toolbox/include/slam_toolbox/slam_toolbox/srv/detail/deserialize_pose_graph__type_support.h\n'}
[1.117859] (slam_toolbox) StdoutLine: {'line': b'-- Up-to-date symlink: /home/rob1/eeng_462/lab4/install/slam_toolbox/include/slam_toolbox/slam_toolbox/srv/detail/loop_closure__functions.h\n'}
[1.118099] (slam_toolbox) StdoutLine: {'line': b'-- Up-to-date symlink: /home/rob1/eeng_462/lab4/install/slam_toolbox/include/slam_toolbox/slam_toolbox/srv/detail/loop_closure__struct.h\n'}
[1.118457] (slam_toolbox) StdoutLine: {'line': b'-- Up-to-date symlink: /home/rob1/eeng_462/lab4/install/slam_toolbox/include/slam_toolbox/slam_toolbox/srv/detail/loop_closure__type_support.h\n'}
[1.118635] (slam_toolbox) StdoutLine: {'line': b'-- Up-to-date symlink: /home/rob1/eeng_462/lab4/install/slam_toolbox/include/slam_toolbox/slam_toolbox/srv/detail/merge_maps__functions.h\n'}
[1.118825] (slam_toolbox) StdoutLine: {'line': b'-- Up-to-date symlink: /home/rob1/eeng_462/lab4/install/slam_toolbox/include/slam_toolbox/slam_toolbox/srv/detail/merge_maps__struct.h\n'}
[1.119059] (slam_toolbox) StdoutLine: {'line': b'-- Up-to-date symlink: /home/rob1/eeng_462/lab4/install/slam_toolbox/include/slam_toolbox/slam_toolbox/srv/detail/merge_maps__type_support.h\n'}
[1.119287] (slam_toolbox) StdoutLine: {'line': b'-- Up-to-date symlink: /home/rob1/eeng_462/lab4/install/slam_toolbox/include/slam_toolbox/slam_toolbox/srv/detail/pause__functions.h\n'}
[1.119517] (slam_toolbox) StdoutLine: {'line': b'-- Up-to-date symlink: /home/rob1/eeng_462/lab4/install/slam_toolbox/include/slam_toolbox/slam_toolbox/srv/detail/pause__struct.h\n'}
[1.119753] (slam_toolbox) StdoutLine: {'line': b'-- Up-to-date symlink: /home/rob1/eeng_462/lab4/install/slam_toolbox/include/slam_toolbox/slam_toolbox/srv/detail/pause__type_support.h\n'}
[1.120024] (slam_toolbox) StdoutLine: {'line': b'-- Up-to-date symlink: /home/rob1/eeng_462/lab4/install/slam_toolbox/include/slam_toolbox/slam_toolbox/srv/detail/save_map__functions.h\n'}
[1.120253] (slam_toolbox) StdoutLine: {'line': b'-- Up-to-date symlink: /home/rob1/eeng_462/lab4/install/slam_toolbox/include/slam_toolbox/slam_toolbox/srv/detail/save_map__struct.h\n'}
[1.120457] (slam_toolbox) StdoutLine: {'line': b'-- Up-to-date symlink: /home/rob1/eeng_462/lab4/install/slam_toolbox/include/slam_toolbox/slam_toolbox/srv/detail/save_map__type_support.h\n'}
[1.120686] (slam_toolbox) StdoutLine: {'line': b'-- Up-to-date symlink: /home/rob1/eeng_462/lab4/install/slam_toolbox/include/slam_toolbox/slam_toolbox/srv/detail/serialize_pose_graph__functions.h\n'}
[1.120934] (slam_toolbox) StdoutLine: {'line': b'-- Up-to-date symlink: /home/rob1/eeng_462/lab4/install/slam_toolbox/include/slam_toolbox/slam_toolbox/srv/detail/serialize_pose_graph__struct.h\n'}
[1.121173] (slam_toolbox) StdoutLine: {'line': b'-- Up-to-date symlink: /home/rob1/eeng_462/lab4/install/slam_toolbox/include/slam_toolbox/slam_toolbox/srv/detail/serialize_pose_graph__type_support.h\n'}
[1.121403] (slam_toolbox) StdoutLine: {'line': b'-- Up-to-date symlink: /home/rob1/eeng_462/lab4/install/slam_toolbox/include/slam_toolbox/slam_toolbox/srv/detail/toggle_interactive__functions.h\n'}
[1.121634] (slam_toolbox) StdoutLine: {'line': b'-- Up-to-date symlink: /home/rob1/eeng_462/lab4/install/slam_toolbox/include/slam_toolbox/slam_toolbox/srv/detail/toggle_interactive__struct.h\n'}
[1.121869] (slam_toolbox) StdoutLine: {'line': b'-- Up-to-date symlink: /home/rob1/eeng_462/lab4/install/slam_toolbox/include/slam_toolbox/slam_toolbox/srv/detail/toggle_interactive__type_support.h\n'}
[1.122099] (slam_toolbox) StdoutLine: {'line': b'-- Up-to-date symlink: /home/rob1/eeng_462/lab4/install/slam_toolbox/include/slam_toolbox/slam_toolbox/srv/loop_closure.h\n'}
[1.122343] (slam_toolbox) StdoutLine: {'line': b'-- Up-to-date symlink: /home/rob1/eeng_462/lab4/install/slam_toolbox/include/slam_toolbox/slam_toolbox/srv/merge_maps.h\n'}
[1.122566] (slam_toolbox) StdoutLine: {'line': b'-- Up-to-date symlink: /home/rob1/eeng_462/lab4/install/slam_toolbox/include/slam_toolbox/slam_toolbox/srv/pause.h\n'}
[1.122792] (slam_toolbox) StdoutLine: {'line': b'-- Up-to-date symlink: /home/rob1/eeng_462/lab4/install/slam_toolbox/include/slam_toolbox/slam_toolbox/srv/save_map.h\n'}
[1.123015] (slam_toolbox) StdoutLine: {'line': b'-- Up-to-date symlink: /home/rob1/eeng_462/lab4/install/slam_toolbox/include/slam_toolbox/slam_toolbox/srv/serialize_pose_graph.h\n'}
[1.123241] (slam_toolbox) StdoutLine: {'line': b'-- Up-to-date symlink: /home/rob1/eeng_462/lab4/install/slam_toolbox/include/slam_toolbox/slam_toolbox/srv/toggle_interactive.h\n'}
[1.123592] (slam_toolbox) StdoutLine: {'line': b'-- Up-to-date symlink: /home/rob1/eeng_462/lab4/install/slam_toolbox/share/slam_toolbox/environment/library_path.sh\n'}
[1.123897] (slam_toolbox) StdoutLine: {'line': b'-- Up-to-date symlink: /home/rob1/eeng_462/lab4/install/slam_toolbox/share/slam_toolbox/environment/library_path.dsv\n'}
[1.125251] (slam_toolbox) StdoutLine: {'line': b'-- Up-to-date symlink: /home/rob1/eeng_462/lab4/install/slam_toolbox/include/slam_toolbox/slam_toolbox/msg/rosidl_typesupport_fastrtps_c__visibility_control.h\n'}
[1.125493] (slam_toolbox) StdoutLine: {'line': b'-- Up-to-date symlink: /home/rob1/eeng_462/lab4/install/slam_toolbox/include/slam_toolbox/slam_toolbox/srv/detail/add_submap__rosidl_typesupport_fastrtps_c.h\n'}
[1.125738] (slam_toolbox) StdoutLine: {'line': b'-- Up-to-date symlink: /home/rob1/eeng_462/lab4/install/slam_toolbox/include/slam_toolbox/slam_toolbox/srv/detail/clear__rosidl_typesupport_fastrtps_c.h\n'}
[1.125982] (slam_toolbox) StdoutLine: {'line': b'-- Up-to-date symlink: /home/rob1/eeng_462/lab4/install/slam_toolbox/include/slam_toolbox/slam_toolbox/srv/detail/clear_queue__rosidl_typesupport_fastrtps_c.h\n'}
[1.126256] (slam_toolbox) StdoutLine: {'line': b'-- Up-to-date symlink: /home/rob1/eeng_462/lab4/install/slam_toolbox/include/slam_toolbox/slam_toolbox/srv/detail/deserialize_pose_graph__rosidl_typesupport_fastrtps_c.h\n'}
[1.126495] (slam_toolbox) StdoutLine: {'line': b'-- Up-to-date symlink: /home/rob1/eeng_462/lab4/install/slam_toolbox/include/slam_toolbox/slam_toolbox/srv/detail/loop_closure__rosidl_typesupport_fastrtps_c.h\n'}
[1.126730] (slam_toolbox) StdoutLine: {'line': b'-- Up-to-date symlink: /home/rob1/eeng_462/lab4/install/slam_toolbox/include/slam_toolbox/slam_toolbox/srv/detail/merge_maps__rosidl_typesupport_fastrtps_c.h\n'}
[1.126963] (slam_toolbox) StdoutLine: {'line': b'-- Up-to-date symlink: /home/rob1/eeng_462/lab4/install/slam_toolbox/include/slam_toolbox/slam_toolbox/srv/detail/pause__rosidl_typesupport_fastrtps_c.h\n'}
[1.127198] (slam_toolbox) StdoutLine: {'line': b'-- Up-to-date symlink: /home/rob1/eeng_462/lab4/install/slam_toolbox/include/slam_toolbox/slam_toolbox/srv/detail/save_map__rosidl_typesupport_fastrtps_c.h\n'}
[1.127436] (slam_toolbox) StdoutLine: {'line': b'-- Up-to-date symlink: /home/rob1/eeng_462/lab4/install/slam_toolbox/include/slam_toolbox/slam_toolbox/srv/detail/serialize_pose_graph__rosidl_typesupport_fastrtps_c.h\n'}
[1.127669] (slam_toolbox) StdoutLine: {'line': b'-- Up-to-date symlink: /home/rob1/eeng_462/lab4/install/slam_toolbox/include/slam_toolbox/slam_toolbox/srv/detail/toggle_interactive__rosidl_typesupport_fastrtps_c.h\n'}
[1.129112] (slam_toolbox) StdoutLine: {'line': b'-- Up-to-date symlink: /home/rob1/eeng_462/lab4/install/slam_toolbox/include/slam_toolbox/slam_toolbox/msg/rosidl_generator_cpp__visibility_control.hpp\n'}
[1.129363] (slam_toolbox) StdoutLine: {'line': b'-- Up-to-date symlink: /home/rob1/eeng_462/lab4/install/slam_toolbox/include/slam_toolbox/slam_toolbox/srv/add_submap.hpp\n'}
[1.129600] (slam_toolbox) StdoutLine: {'line': b'-- Up-to-date symlink: /home/rob1/eeng_462/lab4/install/slam_toolbox/include/slam_toolbox/slam_toolbox/srv/clear.hpp\n'}
[1.129833] (slam_toolbox) StdoutLine: {'line': b'-- Up-to-date symlink: /home/rob1/eeng_462/lab4/install/slam_toolbox/include/slam_toolbox/slam_toolbox/srv/clear_queue.hpp\n'}
[1.130102] (slam_toolbox) StdoutLine: {'line': b'-- Up-to-date symlink: /home/rob1/eeng_462/lab4/install/slam_toolbox/include/slam_toolbox/slam_toolbox/srv/deserialize_pose_graph.hpp\n'}
[1.130386] (slam_toolbox) StdoutLine: {'line': b'-- Up-to-date symlink: /home/rob1/eeng_462/lab4/install/slam_toolbox/include/slam_toolbox/slam_toolbox/srv/detail/add_submap__builder.hpp\n'}
[1.130590] (slam_toolbox) StdoutLine: {'line': b'-- Up-to-date symlink: /home/rob1/eeng_462/lab4/install/slam_toolbox/include/slam_toolbox/slam_toolbox/srv/detail/add_submap__struct.hpp\n'}
[1.130826] (slam_toolbox) StdoutLine: {'line': b'-- Up-to-date symlink: /home/rob1/eeng_462/lab4/install/slam_toolbox/include/slam_toolbox/slam_toolbox/srv/detail/add_submap__traits.hpp\n'}
[1.131061] (slam_toolbox) StdoutLine: {'line': b'-- Up-to-date symlink: /home/rob1/eeng_462/lab4/install/slam_toolbox/include/slam_toolbox/slam_toolbox/srv/detail/add_submap__type_support.hpp\n'}
[1.131298] (slam_toolbox) StdoutLine: {'line': b'-- Up-to-date symlink: /home/rob1/eeng_462/lab4/install/slam_toolbox/include/slam_toolbox/slam_toolbox/srv/detail/clear__builder.hpp\n'}
[1.131514] (slam_toolbox) StdoutLine: {'line': b'-- Up-to-date symlink: /home/rob1/eeng_462/lab4/install/slam_toolbox/include/slam_toolbox/slam_toolbox/srv/detail/clear__struct.hpp\n'}
[1.131759] (slam_toolbox) StdoutLine: {'line': b'-- Up-to-date symlink: /home/rob1/eeng_462/lab4/install/slam_toolbox/include/slam_toolbox/slam_toolbox/srv/detail/clear__traits.hpp\n'}
[1.131991] (slam_toolbox) StdoutLine: {'line': b'-- Up-to-date symlink: /home/rob1/eeng_462/lab4/install/slam_toolbox/include/slam_toolbox/slam_toolbox/srv/detail/clear__type_support.hpp\n'}
[1.132223] (slam_toolbox) StdoutLine: {'line': b'-- Up-to-date symlink: /home/rob1/eeng_462/lab4/install/slam_toolbox/include/slam_toolbox/slam_toolbox/srv/detail/clear_queue__builder.hpp\n'}
[1.132449] (slam_toolbox) StdoutLine: {'line': b'-- Up-to-date symlink: /home/rob1/eeng_462/lab4/install/slam_toolbox/include/slam_toolbox/slam_toolbox/srv/detail/clear_queue__struct.hpp\n'}
[1.132680] (slam_toolbox) StdoutLine: {'line': b'-- Up-to-date symlink: /home/rob1/eeng_462/lab4/install/slam_toolbox/include/slam_toolbox/slam_toolbox/srv/detail/clear_queue__traits.hpp\n'}
[1.132912] (slam_toolbox) StdoutLine: {'line': b'-- Up-to-date symlink: /home/rob1/eeng_462/lab4/install/slam_toolbox/include/slam_toolbox/slam_toolbox/srv/detail/clear_queue__type_support.hpp\n'}
[1.133152] (slam_toolbox) StdoutLine: {'line': b'-- Up-to-date symlink: /home/rob1/eeng_462/lab4/install/slam_toolbox/include/slam_toolbox/slam_toolbox/srv/detail/deserialize_pose_graph__builder.hpp\n'}
[1.133390] (slam_toolbox) StdoutLine: {'line': b'-- Up-to-date symlink: /home/rob1/eeng_462/lab4/install/slam_toolbox/include/slam_toolbox/slam_toolbox/srv/detail/deserialize_pose_graph__struct.hpp\n'}
[1.133623] (slam_toolbox) StdoutLine: {'line': b'-- Up-to-date symlink: /home/rob1/eeng_462/lab4/install/slam_toolbox/include/slam_toolbox/slam_toolbox/srv/detail/deserialize_pose_graph__traits.hpp\n'}
[1.133864] (slam_toolbox) StdoutLine: {'line': b'-- Up-to-date symlink: /home/rob1/eeng_462/lab4/install/slam_toolbox/include/slam_toolbox/slam_toolbox/srv/detail/deserialize_pose_graph__type_support.hpp\n'}
[1.134106] (slam_toolbox) StdoutLine: {'line': b'-- Up-to-date symlink: /home/rob1/eeng_462/lab4/install/slam_toolbox/include/slam_toolbox/slam_toolbox/srv/detail/loop_closure__builder.hpp\n'}
[1.134542] (slam_toolbox) StdoutLine: {'line': b'-- Up-to-date symlink: /home/rob1/eeng_462/lab4/install/slam_toolbox/include/slam_toolbox/slam_toolbox/srv/detail/loop_closure__struct.hpp\n'}
[1.134745] (slam_toolbox) StdoutLine: {'line': b'-- Up-to-date symlink: /home/rob1/eeng_462/lab4/install/slam_toolbox/include/slam_toolbox/slam_toolbox/srv/detail/loop_closure__traits.hpp\n'}
[1.134969] (slam_toolbox) StdoutLine: {'line': b'-- Up-to-date symlink: /home/rob1/eeng_462/lab4/install/slam_toolbox/include/slam_toolbox/slam_toolbox/srv/detail/loop_closure__type_support.hpp\n'}
[1.135201] (slam_toolbox) StdoutLine: {'line': b'-- Up-to-date symlink: /home/rob1/eeng_462/lab4/install/slam_toolbox/include/slam_toolbox/slam_toolbox/srv/detail/merge_maps__builder.hpp\n'}
[1.135433] (slam_toolbox) StdoutLine: {'line': b'-- Up-to-date symlink: /home/rob1/eeng_462/lab4/install/slam_toolbox/include/slam_toolbox/slam_toolbox/srv/detail/merge_maps__struct.hpp\n'}
[1.135662] (slam_toolbox) StdoutLine: {'line': b'-- Up-to-date symlink: /home/rob1/eeng_462/lab4/install/slam_toolbox/include/slam_toolbox/slam_toolbox/srv/detail/merge_maps__traits.hpp\n'}
[1.135895] (slam_toolbox) StdoutLine: {'line': b'-- Up-to-date symlink: /home/rob1/eeng_462/lab4/install/slam_toolbox/include/slam_toolbox/slam_toolbox/srv/detail/merge_maps__type_support.hpp\n'}
[1.136132] (slam_toolbox) StdoutLine: {'line': b'-- Up-to-date symlink: /home/rob1/eeng_462/lab4/install/slam_toolbox/include/slam_toolbox/slam_toolbox/srv/detail/pause__builder.hpp\n'}
[1.136359] (slam_toolbox) StdoutLine: {'line': b'-- Up-to-date symlink: /home/rob1/eeng_462/lab4/install/slam_toolbox/include/slam_toolbox/slam_toolbox/srv/detail/pause__struct.hpp\n'}
[1.136588] (slam_toolbox) StdoutLine: {'line': b'-- Up-to-date symlink: /home/rob1/eeng_462/lab4/install/slam_toolbox/include/slam_toolbox/slam_toolbox/srv/detail/pause__traits.hpp\n'}
[1.136816] (slam_toolbox) StdoutLine: {'line': b'-- Up-to-date symlink: /home/rob1/eeng_462/lab4/install/slam_toolbox/include/slam_toolbox/slam_toolbox/srv/detail/pause__type_support.hpp\n'}
[1.137048] (slam_toolbox) StdoutLine: {'line': b'-- Up-to-date symlink: /home/rob1/eeng_462/lab4/install/slam_toolbox/include/slam_toolbox/slam_toolbox/srv/detail/save_map__builder.hpp\n'}
[1.137275] (slam_toolbox) StdoutLine: {'line': b'-- Up-to-date symlink: /home/rob1/eeng_462/lab4/install/slam_toolbox/include/slam_toolbox/slam_toolbox/srv/detail/save_map__struct.hpp\n'}
[1.137505] (slam_toolbox) StdoutLine: {'line': b'-- Up-to-date symlink: /home/rob1/eeng_462/lab4/install/slam_toolbox/include/slam_toolbox/slam_toolbox/srv/detail/save_map__traits.hpp\n'}
[1.137740] (slam_toolbox) StdoutLine: {'line': b'-- Up-to-date symlink: /home/rob1/eeng_462/lab4/install/slam_toolbox/include/slam_toolbox/slam_toolbox/srv/detail/save_map__type_support.hpp\n'}
[1.137976] (slam_toolbox) StdoutLine: {'line': b'-- Up-to-date symlink: /home/rob1/eeng_462/lab4/install/slam_toolbox/include/slam_toolbox/slam_toolbox/srv/detail/serialize_pose_graph__builder.hpp\n'}
[1.138257] (slam_toolbox) StdoutLine: {'line': b'-- Up-to-date symlink: /home/rob1/eeng_462/lab4/install/slam_toolbox/include/slam_toolbox/slam_toolbox/srv/detail/serialize_pose_graph__struct.hpp\n'}
[1.138473] (slam_toolbox) StdoutLine: {'line': b'-- Up-to-date symlink: /home/rob1/eeng_462/lab4/install/slam_toolbox/include/slam_toolbox/slam_toolbox/srv/detail/serialize_pose_graph__traits.hpp\n'}
[1.138702] (slam_toolbox) StdoutLine: {'line': b'-- Up-to-date symlink: /home/rob1/eeng_462/lab4/install/slam_toolbox/include/slam_toolbox/slam_toolbox/srv/detail/serialize_pose_graph__type_support.hpp\n'}
[1.138929] (slam_toolbox) StdoutLine: {'line': b'-- Up-to-date symlink: /home/rob1/eeng_462/lab4/install/slam_toolbox/include/slam_toolbox/slam_toolbox/srv/detail/toggle_interactive__builder.hpp\n'}
[1.139164] (slam_toolbox) StdoutLine: {'line': b'-- Up-to-date symlink: /home/rob1/eeng_462/lab4/install/slam_toolbox/include/slam_toolbox/slam_toolbox/srv/detail/toggle_interactive__struct.hpp\n'}
[1.139397] (slam_toolbox) StdoutLine: {'line': b'-- Up-to-date symlink: /home/rob1/eeng_462/lab4/install/slam_toolbox/include/slam_toolbox/slam_toolbox/srv/detail/toggle_interactive__traits.hpp\n'}
[1.139633] (slam_toolbox) StdoutLine: {'line': b'-- Up-to-date symlink: /home/rob1/eeng_462/lab4/install/slam_toolbox/include/slam_toolbox/slam_toolbox/srv/detail/toggle_interactive__type_support.hpp\n'}
[1.139878] (slam_toolbox) StdoutLine: {'line': b'-- Up-to-date symlink: /home/rob1/eeng_462/lab4/install/slam_toolbox/include/slam_toolbox/slam_toolbox/srv/loop_closure.hpp\n'}
[1.140103] (slam_toolbox) StdoutLine: {'line': b'-- Up-to-date symlink: /home/rob1/eeng_462/lab4/install/slam_toolbox/include/slam_toolbox/slam_toolbox/srv/merge_maps.hpp\n'}
[1.140326] (slam_toolbox) StdoutLine: {'line': b'-- Up-to-date symlink: /home/rob1/eeng_462/lab4/install/slam_toolbox/include/slam_toolbox/slam_toolbox/srv/pause.hpp\n'}
[1.140546] (slam_toolbox) StdoutLine: {'line': b'-- Up-to-date symlink: /home/rob1/eeng_462/lab4/install/slam_toolbox/include/slam_toolbox/slam_toolbox/srv/save_map.hpp\n'}
[1.140771] (slam_toolbox) StdoutLine: {'line': b'-- Up-to-date symlink: /home/rob1/eeng_462/lab4/install/slam_toolbox/include/slam_toolbox/slam_toolbox/srv/serialize_pose_graph.hpp\n'}
[1.140993] (slam_toolbox) StdoutLine: {'line': b'-- Up-to-date symlink: /home/rob1/eeng_462/lab4/install/slam_toolbox/include/slam_toolbox/slam_toolbox/srv/toggle_interactive.hpp\n'}
[1.142543] (slam_toolbox) StdoutLine: {'line': b'-- Up-to-date symlink: /home/rob1/eeng_462/lab4/install/slam_toolbox/include/slam_toolbox/slam_toolbox/msg/rosidl_typesupport_fastrtps_cpp__visibility_control.h\n'}
[1.142765] (slam_toolbox) StdoutLine: {'line': b'-- Up-to-date symlink: /home/rob1/eeng_462/lab4/install/slam_toolbox/include/slam_toolbox/slam_toolbox/srv/detail/add_submap__rosidl_typesupport_fastrtps_cpp.hpp\n'}
[1.143006] (slam_toolbox) StdoutLine: {'line': b'-- Up-to-date symlink: /home/rob1/eeng_462/lab4/install/slam_toolbox/include/slam_toolbox/slam_toolbox/srv/detail/clear__rosidl_typesupport_fastrtps_cpp.hpp\n'}
[1.143258] (slam_toolbox) StdoutLine: {'line': b'-- Up-to-date symlink: /home/rob1/eeng_462/lab4/install/slam_toolbox/include/slam_toolbox/slam_toolbox/srv/detail/clear_queue__rosidl_typesupport_fastrtps_cpp.hpp\n'}
[1.143505] (slam_toolbox) StdoutLine: {'line': b'-- Up-to-date symlink: /home/rob1/eeng_462/lab4/install/slam_toolbox/include/slam_toolbox/slam_toolbox/srv/detail/deserialize_pose_graph__rosidl_typesupport_fastrtps_cpp.hpp\n'}
[1.143742] (slam_toolbox) StdoutLine: {'line': b'-- Up-to-date symlink: /home/rob1/eeng_462/lab4/install/slam_toolbox/include/slam_toolbox/slam_toolbox/srv/detail/loop_closure__rosidl_typesupport_fastrtps_cpp.hpp\n'}
[1.143981] (slam_toolbox) StdoutLine: {'line': b'-- Up-to-date symlink: /home/rob1/eeng_462/lab4/install/slam_toolbox/include/slam_toolbox/slam_toolbox/srv/detail/merge_maps__rosidl_typesupport_fastrtps_cpp.hpp\n'}
[1.144215] (slam_toolbox) StdoutLine: {'line': b'-- Up-to-date symlink: /home/rob1/eeng_462/lab4/install/slam_toolbox/include/slam_toolbox/slam_toolbox/srv/detail/pause__rosidl_typesupport_fastrtps_cpp.hpp\n'}
[1.144456] (slam_toolbox) StdoutLine: {'line': b'-- Up-to-date symlink: /home/rob1/eeng_462/lab4/install/slam_toolbox/include/slam_toolbox/slam_toolbox/srv/detail/save_map__rosidl_typesupport_fastrtps_cpp.hpp\n'}
[1.144690] (slam_toolbox) StdoutLine: {'line': b'-- Up-to-date symlink: /home/rob1/eeng_462/lab4/install/slam_toolbox/include/slam_toolbox/slam_toolbox/srv/detail/serialize_pose_graph__rosidl_typesupport_fastrtps_cpp.hpp\n'}
[1.144928] (slam_toolbox) StdoutLine: {'line': b'-- Up-to-date symlink: /home/rob1/eeng_462/lab4/install/slam_toolbox/include/slam_toolbox/slam_toolbox/srv/detail/toggle_interactive__rosidl_typesupport_fastrtps_cpp.hpp\n'}
[1.145853] (slam_toolbox) StdoutLine: {'line': b'-- Up-to-date symlink: /home/rob1/eeng_462/lab4/install/slam_toolbox/include/slam_toolbox/slam_toolbox/msg/rosidl_typesupport_introspection_c__visibility_control.h\n'}
[1.146098] (slam_toolbox) StdoutLine: {'line': b'-- Up-to-date symlink: /home/rob1/eeng_462/lab4/install/slam_toolbox/include/slam_toolbox/slam_toolbox/srv/detail/add_submap__rosidl_typesupport_introspection_c.h\n'}
[1.146369] (slam_toolbox) StdoutLine: {'line': b'-- Up-to-date symlink: /home/rob1/eeng_462/lab4/install/slam_toolbox/include/slam_toolbox/slam_toolbox/srv/detail/clear__rosidl_typesupport_introspection_c.h\n'}
[1.146609] (slam_toolbox) StdoutLine: {'line': b'-- Up-to-date symlink: /home/rob1/eeng_462/lab4/install/slam_toolbox/include/slam_toolbox/slam_toolbox/srv/detail/clear_queue__rosidl_typesupport_introspection_c.h\n'}
[1.146846] (slam_toolbox) StdoutLine: {'line': b'-- Up-to-date symlink: /home/rob1/eeng_462/lab4/install/slam_toolbox/include/slam_toolbox/slam_toolbox/srv/detail/deserialize_pose_graph__rosidl_typesupport_introspection_c.h\n'}
[1.147082] (slam_toolbox) StdoutLine: {'line': b'-- Up-to-date symlink: /home/rob1/eeng_462/lab4/install/slam_toolbox/include/slam_toolbox/slam_toolbox/srv/detail/loop_closure__rosidl_typesupport_introspection_c.h\n'}
[1.147317] (slam_toolbox) StdoutLine: {'line': b'-- Up-to-date symlink: /home/rob1/eeng_462/lab4/install/slam_toolbox/include/slam_toolbox/slam_toolbox/srv/detail/merge_maps__rosidl_typesupport_introspection_c.h\n'}
[1.147557] (slam_toolbox) StdoutLine: {'line': b'-- Up-to-date symlink: /home/rob1/eeng_462/lab4/install/slam_toolbox/include/slam_toolbox/slam_toolbox/srv/detail/pause__rosidl_typesupport_introspection_c.h\n'}
[1.147800] (slam_toolbox) StdoutLine: {'line': b'-- Up-to-date symlink: /home/rob1/eeng_462/lab4/install/slam_toolbox/include/slam_toolbox/slam_toolbox/srv/detail/save_map__rosidl_typesupport_introspection_c.h\n'}
[1.148037] (slam_toolbox) StdoutLine: {'line': b'-- Up-to-date symlink: /home/rob1/eeng_462/lab4/install/slam_toolbox/include/slam_toolbox/slam_toolbox/srv/detail/serialize_pose_graph__rosidl_typesupport_introspection_c.h\n'}
[1.148273] (slam_toolbox) StdoutLine: {'line': b'-- Up-to-date symlink: /home/rob1/eeng_462/lab4/install/slam_toolbox/include/slam_toolbox/slam_toolbox/srv/detail/toggle_interactive__rosidl_typesupport_introspection_c.h\n'}
[1.149147] (slam_toolbox) StdoutLine: {'line': b'-- Up-to-date symlink: /home/rob1/eeng_462/lab4/install/slam_toolbox/include/slam_toolbox/slam_toolbox/srv/detail/add_submap__rosidl_typesupport_introspection_cpp.hpp\n'}
[1.149388] (slam_toolbox) StdoutLine: {'line': b'-- Up-to-date symlink: /home/rob1/eeng_462/lab4/install/slam_toolbox/include/slam_toolbox/slam_toolbox/srv/detail/clear__rosidl_typesupport_introspection_cpp.hpp\n'}
[1.149632] (slam_toolbox) StdoutLine: {'line': b'-- Up-to-date symlink: /home/rob1/eeng_462/lab4/install/slam_toolbox/include/slam_toolbox/slam_toolbox/srv/detail/clear_queue__rosidl_typesupport_introspection_cpp.hpp\n'}
[1.149895] (slam_toolbox) StdoutLine: {'line': b'-- Up-to-date symlink: /home/rob1/eeng_462/lab4/install/slam_toolbox/include/slam_toolbox/slam_toolbox/srv/detail/deserialize_pose_graph__rosidl_typesupport_introspection_cpp.hpp\n'}
[1.150199] (slam_toolbox) StdoutLine: {'line': b'-- Up-to-date symlink: /home/rob1/eeng_462/lab4/install/slam_toolbox/include/slam_toolbox/slam_toolbox/srv/detail/loop_closure__rosidl_typesupport_introspection_cpp.hpp\n'}
[1.150409] (slam_toolbox) StdoutLine: {'line': b'-- Up-to-date symlink: /home/rob1/eeng_462/lab4/install/slam_toolbox/include/slam_toolbox/slam_toolbox/srv/detail/merge_maps__rosidl_typesupport_introspection_cpp.hpp\n'}
[1.150634] (slam_toolbox) StdoutLine: {'line': b'-- Up-to-date symlink: /home/rob1/eeng_462/lab4/install/slam_toolbox/include/slam_toolbox/slam_toolbox/srv/detail/pause__rosidl_typesupport_introspection_cpp.hpp\n'}
[1.150870] (slam_toolbox) StdoutLine: {'line': b'-- Up-to-date symlink: /home/rob1/eeng_462/lab4/install/slam_toolbox/include/slam_toolbox/slam_toolbox/srv/detail/save_map__rosidl_typesupport_introspection_cpp.hpp\n'}
[1.151110] (slam_toolbox) StdoutLine: {'line': b'-- Up-to-date symlink: /home/rob1/eeng_462/lab4/install/slam_toolbox/include/slam_toolbox/slam_toolbox/srv/detail/serialize_pose_graph__rosidl_typesupport_introspection_cpp.hpp\n'}
[1.151344] (slam_toolbox) StdoutLine: {'line': b'-- Up-to-date symlink: /home/rob1/eeng_462/lab4/install/slam_toolbox/include/slam_toolbox/slam_toolbox/srv/detail/toggle_interactive__rosidl_typesupport_introspection_cpp.hpp\n'}
[1.151664] (slam_toolbox) StdoutLine: {'line': b'-- Up-to-date symlink: /home/rob1/eeng_462/lab4/install/slam_toolbox/share/slam_toolbox/environment/pythonpath.sh\n'}
[1.151975] (slam_toolbox) StdoutLine: {'line': b'-- Up-to-date symlink: /home/rob1/eeng_462/lab4/install/slam_toolbox/share/slam_toolbox/environment/pythonpath.dsv\n'}
[1.152581] (slam_toolbox) StdoutLine: {'line': b'-- Up-to-date symlink: /home/rob1/eeng_462/lab4/install/slam_toolbox/local/lib/python3.10/dist-packages/slam_toolbox-2.6.10-py3.10.egg-info/PKG-INFO\n'}
[1.152824] (slam_toolbox) StdoutLine: {'line': b'-- Up-to-date symlink: /home/rob1/eeng_462/lab4/install/slam_toolbox/local/lib/python3.10/dist-packages/slam_toolbox-2.6.10-py3.10.egg-info/SOURCES.txt\n'}
[1.153059] (slam_toolbox) StdoutLine: {'line': b'-- Up-to-date symlink: /home/rob1/eeng_462/lab4/install/slam_toolbox/local/lib/python3.10/dist-packages/slam_toolbox-2.6.10-py3.10.egg-info/dependency_links.txt\n'}
[1.153288] (slam_toolbox) StdoutLine: {'line': b'-- Up-to-date symlink: /home/rob1/eeng_462/lab4/install/slam_toolbox/local/lib/python3.10/dist-packages/slam_toolbox-2.6.10-py3.10.egg-info/top_level.txt\n'}
[1.154906] (slam_toolbox) StdoutLine: {'line': b'-- Up-to-date symlink: /home/rob1/eeng_462/lab4/install/slam_toolbox/local/lib/python3.10/dist-packages/slam_toolbox/__init__.py\n'}
[1.155146] (slam_toolbox) StdoutLine: {'line': b'-- Up-to-date symlink: /home/rob1/eeng_462/lab4/install/slam_toolbox/local/lib/python3.10/dist-packages/slam_toolbox/_slam_toolbox_s.ep.rosidl_typesupport_c.c\n'}
[1.155384] (slam_toolbox) StdoutLine: {'line': b'-- Up-to-date symlink: /home/rob1/eeng_462/lab4/install/slam_toolbox/local/lib/python3.10/dist-packages/slam_toolbox/_slam_toolbox_s.ep.rosidl_typesupport_fastrtps_c.c\n'}
[1.155620] (slam_toolbox) StdoutLine: {'line': b'-- Up-to-date symlink: /home/rob1/eeng_462/lab4/install/slam_toolbox/local/lib/python3.10/dist-packages/slam_toolbox/_slam_toolbox_s.ep.rosidl_typesupport_introspection_c.c\n'}
[1.155851] (slam_toolbox) StdoutLine: {'line': b'-- Up-to-date symlink: /home/rob1/eeng_462/lab4/install/slam_toolbox/local/lib/python3.10/dist-packages/slam_toolbox/libslam_toolbox__rosidl_generator_py.so\n'}
[1.156086] (slam_toolbox) StdoutLine: {'line': b'-- Up-to-date symlink: /home/rob1/eeng_462/lab4/install/slam_toolbox/local/lib/python3.10/dist-packages/slam_toolbox/slam_toolbox_s__rosidl_typesupport_c.cpython-310-aarch64-linux-gnu.so\n'}
[1.156313] (slam_toolbox) StdoutLine: {'line': b'-- Up-to-date symlink: /home/rob1/eeng_462/lab4/install/slam_toolbox/local/lib/python3.10/dist-packages/slam_toolbox/slam_toolbox_s__rosidl_typesupport_fastrtps_c.cpython-310-aarch64-linux-gnu.so\n'}
[1.156546] (slam_toolbox) StdoutLine: {'line': b'-- Up-to-date symlink: /home/rob1/eeng_462/lab4/install/slam_toolbox/local/lib/python3.10/dist-packages/slam_toolbox/slam_toolbox_s__rosidl_typesupport_introspection_c.cpython-310-aarch64-linux-gnu.so\n'}
[1.156782] (slam_toolbox) StdoutLine: {'line': b'-- Up-to-date symlink: /home/rob1/eeng_462/lab4/install/slam_toolbox/local/lib/python3.10/dist-packages/slam_toolbox/srv/__init__.py\n'}
[1.157012] (slam_toolbox) StdoutLine: {'line': b'-- Up-to-date symlink: /home/rob1/eeng_462/lab4/install/slam_toolbox/local/lib/python3.10/dist-packages/slam_toolbox/srv/_add_submap.py\n'}
[1.157245] (slam_toolbox) StdoutLine: {'line': b'-- Up-to-date symlink: /home/rob1/eeng_462/lab4/install/slam_toolbox/local/lib/python3.10/dist-packages/slam_toolbox/srv/_add_submap_s.c\n'}
[1.157477] (slam_toolbox) StdoutLine: {'line': b'-- Up-to-date symlink: /home/rob1/eeng_462/lab4/install/slam_toolbox/local/lib/python3.10/dist-packages/slam_toolbox/srv/_clear.py\n'}
[1.157708] (slam_toolbox) StdoutLine: {'line': b'-- Up-to-date symlink: /home/rob1/eeng_462/lab4/install/slam_toolbox/local/lib/python3.10/dist-packages/slam_toolbox/srv/_clear_queue.py\n'}
[1.157938] (slam_toolbox) StdoutLine: {'line': b'-- Up-to-date symlink: /home/rob1/eeng_462/lab4/install/slam_toolbox/local/lib/python3.10/dist-packages/slam_toolbox/srv/_clear_queue_s.c\n'}
[1.158182] (slam_toolbox) StdoutLine: {'line': b'-- Up-to-date symlink: /home/rob1/eeng_462/lab4/install/slam_toolbox/local/lib/python3.10/dist-packages/slam_toolbox/srv/_clear_s.c\n'}
[1.158423] (slam_toolbox) StdoutLine: {'line': b'-- Up-to-date symlink: /home/rob1/eeng_462/lab4/install/slam_toolbox/local/lib/python3.10/dist-packages/slam_toolbox/srv/_deserialize_pose_graph.py\n'}
[1.158649] (slam_toolbox) StdoutLine: {'line': b'-- Up-to-date symlink: /home/rob1/eeng_462/lab4/install/slam_toolbox/local/lib/python3.10/dist-packages/slam_toolbox/srv/_deserialize_pose_graph_s.c\n'}
[1.158876] (slam_toolbox) StdoutLine: {'line': b'-- Up-to-date symlink: /home/rob1/eeng_462/lab4/install/slam_toolbox/local/lib/python3.10/dist-packages/slam_toolbox/srv/_loop_closure.py\n'}
[1.159122] (slam_toolbox) StdoutLine: {'line': b'-- Up-to-date symlink: /home/rob1/eeng_462/lab4/install/slam_toolbox/local/lib/python3.10/dist-packages/slam_toolbox/srv/_loop_closure_s.c\n'}
[1.159360] (slam_toolbox) StdoutLine: {'line': b'-- Up-to-date symlink: /home/rob1/eeng_462/lab4/install/slam_toolbox/local/lib/python3.10/dist-packages/slam_toolbox/srv/_merge_maps.py\n'}
[1.159590] (slam_toolbox) StdoutLine: {'line': b'-- Up-to-date symlink: /home/rob1/eeng_462/lab4/install/slam_toolbox/local/lib/python3.10/dist-packages/slam_toolbox/srv/_merge_maps_s.c\n'}
[1.159821] (slam_toolbox) StdoutLine: {'line': b'-- Up-to-date symlink: /home/rob1/eeng_462/lab4/install/slam_toolbox/local/lib/python3.10/dist-packages/slam_toolbox/srv/_pause.py\n'}
[1.160052] (slam_toolbox) StdoutLine: {'line': b'-- Up-to-date symlink: /home/rob1/eeng_462/lab4/install/slam_toolbox/local/lib/python3.10/dist-packages/slam_toolbox/srv/_pause_s.c\n'}
[1.160285] (slam_toolbox) StdoutLine: {'line': b'-- Up-to-date symlink: /home/rob1/eeng_462/lab4/install/slam_toolbox/local/lib/python3.10/dist-packages/slam_toolbox/srv/_save_map.py\n'}
[1.160508] (slam_toolbox) StdoutLine: {'line': b'-- Up-to-date symlink: /home/rob1/eeng_462/lab4/install/slam_toolbox/local/lib/python3.10/dist-packages/slam_toolbox/srv/_save_map_s.c\n'}
[1.160738] (slam_toolbox) StdoutLine: {'line': b'-- Up-to-date symlink: /home/rob1/eeng_462/lab4/install/slam_toolbox/local/lib/python3.10/dist-packages/slam_toolbox/srv/_serialize_pose_graph.py\n'}
[1.161008] (slam_toolbox) StdoutLine: {'line': b'-- Up-to-date symlink: /home/rob1/eeng_462/lab4/install/slam_toolbox/local/lib/python3.10/dist-packages/slam_toolbox/srv/_serialize_pose_graph_s.c\n'}
[1.161250] (slam_toolbox) StdoutLine: {'line': b'-- Up-to-date symlink: /home/rob1/eeng_462/lab4/install/slam_toolbox/local/lib/python3.10/dist-packages/slam_toolbox/srv/_toggle_interactive.py\n'}
[1.161472] (slam_toolbox) StdoutLine: {'line': b'-- Up-to-date symlink: /home/rob1/eeng_462/lab4/install/slam_toolbox/local/lib/python3.10/dist-packages/slam_toolbox/srv/_toggle_interactive_s.c\n'}
[1.161977] (slam_toolbox) StdoutLine: {'line': b'-- Up-to-date symlink: /home/rob1/eeng_462/lab4/install/slam_toolbox/local/lib/python3.10/dist-packages/slam_toolbox/slam_toolbox_s__rosidl_typesupport_fastrtps_c.cpython-310-aarch64-linux-gnu.so\n'}
[1.162489] (slam_toolbox) StdoutLine: {'line': b'-- Up-to-date symlink: /home/rob1/eeng_462/lab4/install/slam_toolbox/local/lib/python3.10/dist-packages/slam_toolbox/slam_toolbox_s__rosidl_typesupport_introspection_c.cpython-310-aarch64-linux-gnu.so\n'}
[1.162992] (slam_toolbox) StdoutLine: {'line': b'-- Up-to-date symlink: /home/rob1/eeng_462/lab4/install/slam_toolbox/local/lib/python3.10/dist-packages/slam_toolbox/slam_toolbox_s__rosidl_typesupport_c.cpython-310-aarch64-linux-gnu.so\n'}
[1.163322] (slam_toolbox) StdoutLine: {'line': b'-- Up-to-date symlink: /home/rob1/eeng_462/lab4/install/slam_toolbox/share/slam_toolbox/srv/Pause.idl\n'}
[1.163644] (slam_toolbox) StdoutLine: {'line': b'-- Up-to-date symlink: /home/rob1/eeng_462/lab4/install/slam_toolbox/share/slam_toolbox/srv/ClearQueue.idl\n'}
[1.163963] (slam_toolbox) StdoutLine: {'line': b'-- Up-to-date symlink: /home/rob1/eeng_462/lab4/install/slam_toolbox/share/slam_toolbox/srv/ToggleInteractive.idl\n'}
[1.164277] (slam_toolbox) StdoutLine: {'line': b'-- Up-to-date symlink: /home/rob1/eeng_462/lab4/install/slam_toolbox/share/slam_toolbox/srv/Clear.idl\n'}
[1.164587] (slam_toolbox) StdoutLine: {'line': b'-- Up-to-date symlink: /home/rob1/eeng_462/lab4/install/slam_toolbox/share/slam_toolbox/srv/SaveMap.idl\n'}
[1.164894] (slam_toolbox) StdoutLine: {'line': b'-- Up-to-date symlink: /home/rob1/eeng_462/lab4/install/slam_toolbox/share/slam_toolbox/srv/LoopClosure.idl\n'}
[1.165198] (slam_toolbox) StdoutLine: {'line': b'-- Up-to-date symlink: /home/rob1/eeng_462/lab4/install/slam_toolbox/share/slam_toolbox/srv/MergeMaps.idl\n'}
[1.165503] (slam_toolbox) StdoutLine: {'line': b'-- Up-to-date symlink: /home/rob1/eeng_462/lab4/install/slam_toolbox/share/slam_toolbox/srv/AddSubmap.idl\n'}
[1.165810] (slam_toolbox) StdoutLine: {'line': b'-- Up-to-date symlink: /home/rob1/eeng_462/lab4/install/slam_toolbox/share/slam_toolbox/srv/DeserializePoseGraph.idl\n'}
[1.166117] (slam_toolbox) StdoutLine: {'line': b'-- Up-to-date symlink: /home/rob1/eeng_462/lab4/install/slam_toolbox/share/slam_toolbox/srv/SerializePoseGraph.idl\n'}
[1.166477] (slam_toolbox) StdoutLine: {'line': b'-- Up-to-date symlink: /home/rob1/eeng_462/lab4/install/slam_toolbox/share/slam_toolbox/srv/Pause.srv\n'}
[1.166780] (slam_toolbox) StdoutLine: {'line': b'-- Up-to-date symlink: /home/rob1/eeng_462/lab4/install/slam_toolbox/share/slam_toolbox/srv/Pause_Request.msg\n'}
[1.167076] (slam_toolbox) StdoutLine: {'line': b'-- Up-to-date symlink: /home/rob1/eeng_462/lab4/install/slam_toolbox/share/slam_toolbox/srv/Pause_Response.msg\n'}
[1.167374] (slam_toolbox) StdoutLine: {'line': b'-- Up-to-date symlink: /home/rob1/eeng_462/lab4/install/slam_toolbox/share/slam_toolbox/srv/ClearQueue.srv\n'}
[1.167674] (slam_toolbox) StdoutLine: {'line': b'-- Up-to-date symlink: /home/rob1/eeng_462/lab4/install/slam_toolbox/share/slam_toolbox/srv/ClearQueue_Request.msg\n'}
[1.167973] (slam_toolbox) StdoutLine: {'line': b'-- Up-to-date symlink: /home/rob1/eeng_462/lab4/install/slam_toolbox/share/slam_toolbox/srv/ClearQueue_Response.msg\n'}
[1.168268] (slam_toolbox) StdoutLine: {'line': b'-- Up-to-date symlink: /home/rob1/eeng_462/lab4/install/slam_toolbox/share/slam_toolbox/srv/ToggleInteractive.srv\n'}
[1.168565] (slam_toolbox) StdoutLine: {'line': b'-- Up-to-date symlink: /home/rob1/eeng_462/lab4/install/slam_toolbox/share/slam_toolbox/srv/ToggleInteractive_Request.msg\n'}
[1.168863] (slam_toolbox) StdoutLine: {'line': b'-- Up-to-date symlink: /home/rob1/eeng_462/lab4/install/slam_toolbox/share/slam_toolbox/srv/ToggleInteractive_Response.msg\n'}
[1.169152] (slam_toolbox) StdoutLine: {'line': b'-- Up-to-date symlink: /home/rob1/eeng_462/lab4/install/slam_toolbox/share/slam_toolbox/srv/Clear.srv\n'}
[1.169450] (slam_toolbox) StdoutLine: {'line': b'-- Up-to-date symlink: /home/rob1/eeng_462/lab4/install/slam_toolbox/share/slam_toolbox/srv/Clear_Request.msg\n'}
[1.169746] (slam_toolbox) StdoutLine: {'line': b'-- Up-to-date symlink: /home/rob1/eeng_462/lab4/install/slam_toolbox/share/slam_toolbox/srv/Clear_Response.msg\n'}
[1.170040] (slam_toolbox) StdoutLine: {'line': b'-- Up-to-date symlink: /home/rob1/eeng_462/lab4/install/slam_toolbox/share/slam_toolbox/srv/SaveMap.srv\n'}
[1.170356] (slam_toolbox) StdoutLine: {'line': b'-- Up-to-date symlink: /home/rob1/eeng_462/lab4/install/slam_toolbox/share/slam_toolbox/srv/SaveMap_Request.msg\n'}
[1.170654] (slam_toolbox) StdoutLine: {'line': b'-- Up-to-date symlink: /home/rob1/eeng_462/lab4/install/slam_toolbox/share/slam_toolbox/srv/SaveMap_Response.msg\n'}
[1.170952] (slam_toolbox) StdoutLine: {'line': b'-- Up-to-date symlink: /home/rob1/eeng_462/lab4/install/slam_toolbox/share/slam_toolbox/srv/LoopClosure.srv\n'}
[1.171289] (slam_toolbox) StdoutLine: {'line': b'-- Up-to-date symlink: /home/rob1/eeng_462/lab4/install/slam_toolbox/share/slam_toolbox/srv/LoopClosure_Request.msg\n'}
[1.171570] (slam_toolbox) StdoutLine: {'line': b'-- Up-to-date symlink: /home/rob1/eeng_462/lab4/install/slam_toolbox/share/slam_toolbox/srv/LoopClosure_Response.msg\n'}
[1.171854] (slam_toolbox) StdoutLine: {'line': b'-- Up-to-date symlink: /home/rob1/eeng_462/lab4/install/slam_toolbox/share/slam_toolbox/srv/MergeMaps.srv\n'}
[1.172151] (slam_toolbox) StdoutLine: {'line': b'-- Up-to-date symlink: /home/rob1/eeng_462/lab4/install/slam_toolbox/share/slam_toolbox/srv/MergeMaps_Request.msg\n'}
[1.172446] (slam_toolbox) StdoutLine: {'line': b'-- Up-to-date symlink: /home/rob1/eeng_462/lab4/install/slam_toolbox/share/slam_toolbox/srv/MergeMaps_Response.msg\n'}
[1.172735] (slam_toolbox) StdoutLine: {'line': b'-- Up-to-date symlink: /home/rob1/eeng_462/lab4/install/slam_toolbox/share/slam_toolbox/srv/AddSubmap.srv\n'}
[1.173032] (slam_toolbox) StdoutLine: {'line': b'-- Up-to-date symlink: /home/rob1/eeng_462/lab4/install/slam_toolbox/share/slam_toolbox/srv/AddSubmap_Request.msg\n'}
[1.173321] (slam_toolbox) StdoutLine: {'line': b'-- Up-to-date symlink: /home/rob1/eeng_462/lab4/install/slam_toolbox/share/slam_toolbox/srv/AddSubmap_Response.msg\n'}
[1.173613] (slam_toolbox) StdoutLine: {'line': b'-- Up-to-date symlink: /home/rob1/eeng_462/lab4/install/slam_toolbox/share/slam_toolbox/srv/DeserializePoseGraph.srv\n'}
[1.173909] (slam_toolbox) StdoutLine: {'line': b'-- Up-to-date symlink: /home/rob1/eeng_462/lab4/install/slam_toolbox/share/slam_toolbox/srv/DeserializePoseGraph_Request.msg\n'}
[1.174253] (slam_toolbox) StdoutLine: {'line': b'-- Up-to-date symlink: /home/rob1/eeng_462/lab4/install/slam_toolbox/share/slam_toolbox/srv/DeserializePoseGraph_Response.msg\n'}
[1.174524] (slam_toolbox) StdoutLine: {'line': b'-- Up-to-date symlink: /home/rob1/eeng_462/lab4/install/slam_toolbox/share/slam_toolbox/srv/SerializePoseGraph.srv\n'}
[1.174819] (slam_toolbox) StdoutLine: {'line': b'-- Up-to-date symlink: /home/rob1/eeng_462/lab4/install/slam_toolbox/share/slam_toolbox/srv/SerializePoseGraph_Request.msg\n'}
[1.175117] (slam_toolbox) StdoutLine: {'line': b'-- Up-to-date symlink: /home/rob1/eeng_462/lab4/install/slam_toolbox/share/slam_toolbox/srv/SerializePoseGraph_Response.msg\n'}
[1.175409] (slam_toolbox) StdoutLine: {'line': b'-- Up-to-date symlink: /home/rob1/eeng_462/lab4/install/slam_toolbox/share/slam_toolbox//rviz_plugins.xml\n'}
[1.175700] (slam_toolbox) StdoutLine: {'line': b'-- Up-to-date symlink: /home/rob1/eeng_462/lab4/install/slam_toolbox/share/slam_toolbox//solver_plugins.xml\n'}
[1.176290] (slam_toolbox) StdoutLine: {'line': b'-- Up-to-date symlink: /home/rob1/eeng_462/lab4/install/slam_toolbox/lib/slam_toolbox/async_slam_toolbox_node\n'}
[1.176577] (slam_toolbox) StdoutLine: {'line': b'-- Up-to-date symlink: /home/rob1/eeng_462/lab4/install/slam_toolbox/lib/slam_toolbox/sync_slam_toolbox_node\n'}
[1.176863] (slam_toolbox) StdoutLine: {'line': b'-- Up-to-date symlink: /home/rob1/eeng_462/lab4/install/slam_toolbox/lib/slam_toolbox/localization_slam_toolbox_node\n'}
[1.177150] (slam_toolbox) StdoutLine: {'line': b'-- Up-to-date symlink: /home/rob1/eeng_462/lab4/install/slam_toolbox/lib/slam_toolbox/map_and_localization_slam_toolbox_node\n'}
[1.177428] (slam_toolbox) StdoutLine: {'line': b'-- Up-to-date symlink: /home/rob1/eeng_462/lab4/install/slam_toolbox/lib/slam_toolbox/merge_maps_kinematic\n'}
[1.177695] (slam_toolbox) StdoutLine: {'line': b'-- Up-to-date symlink: /home/rob1/eeng_462/lab4/install/slam_toolbox/lib/libtoolbox_common.so\n'}
[1.177961] (slam_toolbox) StdoutLine: {'line': b'-- Up-to-date symlink: /home/rob1/eeng_462/lab4/install/slam_toolbox/lib/libSlamToolboxPlugin.so\n'}
[1.178247] (slam_toolbox) StdoutLine: {'line': b'-- Up-to-date symlink: /home/rob1/eeng_462/lab4/install/slam_toolbox/lib/libceres_solver_plugin.so\n'}
[1.178514] (slam_toolbox) StdoutLine: {'line': b'-- Up-to-date symlink: /home/rob1/eeng_462/lab4/install/slam_toolbox/lib/libasync_slam_toolbox.so\n'}
[1.178777] (slam_toolbox) StdoutLine: {'line': b'-- Up-to-date symlink: /home/rob1/eeng_462/lab4/install/slam_toolbox/lib/libsync_slam_toolbox.so\n'}
[1.179041] (slam_toolbox) StdoutLine: {'line': b'-- Up-to-date symlink: /home/rob1/eeng_462/lab4/install/slam_toolbox/lib/liblocalization_slam_toolbox.so\n'}
[1.179303] (slam_toolbox) StdoutLine: {'line': b'-- Up-to-date symlink: /home/rob1/eeng_462/lab4/install/slam_toolbox/lib/liblifelong_slam_toolbox.so\n'}
[1.179571] (slam_toolbox) StdoutLine: {'line': b'-- Up-to-date symlink: /home/rob1/eeng_462/lab4/install/slam_toolbox/lib/libmap_and_localization_slam_toolbox.so\n'}
[1.179850] (slam_toolbox) StdoutLine: {'line': b'-- Up-to-date symlink: /home/rob1/eeng_462/lab4/install/slam_toolbox/lib/libkartoSlamToolbox.so\n'}
[1.180765] (slam_toolbox) StdoutLine: {'line': b'-- Up-to-date symlink: /home/rob1/eeng_462/lab4/install/slam_toolbox/include/slam_toolbox/experimental/slam_toolbox_lifelong.hpp\n'}
[1.180997] (slam_toolbox) StdoutLine: {'line': b'-- Up-to-date symlink: /home/rob1/eeng_462/lab4/install/slam_toolbox/include/slam_toolbox/experimental/slam_toolbox_map_and_localization.hpp\n'}
[1.181216] (slam_toolbox) StdoutLine: {'line': b'-- Up-to-date symlink: /home/rob1/eeng_462/lab4/install/slam_toolbox/include/slam_toolbox/get_pose_helper.hpp\n'}
[1.181436] (slam_toolbox) StdoutLine: {'line': b'-- Up-to-date symlink: /home/rob1/eeng_462/lab4/install/slam_toolbox/include/slam_toolbox/laser_utils.hpp\n'}
[1.181649] (slam_toolbox) StdoutLine: {'line': b'-- Up-to-date symlink: /home/rob1/eeng_462/lab4/install/slam_toolbox/include/slam_toolbox/loop_closure_assistant.hpp\n'}
[1.181863] (slam_toolbox) StdoutLine: {'line': b'-- Up-to-date symlink: /home/rob1/eeng_462/lab4/install/slam_toolbox/include/slam_toolbox/map_saver.hpp\n'}
[1.182114] (slam_toolbox) StdoutLine: {'line': b'-- Up-to-date symlink: /home/rob1/eeng_462/lab4/install/slam_toolbox/include/slam_toolbox/merge_maps_kinematic.hpp\n'}
[1.182372] (slam_toolbox) StdoutLine: {'line': b'-- Up-to-date symlink: /home/rob1/eeng_462/lab4/install/slam_toolbox/include/slam_toolbox/serialization.hpp\n'}
[1.182566] (slam_toolbox) StdoutLine: {'line': b'-- Up-to-date symlink: /home/rob1/eeng_462/lab4/install/slam_toolbox/include/slam_toolbox/slam_mapper.hpp\n'}
[1.182768] (slam_toolbox) StdoutLine: {'line': b'-- Up-to-date symlink: /home/rob1/eeng_462/lab4/install/slam_toolbox/include/slam_toolbox/slam_toolbox_async.hpp\n'}
[1.182978] (slam_toolbox) StdoutLine: {'line': b'-- Up-to-date symlink: /home/rob1/eeng_462/lab4/install/slam_toolbox/include/slam_toolbox/slam_toolbox_common.hpp\n'}
[1.183189] (slam_toolbox) StdoutLine: {'line': b'-- Up-to-date symlink: /home/rob1/eeng_462/lab4/install/slam_toolbox/include/slam_toolbox/slam_toolbox_localization.hpp\n'}
[1.183398] (slam_toolbox) StdoutLine: {'line': b'-- Up-to-date symlink: /home/rob1/eeng_462/lab4/install/slam_toolbox/include/slam_toolbox/slam_toolbox_sync.hpp\n'}
[1.183609] (slam_toolbox) StdoutLine: {'line': b'-- Up-to-date symlink: /home/rob1/eeng_462/lab4/install/slam_toolbox/include/slam_toolbox/snap_utils.hpp\n'}
[1.183815] (slam_toolbox) StdoutLine: {'line': b'-- Up-to-date symlink: /home/rob1/eeng_462/lab4/install/slam_toolbox/include/slam_toolbox/toolbox_msgs.hpp\n'}
[1.184022] (slam_toolbox) StdoutLine: {'line': b'-- Up-to-date symlink: /home/rob1/eeng_462/lab4/install/slam_toolbox/include/slam_toolbox/toolbox_types.hpp\n'}
[1.184231] (slam_toolbox) StdoutLine: {'line': b'-- Up-to-date symlink: /home/rob1/eeng_462/lab4/install/slam_toolbox/include/slam_toolbox/visualization_utils.hpp\n'}
[1.184975] (slam_toolbox) StdoutLine: {'line': b'-- Up-to-date symlink: /home/rob1/eeng_462/lab4/install/slam_toolbox/share/slam_toolbox/launch/localization_launch.py\n'}
[1.185199] (slam_toolbox) StdoutLine: {'line': b'-- Up-to-date symlink: /home/rob1/eeng_462/lab4/install/slam_toolbox/share/slam_toolbox/launch/merge_maps_kinematic_launch.py\n'}
[1.185415] (slam_toolbox) StdoutLine: {'line': b'-- Up-to-date symlink: /home/rob1/eeng_462/lab4/install/slam_toolbox/share/slam_toolbox/launch/offline_launch.py\n'}
[1.185630] (slam_toolbox) StdoutLine: {'line': b'-- Up-to-date symlink: /home/rob1/eeng_462/lab4/install/slam_toolbox/share/slam_toolbox/launch/online_async_launch.py\n'}
[1.185866] (slam_toolbox) StdoutLine: {'line': b'-- Up-to-date symlink: /home/rob1/eeng_462/lab4/install/slam_toolbox/share/slam_toolbox/launch/online_sync_launch.py\n'}
[1.186490] (slam_toolbox) StdoutLine: {'line': b'-- Up-to-date symlink: /home/rob1/eeng_462/lab4/install/slam_toolbox/share/slam_toolbox/config/mapper_params_lifelong.yaml\n'}
[1.186703] (slam_toolbox) StdoutLine: {'line': b'-- Up-to-date symlink: /home/rob1/eeng_462/lab4/install/slam_toolbox/share/slam_toolbox/config/mapper_params_localization.yaml\n'}
[1.186914] (slam_toolbox) StdoutLine: {'line': b'-- Up-to-date symlink: /home/rob1/eeng_462/lab4/install/slam_toolbox/share/slam_toolbox/config/mapper_params_offline.yaml\n'}
[1.187127] (slam_toolbox) StdoutLine: {'line': b'-- Up-to-date symlink: /home/rob1/eeng_462/lab4/install/slam_toolbox/share/slam_toolbox/config/mapper_params_online_async.yaml\n'}
[1.187339] (slam_toolbox) StdoutLine: {'line': b'-- Up-to-date symlink: /home/rob1/eeng_462/lab4/install/slam_toolbox/share/slam_toolbox/config/mapper_params_online_sync.yaml\n'}
[1.187547] (slam_toolbox) StdoutLine: {'line': b'-- Up-to-date symlink: /home/rob1/eeng_462/lab4/install/slam_toolbox/share/slam_toolbox/config/slam_toolbox_default.rviz\n'}
[1.187856] (slam_toolbox) StdoutLine: {'line': b'-- Up-to-date symlink: /home/rob1/eeng_462/lab4/install/slam_toolbox/share/solver_plugins.xml\n'}
[1.188066] (slam_toolbox) StdoutLine: {'line': b'-- Up-to-date symlink: /home/rob1/eeng_462/lab4/install/slam_toolbox/share/rviz_plugins.xml\n'}
[1.188414] (slam_toolbox) StdoutLine: {'line': b'-- Up-to-date symlink: /home/rob1/eeng_462/lab4/install/slam_toolbox/share/ament_index/resource_index/package_run_dependencies/slam_toolbox\n'}
[1.188750] (slam_toolbox) StdoutLine: {'line': b'-- Up-to-date symlink: /home/rob1/eeng_462/lab4/install/slam_toolbox/share/ament_index/resource_index/parent_prefix_path/slam_toolbox\n'}
[1.189076] (slam_toolbox) StdoutLine: {'line': b'-- Up-to-date symlink: /home/rob1/eeng_462/lab4/install/slam_toolbox/share/slam_toolbox/environment/ament_prefix_path.sh\n'}
[1.189378] (slam_toolbox) StdoutLine: {'line': b'-- Up-to-date symlink: /home/rob1/eeng_462/lab4/install/slam_toolbox/share/slam_toolbox/environment/ament_prefix_path.dsv\n'}
[1.189687] (slam_toolbox) StdoutLine: {'line': b'-- Up-to-date symlink: /home/rob1/eeng_462/lab4/install/slam_toolbox/share/slam_toolbox/environment/path.sh\n'}
[1.189983] (slam_toolbox) StdoutLine: {'line': b'-- Up-to-date symlink: /home/rob1/eeng_462/lab4/install/slam_toolbox/share/slam_toolbox/environment/path.dsv\n'}
[1.190335] (slam_toolbox) StdoutLine: {'line': b'-- Up-to-date symlink: /home/rob1/eeng_462/lab4/install/slam_toolbox/share/slam_toolbox/local_setup.bash\n'}
[1.190631] (slam_toolbox) StdoutLine: {'line': b'-- Up-to-date symlink: /home/rob1/eeng_462/lab4/install/slam_toolbox/share/slam_toolbox/local_setup.sh\n'}
[1.190923] (slam_toolbox) StdoutLine: {'line': b'-- Up-to-date symlink: /home/rob1/eeng_462/lab4/install/slam_toolbox/share/slam_toolbox/local_setup.zsh\n'}
[1.191242] (slam_toolbox) StdoutLine: {'line': b'-- Up-to-date symlink: /home/rob1/eeng_462/lab4/install/slam_toolbox/share/slam_toolbox/local_setup.dsv\n'}
[1.191437] (slam_toolbox) StdoutLine: {'line': b'-- Symlinking: /home/rob1/eeng_462/lab4/install/slam_toolbox/share/slam_toolbox/package.dsv\n'}
[1.204445] (-) TimerEvent: {}
[1.209664] (slam_toolbox) StdoutLine: {'line': b'-- Up-to-date symlink: /home/rob1/eeng_462/lab4/install/slam_toolbox/share/ament_index/resource_index/packages/slam_toolbox\n'}
[1.210093] (slam_toolbox) StdoutLine: {'line': b'-- Up-to-date symlink: /home/rob1/eeng_462/lab4/install/slam_toolbox/share/ament_index/resource_index/rviz_common__pluginlib__plugin/slam_toolbox\n'}
[1.210350] (slam_toolbox) StdoutLine: {'line': b'-- Up-to-date symlink: /home/rob1/eeng_462/lab4/install/slam_toolbox/share/ament_index/resource_index/slam_toolbox__pluginlib__plugin/slam_toolbox\n'}
[1.210659] (slam_toolbox) StdoutLine: {'line': b'-- Up-to-date symlink: /home/rob1/eeng_462/lab4/install/slam_toolbox/share/ament_index/resource_index/rclcpp_components/slam_toolbox\n'}
[1.210977] (slam_toolbox) StdoutLine: {'line': b'-- Up-to-date symlink: /home/rob1/eeng_462/lab4/install/slam_toolbox/share/slam_toolbox/cmake/rosidl_cmake-extras.cmake\n'}
[1.211288] (slam_toolbox) StdoutLine: {'line': b'-- Up-to-date symlink: /home/rob1/eeng_462/lab4/install/slam_toolbox/share/slam_toolbox/cmake/ament_cmake_export_dependencies-extras.cmake\n'}
[1.211604] (slam_toolbox) StdoutLine: {'line': b'-- Up-to-date symlink: /home/rob1/eeng_462/lab4/install/slam_toolbox/share/slam_toolbox/cmake/ament_cmake_export_include_directories-extras.cmake\n'}
[1.211911] (slam_toolbox) StdoutLine: {'line': b'-- Up-to-date symlink: /home/rob1/eeng_462/lab4/install/slam_toolbox/share/slam_toolbox/cmake/ament_cmake_export_libraries-extras.cmake\n'}
[1.212252] (slam_toolbox) StdoutLine: {'line': b'-- Up-to-date symlink: /home/rob1/eeng_462/lab4/install/slam_toolbox/share/slam_toolbox/cmake/ament_cmake_export_targets-extras.cmake\n'}
[1.212526] (slam_toolbox) StdoutLine: {'line': b'-- Up-to-date symlink: /home/rob1/eeng_462/lab4/install/slam_toolbox/share/slam_toolbox/cmake/rosidl_cmake_export_typesupport_targets-extras.cmake\n'}
[1.212819] (slam_toolbox) StdoutLine: {'line': b'-- Up-to-date symlink: /home/rob1/eeng_462/lab4/install/slam_toolbox/share/slam_toolbox/cmake/rosidl_cmake_export_typesupport_libraries-extras.cmake\n'}
[1.213129] (slam_toolbox) StdoutLine: {'line': b'-- Up-to-date symlink: /home/rob1/eeng_462/lab4/install/slam_toolbox/share/slam_toolbox/cmake/slam_toolboxConfig.cmake\n'}
[1.213350] (slam_toolbox) StdoutLine: {'line': b'-- Up-to-date symlink: /home/rob1/eeng_462/lab4/install/slam_toolbox/share/slam_toolbox/cmake/slam_toolboxConfig-version.cmake\n'}
[1.213641] (slam_toolbox) StdoutLine: {'line': b'-- Up-to-date symlink: /home/rob1/eeng_462/lab4/install/slam_toolbox/share/slam_toolbox/package.xml\n'}
[1.214165] (slam_toolbox) StdoutLine: {'line': b'-- Up-to-date: /home/rob1/eeng_462/lab4/install/slam_toolbox/lib/libslam_toolbox__rosidl_generator_c.so\n'}
[1.214755] (slam_toolbox) StdoutLine: {'line': b'-- Up-to-date: /home/rob1/eeng_462/lab4/install/slam_toolbox/lib/libslam_toolbox__rosidl_typesupport_fastrtps_c.so\n'}
[1.215319] (slam_toolbox) StdoutLine: {'line': b'-- Up-to-date: /home/rob1/eeng_462/lab4/install/slam_toolbox/lib/libslam_toolbox__rosidl_typesupport_fastrtps_cpp.so\n'}
[1.215792] (slam_toolbox) StdoutLine: {'line': b'-- Up-to-date: /home/rob1/eeng_462/lab4/install/slam_toolbox/lib/libslam_toolbox__rosidl_typesupport_introspection_c.so\n'}
[1.216257] (slam_toolbox) StdoutLine: {'line': b'-- Up-to-date: /home/rob1/eeng_462/lab4/install/slam_toolbox/lib/libslam_toolbox__rosidl_typesupport_c.so\n'}
[1.216735] (slam_toolbox) StdoutLine: {'line': b'-- Up-to-date: /home/rob1/eeng_462/lab4/install/slam_toolbox/lib/libslam_toolbox__rosidl_typesupport_introspection_cpp.so\n'}
[1.217211] (slam_toolbox) StdoutLine: {'line': b'-- Up-to-date: /home/rob1/eeng_462/lab4/install/slam_toolbox/lib/libslam_toolbox__rosidl_typesupport_cpp.so\n'}
[1.290088] (slam_toolbox) StdoutLine: {'line': b"Listing '/home/rob1/eeng_462/lab4/install/slam_toolbox/local/lib/python3.10/dist-packages/slam_toolbox'...\n"}
[1.290582] (slam_toolbox) StdoutLine: {'line': b"Listing '/home/rob1/eeng_462/lab4/install/slam_toolbox/local/lib/python3.10/dist-packages/slam_toolbox/srv'...\n"}
[1.302651] (slam_toolbox) StdoutLine: {'line': b'-- Up-to-date: /home/rob1/eeng_462/lab4/install/slam_toolbox/lib/libslam_toolbox__rosidl_generator_py.so\n'}
[1.303220] (slam_toolbox) StdoutLine: {'line': b'-- Up-to-date: /home/rob1/eeng_462/lab4/install/slam_toolbox/share/slam_toolbox/cmake/export_slam_toolbox__rosidl_generator_cExport.cmake\n'}
[1.303456] (slam_toolbox) StdoutLine: {'line': b'-- Up-to-date: /home/rob1/eeng_462/lab4/install/slam_toolbox/share/slam_toolbox/cmake/export_slam_toolbox__rosidl_generator_cExport-release.cmake\n'}
[1.303652] (slam_toolbox) StdoutLine: {'line': b'-- Up-to-date: /home/rob1/eeng_462/lab4/install/slam_toolbox/share/slam_toolbox/cmake/export_slam_toolbox__rosidl_typesupport_fastrtps_cExport.cmake\n'}
[1.303840] (slam_toolbox) StdoutLine: {'line': b'-- Up-to-date: /home/rob1/eeng_462/lab4/install/slam_toolbox/share/slam_toolbox/cmake/export_slam_toolbox__rosidl_typesupport_fastrtps_cExport-release.cmake\n'}
[1.304029] (slam_toolbox) StdoutLine: {'line': b'-- Up-to-date: /home/rob1/eeng_462/lab4/install/slam_toolbox/share/slam_toolbox/cmake/export_slam_toolbox__rosidl_generator_cppExport.cmake\n'}
[1.304256] (slam_toolbox) StdoutLine: {'line': b'-- Up-to-date: /home/rob1/eeng_462/lab4/install/slam_toolbox/share/slam_toolbox/cmake/export_slam_toolbox__rosidl_typesupport_fastrtps_cppExport.cmake\n'}
[1.304431] (slam_toolbox) StdoutLine: {'line': b'-- Up-to-date: /home/rob1/eeng_462/lab4/install/slam_toolbox/share/slam_toolbox/cmake/export_slam_toolbox__rosidl_typesupport_fastrtps_cppExport-release.cmake\n'}
[1.304603] (-) TimerEvent: {}
[1.304890] (slam_toolbox) StdoutLine: {'line': b'-- Up-to-date: /home/rob1/eeng_462/lab4/install/slam_toolbox/share/slam_toolbox/cmake/slam_toolbox__rosidl_typesupport_introspection_cExport.cmake\n'}
[1.305061] (slam_toolbox) StdoutLine: {'line': b'-- Up-to-date: /home/rob1/eeng_462/lab4/install/slam_toolbox/share/slam_toolbox/cmake/slam_toolbox__rosidl_typesupport_introspection_cExport-release.cmake\n'}
[1.305208] (slam_toolbox) StdoutLine: {'line': b'-- Up-to-date: /home/rob1/eeng_462/lab4/install/slam_toolbox/share/slam_toolbox/cmake/slam_toolbox__rosidl_typesupport_cExport.cmake\n'}
[1.305344] (slam_toolbox) StdoutLine: {'line': b'-- Up-to-date: /home/rob1/eeng_462/lab4/install/slam_toolbox/share/slam_toolbox/cmake/slam_toolbox__rosidl_typesupport_cExport-release.cmake\n'}
[1.305543] (slam_toolbox) StdoutLine: {'line': b'-- Up-to-date: /home/rob1/eeng_462/lab4/install/slam_toolbox/share/slam_toolbox/cmake/slam_toolbox__rosidl_typesupport_introspection_cppExport.cmake\n'}
[1.305753] (slam_toolbox) StdoutLine: {'line': b'-- Up-to-date: /home/rob1/eeng_462/lab4/install/slam_toolbox/share/slam_toolbox/cmake/slam_toolbox__rosidl_typesupport_introspection_cppExport-release.cmake\n'}
[1.305928] (slam_toolbox) StdoutLine: {'line': b'-- Up-to-date: /home/rob1/eeng_462/lab4/install/slam_toolbox/share/slam_toolbox/cmake/slam_toolbox__rosidl_typesupport_cppExport.cmake\n'}
[1.306095] (slam_toolbox) StdoutLine: {'line': b'-- Up-to-date: /home/rob1/eeng_462/lab4/install/slam_toolbox/share/slam_toolbox/cmake/slam_toolbox__rosidl_typesupport_cppExport-release.cmake\n'}
[1.306313] (slam_toolbox) StdoutLine: {'line': b'-- Up-to-date: /home/rob1/eeng_462/lab4/install/slam_toolbox/share/slam_toolbox/cmake/export_slam_toolbox__rosidl_generator_pyExport.cmake\n'}
[1.306542] (slam_toolbox) StdoutLine: {'line': b'-- Up-to-date: /home/rob1/eeng_462/lab4/install/slam_toolbox/share/slam_toolbox/cmake/export_slam_toolbox__rosidl_generator_pyExport-release.cmake\n'}
[1.306681] (slam_toolbox) StdoutLine: {'line': b'-- Up-to-date: /home/rob1/eeng_462/lab4/install/slam_toolbox/share/slam_toolbox/cmake/SlamToolboxPluginExport.cmake\n'}
[1.306812] (slam_toolbox) StdoutLine: {'line': b'-- Up-to-date: /home/rob1/eeng_462/lab4/install/slam_toolbox/share/slam_toolbox/cmake/SlamToolboxPluginExport-release.cmake\n'}
[1.311320] (slam_toolbox) CommandEnded: {'returncode': 0}
[1.379948] (slam_toolbox) JobEnded: {'identifier': 'slam_toolbox', 'rc': 0}
[1.404743] (-) TimerEvent: {}
[1.505248] (-) TimerEvent: {}
[1.605780] (-) TimerEvent: {}
[1.706334] (-) TimerEvent: {}
[1.806790] (-) TimerEvent: {}
[1.907323] (-) TimerEvent: {}
[1.976734] (mecanum_robot) Command: {'cmd': ['/usr/bin/python3', '-W', 'ignore:setup.py install is deprecated', '-W', 'ignore:easy_install command is deprecated', 'setup.py', 'egg_info', '--egg-base', '../../build/mecanum_robot', 'build', '--build-base', '/home/rob1/eeng_462/lab4/build/mecanum_robot/build', 'install', '--record', '/home/rob1/eeng_462/lab4/build/mecanum_robot/install.log', '--single-version-externally-managed', 'install_data'], 'cwd': '/home/rob1/eeng_462/lab4/src/mecanum_robot', 'env': {'USER': 'rob1', 'XDG_SEAT': 'seat0', 'XDG_SESSION_TYPE': 'x11', 'SHLVL': '1', 'LD_LIBRARY_PATH': '/home/rob1/eeng_462/lab4/install/slam_toolbox/lib:/home/rob1/eeng_462/lab4/install/openslam_gmapping/lib:/opt/ros/humble/opt/rviz_ogre_vendor/lib:/opt/ros/humble/lib/aarch64-linux-gnu:/opt/ros/humble/lib', 'HOME': '/home/rob1', 'OLDPWD': '/home/rob1', 'LESS': '-R', 'DESKTOP_SESSION': 'i3', 'ZSH': '/home/rob1/.oh-my-zsh', 'LSCOLORS': 'Gxfxcxdxbxegedabagacad', 'GTK_MODULES': 'gail:atk-bridge', 'PAGER': 'less', 'ROS_PYTHON_VERSION': '3', 'SYSTEMD_EXEC_PID': '1752', 'DBUS_SESSION_BUS_ADDRESS': 'unix:path=/run/user/1000/bus', 'COLORTERM': 'truecolor', '_colcon_cd_root': '/opt/ros/humble/', 'ROS_DISTRO': 'humble', 'COLCON_PREFIX_PATH': '/home/rob1/eeng_462/lab4/install', 'GTK_IM_MODULE': 'ibus', 'LOGNAME': 'rob1', '_': '/usr/bin/colcon', 'XDG_SESSION_CLASS': 'user', 'ROS_VERSION': '2', 'XDG_SESSION_ID': '2', 'USERNAME': 'rob1', 'TERM': 'xterm-256color', 'ROS_LOCALHOST_ONLY': '0', 'WINDOWPATH': '2', 'PATH': '/opt/ros/humble/bin:/home/rob1/.local/bin:/usr/local/sbin:/usr/local/bin:/usr/sbin:/usr/bin:/sbin:/bin:/usr/games:/usr/local/games:/snap/bin:/snap/bin', 'GNOME_TERMINAL_SCREEN': '/org/gnome/Terminal/screen/307d46ff_7eca_4369_b358_dceae676b14f', 'XDG_RUNTIME_DIR': '/run/user/1000', 'DISPLAY': ':1', 'LANG': 'en_US.UTF-8', 'XDG_CURRENT_DESKTOP': 'i3', 'XDG_SESSION_DESKTOP': 'i3', 'GNOME_TERMINAL_SERVICE': ':1.48', 'XMODIFIERS': '@im=ibus', 'XAUTHORITY': '/run/user/1000/gdm/Xauthority', 'LS_COLORS': 'rs=0:di=01;34:ln=01;36:mh=00:pi=40;33:so=01;35:do=01;35:bd=40;33;01:cd=40;33;01:or=40;31;01:mi=00:su=37;41:sg=30;43:ca=30;41:tw=30;42:ow=34;42:st=37;44:ex=01;32:*.tar=01;31:*.tgz=01;31:*.arc=01;31:*.arj=01;31:*.taz=01;31:*.lha=01;31:*.lz4=01;31:*.lzh=01;31:*.lzma=01;31:*.tlz=01;31:*.txz=01;31:*.tzo=01;31:*.t7z=01;31:*.zip=01;31:*.z=01;31:*.dz=01;31:*.gz=01;31:*.lrz=01;31:*.lz=01;31:*.lzo=01;31:*.xz=01;31:*.zst=01;31:*.tzst=01;31:*.bz2=01;31:*.bz=01;31:*.tbz=01;31:*.tbz2=01;31:*.tz=01;31:*.deb=01;31:*.rpm=01;31:*.jar=01;31:*.war=01;31:*.ear=01;31:*.sar=01;31:*.rar=01;31:*.alz=01;31:*.ace=01;31:*.zoo=01;31:*.cpio=01;31:*.7z=01;31:*.rz=01;31:*.cab=01;31:*.wim=01;31:*.swm=01;31:*.dwm=01;31:*.esd=01;31:*.jpg=01;35:*.jpeg=01;35:*.mjpg=01;35:*.mjpeg=01;35:*.gif=01;35:*.bmp=01;35:*.pbm=01;35:*.pgm=01;35:*.ppm=01;35:*.tga=01;35:*.xbm=01;35:*.xpm=01;35:*.tif=01;35:*.tiff=01;35:*.png=01;35:*.svg=01;35:*.svgz=01;35:*.mng=01;35:*.pcx=01;35:*.mov=01;35:*.mpg=01;35:*.mpeg=01;35:*.m2v=01;35:*.mkv=01;35:*.webm=01;35:*.webp=01;35:*.ogm=01;35:*.mp4=01;35:*.m4v=01;35:*.mp4v=01;35:*.vob=01;35:*.qt=01;35:*.nuv=01;35:*.wmv=01;35:*.asf=01;35:*.rm=01;35:*.rmvb=01;35:*.flc=01;35:*.avi=01;35:*.fli=01;35:*.flv=01;35:*.gl=01;35:*.dl=01;35:*.xcf=01;35:*.xwd=01;35:*.yuv=01;35:*.cgm=01;35:*.emf=01;35:*.ogv=01;35:*.ogx=01;35:*.aac=00;36:*.au=00;36:*.flac=00;36:*.m4a=00;36:*.mid=00;36:*.midi=00;36:*.mka=00;36:*.mp3=00;36:*.mpc=00;36:*.ogg=00;36:*.ra=00;36:*.wav=00;36:*.oga=00;36:*.opus=00;36:*.spx=00;36:*.xspf=00;36:', 'AMENT_PREFIX_PATH': '/home/rob1/eeng_462/lab4/install/sllidar_ros2:/home/rob1/eeng_462/lab4/install/slam_toolbox:/home/rob1/eeng_462/lab4/install/mecanum_robot:/home/rob1/eeng_462/lab4/install/slam_gmapping:/home/rob1/eeng_462/lab4/install/rplidar_ros:/home/rob1/eeng_462/lab4/install/openslam_gmapping:/opt/ros/humble', 'ROS_DOMAIN_ID': '101', 'SHELL': '/usr/bin/zsh', 'QT_ACCESSIBILITY': '1', 'GDMSESSION': 'i3', 'GPG_AGENT_INFO': '/run/user/1000/gnupg/S.gpg-agent:0:1', 'QT_IM_MODULE': 'ibus', 'XDG_VTNR': '2', 'PWD': '/home/rob1/eeng_462/lab4/build/mecanum_robot', 'XDG_CONFIG_DIRS': '/etc/xdg/xdg-i3:/etc/xdg', 'XDG_DATA_DIRS': '/usr/share/i3:/usr/share/gnome:/usr/local/share/:/usr/share/:/var/lib/snapd/desktop', 'CLUTTER_IM_MODULE': 'ibus', 'PYTHONPATH': '/home/rob1/eeng_462/lab4/build/mecanum_robot/prefix_override:/usr/lib/python3/dist-packages/colcon_core/task/python/colcon_distutils_commands:/home/rob1/eeng_462/lab4/install/mecanum_robot/lib/python3.10/site-packages:/home/rob1/eeng_462/lab4/install/slam_toolbox/local/lib/python3.10/dist-packages:/home/rob1/eeng_462/lab4/install/mecanum_robot/lib/python3.10/site-packages:/opt/ros/humble/lib/python3.10/site-packages:/opt/ros/humble/local/lib/python3.10/dist-packages', 'I3SOCK': '/run/user/1000/i3/ipc-socket.1783', 'COLCON': '1', 'VTE_VERSION': '6800', 'CMAKE_PREFIX_PATH': '/home/rob1/eeng_462/lab4/install/rplidar_ros:/home/rob1/eeng_462/lab4/install/sllidar_ros2:/home/rob1/eeng_462/lab4/install/slam_toolbox:/home/rob1/eeng_462/lab4/install/slam_gmapping:/home/rob1/eeng_462/lab4/install/openslam_gmapping'}, 'shell': False}
[2.007405] (-) TimerEvent: {}
[2.107892] (-) TimerEvent: {}
[2.208442] (-) TimerEvent: {}
[2.308988] (-) TimerEvent: {}
[2.409533] (-) TimerEvent: {}
[2.510063] (-) TimerEvent: {}
[2.566415] (mecanum_robot) StdoutLine: {'line': b'running egg_info\n'}
[2.567589] (mecanum_robot) StdoutLine: {'line': b'writing ../../build/mecanum_robot/mecanum_robot.egg-info/PKG-INFO\n'}
[2.568144] (mecanum_robot) StdoutLine: {'line': b'writing dependency_links to ../../build/mecanum_robot/mecanum_robot.egg-info/dependency_links.txt\n'}
[2.568515] (mecanum_robot) StdoutLine: {'line': b'writing entry points to ../../build/mecanum_robot/mecanum_robot.egg-info/entry_points.txt\n'}
[2.568835] (mecanum_robot) StdoutLine: {'line': b'writing requirements to ../../build/mecanum_robot/mecanum_robot.egg-info/requires.txt\n'}
[2.569045] (mecanum_robot) StdoutLine: {'line': b'writing top-level names to ../../build/mecanum_robot/mecanum_robot.egg-info/top_level.txt\n'}
[2.572968] (mecanum_robot) StdoutLine: {'line': b"reading manifest file '../../build/mecanum_robot/mecanum_robot.egg-info/SOURCES.txt'\n"}
[2.573457] (mecanum_robot) StdoutLine: {'line': b"adding license file 'LICENSE'\n"}
[2.575211] (mecanum_robot) StdoutLine: {'line': b"writing manifest file '../../build/mecanum_robot/mecanum_robot.egg-info/SOURCES.txt'\n"}
[2.575435] (mecanum_robot) StdoutLine: {'line': b'running build\n'}
[2.575649] (mecanum_robot) StdoutLine: {'line': b'running build_py\n'}
[2.576149] (mecanum_robot) StdoutLine: {'line': b'running install\n'}
[2.576836] (mecanum_robot) StdoutLine: {'line': b'running install_lib\n'}
[2.579426] (mecanum_robot) StdoutLine: {'line': b'running install_data\n'}
[2.579766] (mecanum_robot) StdoutLine: {'line': b'copying launch/mecanum_robot_launch.py -> /home/rob1/eeng_462/lab4/install/mecanum_robot/share/mecanum_robot/launch\n'}
[2.580135] (mecanum_robot) StdoutLine: {'line': b'running install_egg_info\n'}
[2.584019] (mecanum_robot) StdoutLine: {'line': b"removing '/home/rob1/eeng_462/lab4/install/mecanum_robot/lib/python3.10/site-packages/mecanum_robot-0.0.0-py3.10.egg-info' (and everything under it)\n"}
[2.584800] (mecanum_robot) StdoutLine: {'line': b'Copying ../../build/mecanum_robot/mecanum_robot.egg-info to /home/rob1/eeng_462/lab4/install/mecanum_robot/lib/python3.10/site-packages/mecanum_robot-0.0.0-py3.10.egg-info\n'}
[2.586937] (mecanum_robot) StdoutLine: {'line': b'running install_scripts\n'}
[2.610126] (-) TimerEvent: {}
[2.632245] (mecanum_robot) StdoutLine: {'line': b'Installing mecanum_robot script to /home/rob1/eeng_462/lab4/install/mecanum_robot/lib/mecanum_robot\n'}
[2.633160] (mecanum_robot) StdoutLine: {'line': b"writing list of installed files to '/home/rob1/eeng_462/lab4/build/mecanum_robot/install.log'\n"}
[2.701938] (mecanum_robot) CommandEnded: {'returncode': 0}
[2.710462] (-) TimerEvent: {}
[2.725426] (mecanum_robot) JobEnded: {'identifier': 'mecanum_robot', 'rc': 0}
[2.727707] (-) EventReactorShutdown: {}
