[0.000000] (-) TimerEvent: {}
[0.000478] (rplidar_ros) JobQueued: {'identifier': 'rplidar_ros', 'dependencies': OrderedDict()}
[0.000778] (slam_toolbox) JobQueued: {'identifier': 'slam_toolbox', 'dependencies': OrderedDict()}
[0.001308] (mecanum_robot) JobQueued: {'identifier': 'mecanum_robot', 'dependencies': OrderedDict([('rplidar_ros', '/home/rob1/eeng_462/lab4/install/rplidar_ros')])}
[0.001593] (rplidar_ros) JobStarted: {'identifier': 'rplidar_ros'}
[0.015121] (slam_toolbox) JobStarted: {'identifier': 'slam_toolbox'}
[0.025685] (rplidar_ros) JobProgress: {'identifier': 'rplidar_ros', 'progress': 'cmake'}
[0.027022] (rplidar_ros) JobProgress: {'identifier': 'rplidar_ros', 'progress': 'build'}
[0.028412] (rplidar_ros) Command: {'cmd': ['/usr/bin/cmake', '--build', '/home/rob1/eeng_462/lab4/build/rplidar_ros', '--', '-j6', '-l6'], 'cwd': '/home/rob1/eeng_462/lab4/build/rplidar_ros', 'env': OrderedDict([('USER', 'rob1'), ('XDG_SEAT', 'seat0'), ('XDG_SESSION_TYPE', 'x11'), ('SHLVL', '1'), ('LD_LIBRARY_PATH', '/home/rob1/eeng_462/lab4/install/slam_toolbox/lib:/home/rob1/eeng_462/lab4/install/openslam_gmapping/lib:/opt/ros/humble/opt/rviz_ogre_vendor/lib:/opt/ros/humble/lib/aarch64-linux-gnu:/opt/ros/humble/lib'), ('HOME', '/home/rob1'), ('OLDPWD', '/home/rob1/eeng_462'), ('LESS', '-R'), ('DESKTOP_SESSION', 'i3'), ('ZSH', '/home/rob1/.oh-my-zsh'), ('LSCOLORS', 'Gxfxcxdxbxegedabagacad'), ('GTK_MODULES', 'gail:atk-bridge'), ('PAGER', 'less'), ('ROS_PYTHON_VERSION', '3'), ('SYSTEMD_EXEC_PID', '1839'), ('DBUS_SESSION_BUS_ADDRESS', 'unix:path=/run/user/1000/bus'), ('COLORTERM', 'truecolor'), ('_colcon_cd_root', '/opt/ros/humble/'), ('ROS_DISTRO', 'humble'), ('COLCON_PREFIX_PATH', '/home/rob1/eeng_462/lab4/install'), ('GTK_IM_MODULE', 'ibus'), ('LOGNAME', 'rob1'), ('_', '/usr/bin/colcon'), ('XDG_SESSION_CLASS', 'user'), ('ROS_VERSION', '2'), ('XDG_SESSION_ID', '2'), ('USERNAME', 'rob1'), ('TERM', 'xterm-256color'), ('ROS_LOCALHOST_ONLY', '0'), ('WINDOWPATH', '2'), ('PATH', '/opt/ros/humble/bin:/home/rob1/.local/bin:/usr/local/sbin:/usr/local/bin:/usr/sbin:/usr/bin:/sbin:/bin:/usr/games:/usr/local/games:/snap/bin:/snap/bin'), ('GNOME_TERMINAL_SCREEN', '/org/gnome/Terminal/screen/5b3aaf95_5539_44c3_9ed1_359fd9d6f4f9'), ('XDG_RUNTIME_DIR', '/run/user/1000'), ('DISPLAY', ':1'), ('LANG', 'en_US.UTF-8'), ('XDG_CURRENT_DESKTOP', 'i3'), ('XDG_SESSION_DESKTOP', 'i3'), ('GNOME_TERMINAL_SERVICE', ':1.45'), ('XMODIFIERS', '@im=ibus'), ('XAUTHORITY', '/run/user/1000/gdm/Xauthority'), ('LS_COLORS', 'rs=0:di=01;34:ln=01;36:mh=00:pi=40;33:so=01;35:do=01;35:bd=40;33;01:cd=40;33;01:or=40;31;01:mi=00:su=37;41:sg=30;43:ca=30;41:tw=30;42:ow=34;42:st=37;44:ex=01;32:*.tar=01;31:*.tgz=01;31:*.arc=01;31:*.arj=01;31:*.taz=01;31:*.lha=01;31:*.lz4=01;31:*.lzh=01;31:*.lzma=01;31:*.tlz=01;31:*.txz=01;31:*.tzo=01;31:*.t7z=01;31:*.zip=01;31:*.z=01;31:*.dz=01;31:*.gz=01;31:*.lrz=01;31:*.lz=01;31:*.lzo=01;31:*.xz=01;31:*.zst=01;31:*.tzst=01;31:*.bz2=01;31:*.bz=01;31:*.tbz=01;31:*.tbz2=01;31:*.tz=01;31:*.deb=01;31:*.rpm=01;31:*.jar=01;31:*.war=01;31:*.ear=01;31:*.sar=01;31:*.rar=01;31:*.alz=01;31:*.ace=01;31:*.zoo=01;31:*.cpio=01;31:*.7z=01;31:*.rz=01;31:*.cab=01;31:*.wim=01;31:*.swm=01;31:*.dwm=01;31:*.esd=01;31:*.jpg=01;35:*.jpeg=01;35:*.mjpg=01;35:*.mjpeg=01;35:*.gif=01;35:*.bmp=01;35:*.pbm=01;35:*.pgm=01;35:*.ppm=01;35:*.tga=01;35:*.xbm=01;35:*.xpm=01;35:*.tif=01;35:*.tiff=01;35:*.png=01;35:*.svg=01;35:*.svgz=01;35:*.mng=01;35:*.pcx=01;35:*.mov=01;35:*.mpg=01;35:*.mpeg=01;35:*.m2v=01;35:*.mkv=01;35:*.webm=01;35:*.webp=01;35:*.ogm=01;35:*.mp4=01;35:*.m4v=01;35:*.mp4v=01;35:*.vob=01;35:*.qt=01;35:*.nuv=01;35:*.wmv=01;35:*.asf=01;35:*.rm=01;35:*.rmvb=01;35:*.flc=01;35:*.avi=01;35:*.fli=01;35:*.flv=01;35:*.gl=01;35:*.dl=01;35:*.xcf=01;35:*.xwd=01;35:*.yuv=01;35:*.cgm=01;35:*.emf=01;35:*.ogv=01;35:*.ogx=01;35:*.aac=00;36:*.au=00;36:*.flac=00;36:*.m4a=00;36:*.mid=00;36:*.midi=00;36:*.mka=00;36:*.mp3=00;36:*.mpc=00;36:*.ogg=00;36:*.ra=00;36:*.wav=00;36:*.oga=00;36:*.opus=00;36:*.spx=00;36:*.xspf=00;36:'), ('AMENT_PREFIX_PATH', '/home/rob1/eeng_462/lab4/install/sllidar_ros2:/home/rob1/eeng_462/lab4/install/slam_toolbox:/home/rob1/eeng_462/lab4/install/mecanum_robot:/home/rob1/eeng_462/lab4/install/slam_gmapping:/home/rob1/eeng_462/lab4/install/rplidar_ros:/home/rob1/eeng_462/lab4/install/openslam_gmapping:/opt/ros/humble'), ('ROS_DOMAIN_ID', '101'), ('SHELL', '/usr/bin/zsh'), ('QT_ACCESSIBILITY', '1'), ('GDMSESSION', 'i3'), ('GPG_AGENT_INFO', '/run/user/1000/gnupg/S.gpg-agent:0:1'), ('QT_IM_MODULE', 'ibus'), ('XDG_VTNR', '2'), ('PWD', '/home/rob1/eeng_462/lab4/build/rplidar_ros'), ('XDG_CONFIG_DIRS', '/etc/xdg/xdg-i3:/etc/xdg'), ('XDG_DATA_DIRS', '/usr/share/i3:/usr/share/gnome:/usr/local/share/:/usr/share/:/var/lib/snapd/desktop'), ('CLUTTER_IM_MODULE', 'ibus'), ('PYTHONPATH', '/home/rob1/eeng_462/lab4/install/slam_toolbox/local/lib/python3.10/dist-packages:/home/rob1/eeng_462/lab4/install/mecanum_robot/lib/python3.10/site-packages:/opt/ros/humble/lib/python3.10/site-packages:/opt/ros/humble/local/lib/python3.10/dist-packages'), ('I3SOCK', '/run/user/1000/i3/ipc-socket.1870'), ('COLCON', '1'), ('VTE_VERSION', '6800'), ('CMAKE_PREFIX_PATH', '/home/rob1/eeng_462/lab4/install/sllidar_ros2:/home/rob1/eeng_462/lab4/install/slam_toolbox:/home/rob1/eeng_462/lab4/install/slam_gmapping:/home/rob1/eeng_462/lab4/install/mecanum_robot:/opt/ros/humble:/home/rob1/eeng_462/lab4/install/rplidar_ros:/home/rob1/eeng_462/lab4/install/openslam_gmapping')]), 'shell': False}
[0.035630] (slam_toolbox) JobProgress: {'identifier': 'slam_toolbox', 'progress': 'cmake'}
[0.037618] (slam_toolbox) JobProgress: {'identifier': 'slam_toolbox', 'progress': 'build'}
[0.038482] (slam_toolbox) Command: {'cmd': ['/usr/bin/cmake', '--build', '/home/rob1/eeng_462/lab4/build/slam_toolbox', '--', '-j6', '-l6'], 'cwd': '/home/rob1/eeng_462/lab4/build/slam_toolbox', 'env': OrderedDict([('USER', 'rob1'), ('XDG_SEAT', 'seat0'), ('XDG_SESSION_TYPE', 'x11'), ('SHLVL', '1'), ('LD_LIBRARY_PATH', '/home/rob1/eeng_462/lab4/install/slam_toolbox/lib:/home/rob1/eeng_462/lab4/install/openslam_gmapping/lib:/opt/ros/humble/opt/rviz_ogre_vendor/lib:/opt/ros/humble/lib/aarch64-linux-gnu:/opt/ros/humble/lib'), ('HOME', '/home/rob1'), ('OLDPWD', '/home/rob1/eeng_462'), ('LESS', '-R'), ('DESKTOP_SESSION', 'i3'), ('ZSH', '/home/rob1/.oh-my-zsh'), ('LSCOLORS', 'Gxfxcxdxbxegedabagacad'), ('GTK_MODULES', 'gail:atk-bridge'), ('PAGER', 'less'), ('ROS_PYTHON_VERSION', '3'), ('SYSTEMD_EXEC_PID', '1839'), ('DBUS_SESSION_BUS_ADDRESS', 'unix:path=/run/user/1000/bus'), ('COLORTERM', 'truecolor'), ('_colcon_cd_root', '/opt/ros/humble/'), ('ROS_DISTRO', 'humble'), ('COLCON_PREFIX_PATH', '/home/rob1/eeng_462/lab4/install'), ('GTK_IM_MODULE', 'ibus'), ('LOGNAME', 'rob1'), ('_', '/usr/bin/colcon'), ('XDG_SESSION_CLASS', 'user'), ('ROS_VERSION', '2'), ('XDG_SESSION_ID', '2'), ('USERNAME', 'rob1'), ('TERM', 'xterm-256color'), ('ROS_LOCALHOST_ONLY', '0'), ('WINDOWPATH', '2'), ('PATH', '/opt/ros/humble/bin:/home/rob1/.local/bin:/usr/local/sbin:/usr/local/bin:/usr/sbin:/usr/bin:/sbin:/bin:/usr/games:/usr/local/games:/snap/bin:/snap/bin'), ('GNOME_TERMINAL_SCREEN', '/org/gnome/Terminal/screen/5b3aaf95_5539_44c3_9ed1_359fd9d6f4f9'), ('XDG_RUNTIME_DIR', '/run/user/1000'), ('DISPLAY', ':1'), ('LANG', 'en_US.UTF-8'), ('XDG_CURRENT_DESKTOP', 'i3'), ('XDG_SESSION_DESKTOP', 'i3'), ('GNOME_TERMINAL_SERVICE', ':1.45'), ('XMODIFIERS', '@im=ibus'), ('XAUTHORITY', '/run/user/1000/gdm/Xauthority'), ('LS_COLORS', 'rs=0:di=01;34:ln=01;36:mh=00:pi=40;33:so=01;35:do=01;35:bd=40;33;01:cd=40;33;01:or=40;31;01:mi=00:su=37;41:sg=30;43:ca=30;41:tw=30;42:ow=34;42:st=37;44:ex=01;32:*.tar=01;31:*.tgz=01;31:*.arc=01;31:*.arj=01;31:*.taz=01;31:*.lha=01;31:*.lz4=01;31:*.lzh=01;31:*.lzma=01;31:*.tlz=01;31:*.txz=01;31:*.tzo=01;31:*.t7z=01;31:*.zip=01;31:*.z=01;31:*.dz=01;31:*.gz=01;31:*.lrz=01;31:*.lz=01;31:*.lzo=01;31:*.xz=01;31:*.zst=01;31:*.tzst=01;31:*.bz2=01;31:*.bz=01;31:*.tbz=01;31:*.tbz2=01;31:*.tz=01;31:*.deb=01;31:*.rpm=01;31:*.jar=01;31:*.war=01;31:*.ear=01;31:*.sar=01;31:*.rar=01;31:*.alz=01;31:*.ace=01;31:*.zoo=01;31:*.cpio=01;31:*.7z=01;31:*.rz=01;31:*.cab=01;31:*.wim=01;31:*.swm=01;31:*.dwm=01;31:*.esd=01;31:*.jpg=01;35:*.jpeg=01;35:*.mjpg=01;35:*.mjpeg=01;35:*.gif=01;35:*.bmp=01;35:*.pbm=01;35:*.pgm=01;35:*.ppm=01;35:*.tga=01;35:*.xbm=01;35:*.xpm=01;35:*.tif=01;35:*.tiff=01;35:*.png=01;35:*.svg=01;35:*.svgz=01;35:*.mng=01;35:*.pcx=01;35:*.mov=01;35:*.mpg=01;35:*.mpeg=01;35:*.m2v=01;35:*.mkv=01;35:*.webm=01;35:*.webp=01;35:*.ogm=01;35:*.mp4=01;35:*.m4v=01;35:*.mp4v=01;35:*.vob=01;35:*.qt=01;35:*.nuv=01;35:*.wmv=01;35:*.asf=01;35:*.rm=01;35:*.rmvb=01;35:*.flc=01;35:*.avi=01;35:*.fli=01;35:*.flv=01;35:*.gl=01;35:*.dl=01;35:*.xcf=01;35:*.xwd=01;35:*.yuv=01;35:*.cgm=01;35:*.emf=01;35:*.ogv=01;35:*.ogx=01;35:*.aac=00;36:*.au=00;36:*.flac=00;36:*.m4a=00;36:*.mid=00;36:*.midi=00;36:*.mka=00;36:*.mp3=00;36:*.mpc=00;36:*.ogg=00;36:*.ra=00;36:*.wav=00;36:*.oga=00;36:*.opus=00;36:*.spx=00;36:*.xspf=00;36:'), ('AMENT_PREFIX_PATH', '/home/rob1/eeng_462/lab4/install/sllidar_ros2:/home/rob1/eeng_462/lab4/install/slam_toolbox:/home/rob1/eeng_462/lab4/install/mecanum_robot:/home/rob1/eeng_462/lab4/install/slam_gmapping:/home/rob1/eeng_462/lab4/install/rplidar_ros:/home/rob1/eeng_462/lab4/install/openslam_gmapping:/opt/ros/humble'), ('ROS_DOMAIN_ID', '101'), ('SHELL', '/usr/bin/zsh'), ('QT_ACCESSIBILITY', '1'), ('GDMSESSION', 'i3'), ('GPG_AGENT_INFO', '/run/user/1000/gnupg/S.gpg-agent:0:1'), ('QT_IM_MODULE', 'ibus'), ('XDG_VTNR', '2'), ('PWD', '/home/rob1/eeng_462/lab4/build/slam_toolbox'), ('XDG_CONFIG_DIRS', '/etc/xdg/xdg-i3:/etc/xdg'), ('XDG_DATA_DIRS', '/usr/share/i3:/usr/share/gnome:/usr/local/share/:/usr/share/:/var/lib/snapd/desktop'), ('CLUTTER_IM_MODULE', 'ibus'), ('PYTHONPATH', '/home/rob1/eeng_462/lab4/install/slam_toolbox/local/lib/python3.10/dist-packages:/home/rob1/eeng_462/lab4/install/mecanum_robot/lib/python3.10/site-packages:/opt/ros/humble/lib/python3.10/site-packages:/opt/ros/humble/local/lib/python3.10/dist-packages'), ('I3SOCK', '/run/user/1000/i3/ipc-socket.1870'), ('COLCON', '1'), ('VTE_VERSION', '6800'), ('CMAKE_PREFIX_PATH', '/home/rob1/eeng_462/lab4/install/sllidar_ros2:/home/rob1/eeng_462/lab4/install/slam_toolbox:/home/rob1/eeng_462/lab4/install/slam_gmapping:/home/rob1/eeng_462/lab4/install/mecanum_robot:/opt/ros/humble:/home/rob1/eeng_462/lab4/install/rplidar_ros:/home/rob1/eeng_462/lab4/install/openslam_gmapping')]), 'shell': False}
[0.099387] (-) TimerEvent: {}
[0.151355] (slam_toolbox) StdoutLine: {'line': b'[  1%] Built target slam_toolbox__cpp\n'}
[0.160423] (rplidar_ros) StdoutLine: {'line': b'[ 10%] Built target rplidar_client\n'}
[0.161073] (rplidar_ros) StdoutLine: {'line': b'[ 52%] Built target rplidar_node\n'}
[0.168013] (rplidar_ros) StdoutLine: {'line': b'[100%] Built target rplidar_composition\n'}
[0.184164] (slam_toolbox) StdoutLine: {'line': b'[  1%] Built target ament_cmake_python_symlink_slam_toolbox\n'}
[0.184955] (slam_toolbox) StdoutLine: {'line': b'[  3%] Built target kartoSlamToolbox\n'}
[0.189895] (slam_toolbox) StdoutLine: {'line': b'[ 12%] Built target slam_toolbox__rosidl_generator_c\n'}
[0.197279] (rplidar_ros) CommandEnded: {'returncode': 0}
[0.199417] (rplidar_ros) JobProgress: {'identifier': 'rplidar_ros', 'progress': 'install'}
[0.199521] (-) TimerEvent: {}
[0.218397] (rplidar_ros) Command: {'cmd': ['/usr/bin/cmake', '--install', '/home/rob1/eeng_462/lab4/build/rplidar_ros'], 'cwd': '/home/rob1/eeng_462/lab4/build/rplidar_ros', 'env': OrderedDict([('USER', 'rob1'), ('XDG_SEAT', 'seat0'), ('XDG_SESSION_TYPE', 'x11'), ('SHLVL', '1'), ('LD_LIBRARY_PATH', '/home/rob1/eeng_462/lab4/install/slam_toolbox/lib:/home/rob1/eeng_462/lab4/install/openslam_gmapping/lib:/opt/ros/humble/opt/rviz_ogre_vendor/lib:/opt/ros/humble/lib/aarch64-linux-gnu:/opt/ros/humble/lib'), ('HOME', '/home/rob1'), ('OLDPWD', '/home/rob1/eeng_462'), ('LESS', '-R'), ('DESKTOP_SESSION', 'i3'), ('ZSH', '/home/rob1/.oh-my-zsh'), ('LSCOLORS', 'Gxfxcxdxbxegedabagacad'), ('GTK_MODULES', 'gail:atk-bridge'), ('PAGER', 'less'), ('ROS_PYTHON_VERSION', '3'), ('SYSTEMD_EXEC_PID', '1839'), ('DBUS_SESSION_BUS_ADDRESS', 'unix:path=/run/user/1000/bus'), ('COLORTERM', 'truecolor'), ('_colcon_cd_root', '/opt/ros/humble/'), ('ROS_DISTRO', 'humble'), ('COLCON_PREFIX_PATH', '/home/rob1/eeng_462/lab4/install'), ('GTK_IM_MODULE', 'ibus'), ('LOGNAME', 'rob1'), ('_', '/usr/bin/colcon'), ('XDG_SESSION_CLASS', 'user'), ('ROS_VERSION', '2'), ('XDG_SESSION_ID', '2'), ('USERNAME', 'rob1'), ('TERM', 'xterm-256color'), ('ROS_LOCALHOST_ONLY', '0'), ('WINDOWPATH', '2'), ('PATH', '/opt/ros/humble/bin:/home/rob1/.local/bin:/usr/local/sbin:/usr/local/bin:/usr/sbin:/usr/bin:/sbin:/bin:/usr/games:/usr/local/games:/snap/bin:/snap/bin'), ('GNOME_TERMINAL_SCREEN', '/org/gnome/Terminal/screen/5b3aaf95_5539_44c3_9ed1_359fd9d6f4f9'), ('XDG_RUNTIME_DIR', '/run/user/1000'), ('DISPLAY', ':1'), ('LANG', 'en_US.UTF-8'), ('XDG_CURRENT_DESKTOP', 'i3'), ('XDG_SESSION_DESKTOP', 'i3'), ('GNOME_TERMINAL_SERVICE', ':1.45'), ('XMODIFIERS', '@im=ibus'), ('XAUTHORITY', '/run/user/1000/gdm/Xauthority'), ('LS_COLORS', 'rs=0:di=01;34:ln=01;36:mh=00:pi=40;33:so=01;35:do=01;35:bd=40;33;01:cd=40;33;01:or=40;31;01:mi=00:su=37;41:sg=30;43:ca=30;41:tw=30;42:ow=34;42:st=37;44:ex=01;32:*.tar=01;31:*.tgz=01;31:*.arc=01;31:*.arj=01;31:*.taz=01;31:*.lha=01;31:*.lz4=01;31:*.lzh=01;31:*.lzma=01;31:*.tlz=01;31:*.txz=01;31:*.tzo=01;31:*.t7z=01;31:*.zip=01;31:*.z=01;31:*.dz=01;31:*.gz=01;31:*.lrz=01;31:*.lz=01;31:*.lzo=01;31:*.xz=01;31:*.zst=01;31:*.tzst=01;31:*.bz2=01;31:*.bz=01;31:*.tbz=01;31:*.tbz2=01;31:*.tz=01;31:*.deb=01;31:*.rpm=01;31:*.jar=01;31:*.war=01;31:*.ear=01;31:*.sar=01;31:*.rar=01;31:*.alz=01;31:*.ace=01;31:*.zoo=01;31:*.cpio=01;31:*.7z=01;31:*.rz=01;31:*.cab=01;31:*.wim=01;31:*.swm=01;31:*.dwm=01;31:*.esd=01;31:*.jpg=01;35:*.jpeg=01;35:*.mjpg=01;35:*.mjpeg=01;35:*.gif=01;35:*.bmp=01;35:*.pbm=01;35:*.pgm=01;35:*.ppm=01;35:*.tga=01;35:*.xbm=01;35:*.xpm=01;35:*.tif=01;35:*.tiff=01;35:*.png=01;35:*.svg=01;35:*.svgz=01;35:*.mng=01;35:*.pcx=01;35:*.mov=01;35:*.mpg=01;35:*.mpeg=01;35:*.m2v=01;35:*.mkv=01;35:*.webm=01;35:*.webp=01;35:*.ogm=01;35:*.mp4=01;35:*.m4v=01;35:*.mp4v=01;35:*.vob=01;35:*.qt=01;35:*.nuv=01;35:*.wmv=01;35:*.asf=01;35:*.rm=01;35:*.rmvb=01;35:*.flc=01;35:*.avi=01;35:*.fli=01;35:*.flv=01;35:*.gl=01;35:*.dl=01;35:*.xcf=01;35:*.xwd=01;35:*.yuv=01;35:*.cgm=01;35:*.emf=01;35:*.ogv=01;35:*.ogx=01;35:*.aac=00;36:*.au=00;36:*.flac=00;36:*.m4a=00;36:*.mid=00;36:*.midi=00;36:*.mka=00;36:*.mp3=00;36:*.mpc=00;36:*.ogg=00;36:*.ra=00;36:*.wav=00;36:*.oga=00;36:*.opus=00;36:*.spx=00;36:*.xspf=00;36:'), ('AMENT_PREFIX_PATH', '/home/rob1/eeng_462/lab4/install/sllidar_ros2:/home/rob1/eeng_462/lab4/install/slam_toolbox:/home/rob1/eeng_462/lab4/install/mecanum_robot:/home/rob1/eeng_462/lab4/install/slam_gmapping:/home/rob1/eeng_462/lab4/install/rplidar_ros:/home/rob1/eeng_462/lab4/install/openslam_gmapping:/opt/ros/humble'), ('ROS_DOMAIN_ID', '101'), ('SHELL', '/usr/bin/zsh'), ('QT_ACCESSIBILITY', '1'), ('GDMSESSION', 'i3'), ('GPG_AGENT_INFO', '/run/user/1000/gnupg/S.gpg-agent:0:1'), ('QT_IM_MODULE', 'ibus'), ('XDG_VTNR', '2'), ('PWD', '/home/rob1/eeng_462/lab4/build/rplidar_ros'), ('XDG_CONFIG_DIRS', '/etc/xdg/xdg-i3:/etc/xdg'), ('XDG_DATA_DIRS', '/usr/share/i3:/usr/share/gnome:/usr/local/share/:/usr/share/:/var/lib/snapd/desktop'), ('CLUTTER_IM_MODULE', 'ibus'), ('PYTHONPATH', '/home/rob1/eeng_462/lab4/install/slam_toolbox/local/lib/python3.10/dist-packages:/home/rob1/eeng_462/lab4/install/mecanum_robot/lib/python3.10/site-packages:/opt/ros/humble/lib/python3.10/site-packages:/opt/ros/humble/local/lib/python3.10/dist-packages'), ('I3SOCK', '/run/user/1000/i3/ipc-socket.1870'), ('COLCON', '1'), ('VTE_VERSION', '6800'), ('CMAKE_PREFIX_PATH', '/home/rob1/eeng_462/lab4/install/sllidar_ros2:/home/rob1/eeng_462/lab4/install/slam_toolbox:/home/rob1/eeng_462/lab4/install/slam_gmapping:/home/rob1/eeng_462/lab4/install/mecanum_robot:/opt/ros/humble:/home/rob1/eeng_462/lab4/install/rplidar_ros:/home/rob1/eeng_462/lab4/install/openslam_gmapping')]), 'shell': False}
[0.224028] (slam_toolbox) StdoutLine: {'line': b'[ 20%] Built target slam_toolbox__rosidl_typesupport_cpp\n'}
[0.231634] (slam_toolbox) StdoutLine: {'line': b'[ 29%] Built target slam_toolbox__rosidl_typesupport_fastrtps_cpp\n'}
[0.237717] (rplidar_ros) StdoutLine: {'line': b'-- Install configuration: ""\n'}
[0.238967] (rplidar_ros) StdoutLine: {'line': b'-- Execute custom install script\n'}
[0.240190] (rplidar_ros) StdoutLine: {'line': b'-- Up-to-date symlink: /home/rob1/eeng_462/lab4/install/rplidar_ros/share/rplidar_ros/launch/.rplidar_a1_launch.py.swp\n'}
[0.240569] (rplidar_ros) StdoutLine: {'line': b'-- Up-to-date symlink: /home/rob1/eeng_462/lab4/install/rplidar_ros/share/rplidar_ros/launch/rplidar_a1_launch.py\n'}
[0.240760] (rplidar_ros) StdoutLine: {'line': b'-- Up-to-date symlink: /home/rob1/eeng_462/lab4/install/rplidar_ros/share/rplidar_ros/launch/rplidar_a2m12_launch.py\n'}
[0.241198] (rplidar_ros) StdoutLine: {'line': b'-- Up-to-date symlink: /home/rob1/eeng_462/lab4/install/rplidar_ros/share/rplidar_ros/launch/rplidar_a2m7_launch.py\n'}
[0.241388] (rplidar_ros) StdoutLine: {'line': b'-- Up-to-date symlink: /home/rob1/eeng_462/lab4/install/rplidar_ros/share/rplidar_ros/launch/rplidar_a2m8_launch.py\n'}
[0.241613] (rplidar_ros) StdoutLine: {'line': b'-- Up-to-date symlink: /home/rob1/eeng_462/lab4/install/rplidar_ros/share/rplidar_ros/launch/rplidar_a3_launch.py\n'}
[0.241776] (rplidar_ros) StdoutLine: {'line': b'-- Up-to-date symlink: /home/rob1/eeng_462/lab4/install/rplidar_ros/share/rplidar_ros/launch/rplidar_c1_launch.py\n'}
[0.241989] (rplidar_ros) StdoutLine: {'line': b'-- Up-to-date symlink: /home/rob1/eeng_462/lab4/install/rplidar_ros/share/rplidar_ros/launch/rplidar_s1_launch.py\n'}
[0.242146] (rplidar_ros) StdoutLine: {'line': b'-- Up-to-date symlink: /home/rob1/eeng_462/lab4/install/rplidar_ros/share/rplidar_ros/launch/rplidar_s1_tcp_launch.py\n'}
[0.242352] (rplidar_ros) StdoutLine: {'line': b'-- Up-to-date symlink: /home/rob1/eeng_462/lab4/install/rplidar_ros/share/rplidar_ros/launch/rplidar_s2_launch.py\n'}
[0.242506] (rplidar_ros) StdoutLine: {'line': b'-- Up-to-date symlink: /home/rob1/eeng_462/lab4/install/rplidar_ros/share/rplidar_ros/launch/rplidar_s2e_launch.py\n'}
[0.242796] (rplidar_ros) StdoutLine: {'line': b'-- Up-to-date symlink: /home/rob1/eeng_462/lab4/install/rplidar_ros/share/rplidar_ros/launch/rplidar_s3_launch.py\n'}
[0.243285] (slam_toolbox) StdoutLine: {'line': b'[ 37%] Built target slam_toolbox__rosidl_typesupport_introspection_cpp\n'}
[0.243801] (rplidar_ros) StdoutLine: {'line': b'-- Up-to-date symlink: /home/rob1/eeng_462/lab4/install/rplidar_ros/share/rplidar_ros/launch/rplidar_t1_launch.py\n'}
[0.244446] (rplidar_ros) StdoutLine: {'line': b'-- Up-to-date symlink: /home/rob1/eeng_462/lab4/install/rplidar_ros/share/rplidar_ros/launch/view_rplidar_a1_launch.py\n'}
[0.245113] (rplidar_ros) StdoutLine: {'line': b'-- Up-to-date symlink: /home/rob1/eeng_462/lab4/install/rplidar_ros/share/rplidar_ros/launch/view_rplidar_a2m12_launch.py\n'}
[0.245759] (rplidar_ros) StdoutLine: {'line': b'-- Up-to-date symlink: /home/rob1/eeng_462/lab4/install/rplidar_ros/share/rplidar_ros/launch/view_rplidar_a2m7_launch.py\n'}
[0.246409] (rplidar_ros) StdoutLine: {'line': b'-- Up-to-date symlink: /home/rob1/eeng_462/lab4/install/rplidar_ros/share/rplidar_ros/launch/view_rplidar_a2m8_launch.py\n'}
[0.247059] (rplidar_ros) StdoutLine: {'line': b'-- Up-to-date symlink: /home/rob1/eeng_462/lab4/install/rplidar_ros/share/rplidar_ros/launch/view_rplidar_a3_launch.py\n'}
[0.247718] (rplidar_ros) StdoutLine: {'line': b'-- Up-to-date symlink: /home/rob1/eeng_462/lab4/install/rplidar_ros/share/rplidar_ros/launch/view_rplidar_c1_launch.py\n'}
[0.248335] (rplidar_ros) StdoutLine: {'line': b'-- Up-to-date symlink: /home/rob1/eeng_462/lab4/install/rplidar_ros/share/rplidar_ros/launch/view_rplidar_s1_launch.py\n'}
[0.249362] (rplidar_ros) StdoutLine: {'line': b'-- Up-to-date symlink: /home/rob1/eeng_462/lab4/install/rplidar_ros/share/rplidar_ros/launch/view_rplidar_s1_tcp_launch.py\n'}
[0.250051] (rplidar_ros) StdoutLine: {'line': b'-- Up-to-date symlink: /home/rob1/eeng_462/lab4/install/rplidar_ros/share/rplidar_ros/launch/view_rplidar_s2_launch.py\n'}
[0.250675] (rplidar_ros) StdoutLine: {'line': b'-- Up-to-date symlink: /home/rob1/eeng_462/lab4/install/rplidar_ros/share/rplidar_ros/launch/view_rplidar_s2e_launch.py\n'}
[0.251347] (rplidar_ros) StdoutLine: {'line': b'-- Up-to-date symlink: /home/rob1/eeng_462/lab4/install/rplidar_ros/share/rplidar_ros/launch/view_rplidar_s3_launch.py\n'}
[0.251989] (rplidar_ros) StdoutLine: {'line': b'-- Up-to-date symlink: /home/rob1/eeng_462/lab4/install/rplidar_ros/share/rplidar_ros/launch/view_rplidar_t1_launch.py\n'}
[0.253136] (slam_toolbox) StdoutLine: {'line': b'[ 53%] Built target slam_toolbox__rosidl_typesupport_introspection_c\n'}
[0.253453] (rplidar_ros) StdoutLine: {'line': b'-- Up-to-date symlink: /home/rob1/eeng_462/lab4/install/rplidar_ros/share/rplidar_ros/rviz/rplidar_ros.rviz\n'}
[0.253723] (rplidar_ros) StdoutLine: {'line': b'-- Up-to-date symlink: /home/rob1/eeng_462/lab4/install/rplidar_ros/lib/rplidar_ros/rplidar_node\n'}
[0.253965] (rplidar_ros) StdoutLine: {'line': b'-- Up-to-date symlink: /home/rob1/eeng_462/lab4/install/rplidar_ros/lib/rplidar_ros/rplidar_composition\n'}
[0.254197] (rplidar_ros) StdoutLine: {'line': b'-- Up-to-date symlink: /home/rob1/eeng_462/lab4/install/rplidar_ros/lib/rplidar_ros/rplidar_client\n'}
[0.254590] (rplidar_ros) StdoutLine: {'line': b'-- Up-to-date symlink: /home/rob1/eeng_462/lab4/install/rplidar_ros/share/ament_index/resource_index/package_run_dependencies/rplidar_ros\n'}
[0.254944] (rplidar_ros) StdoutLine: {'line': b'-- Up-to-date symlink: /home/rob1/eeng_462/lab4/install/rplidar_ros/share/ament_index/resource_index/parent_prefix_path/rplidar_ros\n'}
[0.255292] (rplidar_ros) StdoutLine: {'line': b'-- Up-to-date symlink: /home/rob1/eeng_462/lab4/install/rplidar_ros/share/rplidar_ros/environment/ament_prefix_path.sh\n'}
[0.255599] (rplidar_ros) StdoutLine: {'line': b'-- Up-to-date symlink: /home/rob1/eeng_462/lab4/install/rplidar_ros/share/rplidar_ros/environment/ament_prefix_path.dsv\n'}
[0.255909] (rplidar_ros) StdoutLine: {'line': b'-- Up-to-date symlink: /home/rob1/eeng_462/lab4/install/rplidar_ros/share/rplidar_ros/environment/path.sh\n'}
[0.256416] (rplidar_ros) StdoutLine: {'line': b'-- Up-to-date symlink: /home/rob1/eeng_462/lab4/install/rplidar_ros/share/rplidar_ros/environment/path.dsv\n'}
[0.256723] (rplidar_ros) StdoutLine: {'line': b'-- Up-to-date symlink: /home/rob1/eeng_462/lab4/install/rplidar_ros/share/rplidar_ros/local_setup.bash\n'}
[0.257050] (rplidar_ros) StdoutLine: {'line': b'-- Up-to-date symlink: /home/rob1/eeng_462/lab4/install/rplidar_ros/share/rplidar_ros/local_setup.sh\n'}
[0.257390] (slam_toolbox) StdoutLine: {'line': b'[ 54%] Built target slam_toolbox__rosidl_typesupport_fastrtps_c\n'}
[0.257577] (rplidar_ros) StdoutLine: {'line': b'-- Up-to-date symlink: /home/rob1/eeng_462/lab4/install/rplidar_ros/share/rplidar_ros/local_setup.zsh\n'}
[0.257793] (rplidar_ros) StdoutLine: {'line': b'-- Up-to-date symlink: /home/rob1/eeng_462/lab4/install/rplidar_ros/share/rplidar_ros/local_setup.dsv\n'}
[0.258000] (rplidar_ros) StdoutLine: {'line': b'-- Symlinking: /home/rob1/eeng_462/lab4/install/rplidar_ros/share/rplidar_ros/package.dsv\n'}
[0.277330] (rplidar_ros) StdoutLine: {'line': b'-- Up-to-date symlink: /home/rob1/eeng_462/lab4/install/rplidar_ros/share/ament_index/resource_index/packages/rplidar_ros\n'}
[0.277979] (rplidar_ros) StdoutLine: {'line': b'-- Up-to-date symlink: /home/rob1/eeng_462/lab4/install/rplidar_ros/share/rplidar_ros/cmake/ament_cmake_export_dependencies-extras.cmake\n'}
[0.278213] (rplidar_ros) StdoutLine: {'line': b'-- Up-to-date symlink: /home/rob1/eeng_462/lab4/install/rplidar_ros/share/rplidar_ros/cmake/ament_cmake_export_include_directories-extras.cmake\n'}
[0.278470] (rplidar_ros) StdoutLine: {'line': b'-- Up-to-date symlink: /home/rob1/eeng_462/lab4/install/rplidar_ros/share/rplidar_ros/cmake/rplidar_rosConfig.cmake\n'}
[0.278720] (rplidar_ros) StdoutLine: {'line': b'-- Up-to-date symlink: /home/rob1/eeng_462/lab4/install/rplidar_ros/share/rplidar_ros/cmake/rplidar_rosConfig-version.cmake\n'}
[0.278966] (rplidar_ros) StdoutLine: {'line': b'-- Up-to-date symlink: /home/rob1/eeng_462/lab4/install/rplidar_ros/share/rplidar_ros/package.xml\n'}
[0.283337] (rplidar_ros) CommandEnded: {'returncode': 0}
[0.294980] (slam_toolbox) StdoutLine: {'line': b'[ 62%] Built target slam_toolbox__rosidl_typesupport_c\n'}
[0.300256] (-) TimerEvent: {}
[0.314677] (slam_toolbox) StdoutLine: {'line': b'[ 64%] Built target SlamToolboxPlugin\n'}
[0.330674] (rplidar_ros) JobEnded: {'identifier': 'rplidar_ros', 'rc': 0}
[0.332078] (mecanum_robot) JobStarted: {'identifier': 'mecanum_robot'}
[0.335244] (slam_toolbox) StdoutLine: {'line': b'[ 64%] Built target slam_toolbox\n'}
[0.338746] (slam_toolbox) StdoutLine: {'line': b'[ 66%] Built target ceres_solver_plugin\n'}
[0.376255] (slam_toolbox) StdoutLine: {'line': b'[ 71%] Built target toolbox_common\n'}
[0.381200] (slam_toolbox) StdoutLine: {'line': b'[ 71%] Built target slam_toolbox__py\n'}
[0.400626] (-) TimerEvent: {}
[0.470385] (slam_toolbox) StdoutLine: {'line': b'[ 73%] Built target sync_slam_toolbox\n'}
[0.471373] (slam_toolbox) StdoutLine: {'line': b'[ 74%] Built target localization_slam_toolbox\n'}
[0.474010] (slam_toolbox) StdoutLine: {'line': b'[ 76%] Built target async_slam_toolbox\n'}
[0.500818] (-) TimerEvent: {}
[0.506814] (slam_toolbox) StdoutLine: {'line': b'[ 78%] Built target merge_maps_kinematic\n'}
[0.510658] (slam_toolbox) StdoutLine: {'line': b'[ 79%] Built target lifelong_slam_toolbox\n'}
[0.546589] (slam_toolbox) StdoutLine: {'line': b'[ 87%] Built target slam_toolbox__rosidl_generator_py\n'}
[0.568334] (slam_toolbox) StdoutLine: {'line': b'[ 88%] Built target sync_slam_toolbox_node\n'}
[0.583718] (slam_toolbox) StdoutLine: {'line': b'[ 90%] Built target localization_slam_toolbox_node\n'}
[0.601164] (-) TimerEvent: {}
[0.606487] (slam_toolbox) StdoutLine: {'line': b'[ 91%] Built target map_and_localization_slam_toolbox\n'}
[0.620396] (slam_toolbox) StdoutLine: {'line': b'[ 92%] Built target async_slam_toolbox_node\n'}
[0.642435] (slam_toolbox) StdoutLine: {'line': b'[ 94%] Built target slam_toolbox__rosidl_typesupport_introspection_c__pyext\n'}
[0.654267] (slam_toolbox) StdoutLine: {'line': b'[ 95%] Built target slam_toolbox__rosidl_typesupport_fastrtps_c__pyext\n'}
[0.659938] (slam_toolbox) StdoutLine: {'line': b'[ 97%] Built target lifelong_slam_toolbox_node\n'}
[0.666540] (slam_toolbox) StdoutLine: {'line': b'[ 99%] Built target slam_toolbox__rosidl_typesupport_c__pyext\n'}
[0.701306] (-) TimerEvent: {}
[0.712003] (slam_toolbox) StdoutLine: {'line': b'[100%] Built target map_and_localization_slam_toolbox_node\n'}
[0.801449] (-) TimerEvent: {}
[0.841000] (slam_toolbox) StdoutLine: {'line': b'running egg_info\n'}
[0.842627] (slam_toolbox) StdoutLine: {'line': b'writing slam_toolbox.egg-info/PKG-INFO\n'}
[0.843227] (slam_toolbox) StdoutLine: {'line': b'writing dependency_links to slam_toolbox.egg-info/dependency_links.txt\n'}
[0.843673] (slam_toolbox) StdoutLine: {'line': b'writing top-level names to slam_toolbox.egg-info/top_level.txt\n'}
[0.849348] (slam_toolbox) StdoutLine: {'line': b"reading manifest file 'slam_toolbox.egg-info/SOURCES.txt'\n"}
[0.850899] (slam_toolbox) StdoutLine: {'line': b"writing manifest file 'slam_toolbox.egg-info/SOURCES.txt'\n"}
[0.901594] (-) TimerEvent: {}
[0.925708] (slam_toolbox) StdoutLine: {'line': b'[100%] Built target ament_cmake_python_build_slam_toolbox_egg\n'}
[1.001762] (-) TimerEvent: {}
[1.050766] (slam_toolbox) CommandEnded: {'returncode': 0}
[1.052843] (slam_toolbox) JobProgress: {'identifier': 'slam_toolbox', 'progress': 'install'}
[1.053874] (slam_toolbox) Command: {'cmd': ['/usr/bin/cmake', '--install', '/home/rob1/eeng_462/lab4/build/slam_toolbox'], 'cwd': '/home/rob1/eeng_462/lab4/build/slam_toolbox', 'env': OrderedDict([('USER', 'rob1'), ('XDG_SEAT', 'seat0'), ('XDG_SESSION_TYPE', 'x11'), ('SHLVL', '1'), ('LD_LIBRARY_PATH', '/home/rob1/eeng_462/lab4/install/slam_toolbox/lib:/home/rob1/eeng_462/lab4/install/openslam_gmapping/lib:/opt/ros/humble/opt/rviz_ogre_vendor/lib:/opt/ros/humble/lib/aarch64-linux-gnu:/opt/ros/humble/lib'), ('HOME', '/home/rob1'), ('OLDPWD', '/home/rob1/eeng_462'), ('LESS', '-R'), ('DESKTOP_SESSION', 'i3'), ('ZSH', '/home/rob1/.oh-my-zsh'), ('LSCOLORS', 'Gxfxcxdxbxegedabagacad'), ('GTK_MODULES', 'gail:atk-bridge'), ('PAGER', 'less'), ('ROS_PYTHON_VERSION', '3'), ('SYSTEMD_EXEC_PID', '1839'), ('DBUS_SESSION_BUS_ADDRESS', 'unix:path=/run/user/1000/bus'), ('COLORTERM', 'truecolor'), ('_colcon_cd_root', '/opt/ros/humble/'), ('ROS_DISTRO', 'humble'), ('COLCON_PREFIX_PATH', '/home/rob1/eeng_462/lab4/install'), ('GTK_IM_MODULE', 'ibus'), ('LOGNAME', 'rob1'), ('_', '/usr/bin/colcon'), ('XDG_SESSION_CLASS', 'user'), ('ROS_VERSION', '2'), ('XDG_SESSION_ID', '2'), ('USERNAME', 'rob1'), ('TERM', 'xterm-256color'), ('ROS_LOCALHOST_ONLY', '0'), ('WINDOWPATH', '2'), ('PATH', '/opt/ros/humble/bin:/home/rob1/.local/bin:/usr/local/sbin:/usr/local/bin:/usr/sbin:/usr/bin:/sbin:/bin:/usr/games:/usr/local/games:/snap/bin:/snap/bin'), ('GNOME_TERMINAL_SCREEN', '/org/gnome/Terminal/screen/5b3aaf95_5539_44c3_9ed1_359fd9d6f4f9'), ('XDG_RUNTIME_DIR', '/run/user/1000'), ('DISPLAY', ':1'), ('LANG', 'en_US.UTF-8'), ('XDG_CURRENT_DESKTOP', 'i3'), ('XDG_SESSION_DESKTOP', 'i3'), ('GNOME_TERMINAL_SERVICE', ':1.45'), ('XMODIFIERS', '@im=ibus'), ('XAUTHORITY', '/run/user/1000/gdm/Xauthority'), ('LS_COLORS', 'rs=0:di=01;34:ln=01;36:mh=00:pi=40;33:so=01;35:do=01;35:bd=40;33;01:cd=40;33;01:or=40;31;01:mi=00:su=37;41:sg=30;43:ca=30;41:tw=30;42:ow=34;42:st=37;44:ex=01;32:*.tar=01;31:*.tgz=01;31:*.arc=01;31:*.arj=01;31:*.taz=01;31:*.lha=01;31:*.lz4=01;31:*.lzh=01;31:*.lzma=01;31:*.tlz=01;31:*.txz=01;31:*.tzo=01;31:*.t7z=01;31:*.zip=01;31:*.z=01;31:*.dz=01;31:*.gz=01;31:*.lrz=01;31:*.lz=01;31:*.lzo=01;31:*.xz=01;31:*.zst=01;31:*.tzst=01;31:*.bz2=01;31:*.bz=01;31:*.tbz=01;31:*.tbz2=01;31:*.tz=01;31:*.deb=01;31:*.rpm=01;31:*.jar=01;31:*.war=01;31:*.ear=01;31:*.sar=01;31:*.rar=01;31:*.alz=01;31:*.ace=01;31:*.zoo=01;31:*.cpio=01;31:*.7z=01;31:*.rz=01;31:*.cab=01;31:*.wim=01;31:*.swm=01;31:*.dwm=01;31:*.esd=01;31:*.jpg=01;35:*.jpeg=01;35:*.mjpg=01;35:*.mjpeg=01;35:*.gif=01;35:*.bmp=01;35:*.pbm=01;35:*.pgm=01;35:*.ppm=01;35:*.tga=01;35:*.xbm=01;35:*.xpm=01;35:*.tif=01;35:*.tiff=01;35:*.png=01;35:*.svg=01;35:*.svgz=01;35:*.mng=01;35:*.pcx=01;35:*.mov=01;35:*.mpg=01;35:*.mpeg=01;35:*.m2v=01;35:*.mkv=01;35:*.webm=01;35:*.webp=01;35:*.ogm=01;35:*.mp4=01;35:*.m4v=01;35:*.mp4v=01;35:*.vob=01;35:*.qt=01;35:*.nuv=01;35:*.wmv=01;35:*.asf=01;35:*.rm=01;35:*.rmvb=01;35:*.flc=01;35:*.avi=01;35:*.fli=01;35:*.flv=01;35:*.gl=01;35:*.dl=01;35:*.xcf=01;35:*.xwd=01;35:*.yuv=01;35:*.cgm=01;35:*.emf=01;35:*.ogv=01;35:*.ogx=01;35:*.aac=00;36:*.au=00;36:*.flac=00;36:*.m4a=00;36:*.mid=00;36:*.midi=00;36:*.mka=00;36:*.mp3=00;36:*.mpc=00;36:*.ogg=00;36:*.ra=00;36:*.wav=00;36:*.oga=00;36:*.opus=00;36:*.spx=00;36:*.xspf=00;36:'), ('AMENT_PREFIX_PATH', '/home/rob1/eeng_462/lab4/install/sllidar_ros2:/home/rob1/eeng_462/lab4/install/slam_toolbox:/home/rob1/eeng_462/lab4/install/mecanum_robot:/home/rob1/eeng_462/lab4/install/slam_gmapping:/home/rob1/eeng_462/lab4/install/rplidar_ros:/home/rob1/eeng_462/lab4/install/openslam_gmapping:/opt/ros/humble'), ('ROS_DOMAIN_ID', '101'), ('SHELL', '/usr/bin/zsh'), ('QT_ACCESSIBILITY', '1'), ('GDMSESSION', 'i3'), ('GPG_AGENT_INFO', '/run/user/1000/gnupg/S.gpg-agent:0:1'), ('QT_IM_MODULE', 'ibus'), ('XDG_VTNR', '2'), ('PWD', '/home/rob1/eeng_462/lab4/build/slam_toolbox'), ('XDG_CONFIG_DIRS', '/etc/xdg/xdg-i3:/etc/xdg'), ('XDG_DATA_DIRS', '/usr/share/i3:/usr/share/gnome:/usr/local/share/:/usr/share/:/var/lib/snapd/desktop'), ('CLUTTER_IM_MODULE', 'ibus'), ('PYTHONPATH', '/home/rob1/eeng_462/lab4/install/slam_toolbox/local/lib/python3.10/dist-packages:/home/rob1/eeng_462/lab4/install/mecanum_robot/lib/python3.10/site-packages:/opt/ros/humble/lib/python3.10/site-packages:/opt/ros/humble/local/lib/python3.10/dist-packages'), ('I3SOCK', '/run/user/1000/i3/ipc-socket.1870'), ('COLCON', '1'), ('VTE_VERSION', '6800'), ('CMAKE_PREFIX_PATH', '/home/rob1/eeng_462/lab4/install/sllidar_ros2:/home/rob1/eeng_462/lab4/install/slam_toolbox:/home/rob1/eeng_462/lab4/install/slam_gmapping:/home/rob1/eeng_462/lab4/install/mecanum_robot:/opt/ros/humble:/home/rob1/eeng_462/lab4/install/rplidar_ros:/home/rob1/eeng_462/lab4/install/openslam_gmapping')]), 'shell': False}
[1.073232] (slam_toolbox) StdoutLine: {'line': b'-- Install configuration: "Release"\n'}
[1.075073] (slam_toolbox) StdoutLine: {'line': b'-- Execute custom install script\n'}
[1.076063] (slam_toolbox) StdoutLine: {'line': b'-- Up-to-date symlink: /home/rob1/eeng_462/lab4/install/slam_toolbox/include//karto_sdk/Karto.h\n'}
[1.076369] (slam_toolbox) StdoutLine: {'line': b'-- Up-to-date symlink: /home/rob1/eeng_462/lab4/install/slam_toolbox/include//karto_sdk/Macros.h\n'}
[1.076631] (slam_toolbox) StdoutLine: {'line': b'-- Up-to-date symlink: /home/rob1/eeng_462/lab4/install/slam_toolbox/include//karto_sdk/Mapper.h\n'}
[1.076879] (slam_toolbox) StdoutLine: {'line': b'-- Up-to-date symlink: /home/rob1/eeng_462/lab4/install/slam_toolbox/include//karto_sdk/Math.h\n'}
[1.077189] (slam_toolbox) StdoutLine: {'line': b'-- Up-to-date symlink: /home/rob1/eeng_462/lab4/install/slam_toolbox/include//karto_sdk/Types.h\n'}
[1.077429] (slam_toolbox) StdoutLine: {'line': b'-- Up-to-date symlink: /home/rob1/eeng_462/lab4/install/slam_toolbox/include//karto_sdk/nanoflann.hpp\n'}
[1.077661] (slam_toolbox) StdoutLine: {'line': b'-- Up-to-date symlink: /home/rob1/eeng_462/lab4/install/slam_toolbox/include//karto_sdk/nanoflann_adaptors.h\n'}
[1.077879] (slam_toolbox) StdoutLine: {'line': b'-- Up-to-date symlink: /home/rob1/eeng_462/lab4/install/slam_toolbox/share/ament_index/resource_index/rosidl_interfaces/slam_toolbox\n'}
[1.079487] (slam_toolbox) StdoutLine: {'line': b'-- Up-to-date symlink: /home/rob1/eeng_462/lab4/install/slam_toolbox/include/slam_toolbox/slam_toolbox/msg/rosidl_generator_c__visibility_control.h\n'}
[1.079764] (slam_toolbox) StdoutLine: {'line': b'-- Up-to-date symlink: /home/rob1/eeng_462/lab4/install/slam_toolbox/include/slam_toolbox/slam_toolbox/srv/add_submap.h\n'}
[1.080024] (slam_toolbox) StdoutLine: {'line': b'-- Up-to-date symlink: /home/rob1/eeng_462/lab4/install/slam_toolbox/include/slam_toolbox/slam_toolbox/srv/clear.h\n'}
[1.080274] (slam_toolbox) StdoutLine: {'line': b'-- Up-to-date symlink: /home/rob1/eeng_462/lab4/install/slam_toolbox/include/slam_toolbox/slam_toolbox/srv/clear_queue.h\n'}
[1.080511] (slam_toolbox) StdoutLine: {'line': b'-- Up-to-date symlink: /home/rob1/eeng_462/lab4/install/slam_toolbox/include/slam_toolbox/slam_toolbox/srv/deserialize_pose_graph.h\n'}
[1.080747] (slam_toolbox) StdoutLine: {'line': b'-- Up-to-date symlink: /home/rob1/eeng_462/lab4/install/slam_toolbox/include/slam_toolbox/slam_toolbox/srv/detail/add_submap__functions.h\n'}
[1.081006] (slam_toolbox) StdoutLine: {'line': b'-- Up-to-date symlink: /home/rob1/eeng_462/lab4/install/slam_toolbox/include/slam_toolbox/slam_toolbox/srv/detail/add_submap__struct.h\n'}
[1.081246] (slam_toolbox) StdoutLine: {'line': b'-- Up-to-date symlink: /home/rob1/eeng_462/lab4/install/slam_toolbox/include/slam_toolbox/slam_toolbox/srv/detail/add_submap__type_support.h\n'}
[1.081482] (slam_toolbox) StdoutLine: {'line': b'-- Up-to-date symlink: /home/rob1/eeng_462/lab4/install/slam_toolbox/include/slam_toolbox/slam_toolbox/srv/detail/clear__functions.h\n'}
[1.081716] (slam_toolbox) StdoutLine: {'line': b'-- Up-to-date symlink: /home/rob1/eeng_462/lab4/install/slam_toolbox/include/slam_toolbox/slam_toolbox/srv/detail/clear__struct.h\n'}
[1.082121] (slam_toolbox) StdoutLine: {'line': b'-- Up-to-date symlink: /home/rob1/eeng_462/lab4/install/slam_toolbox/include/slam_toolbox/slam_toolbox/srv/detail/clear__type_support.h\n'}
[1.082409] (slam_toolbox) StdoutLine: {'line': b'-- Up-to-date symlink: /home/rob1/eeng_462/lab4/install/slam_toolbox/include/slam_toolbox/slam_toolbox/srv/detail/clear_queue__functions.h\n'}
[1.082638] (slam_toolbox) StdoutLine: {'line': b'-- Up-to-date symlink: /home/rob1/eeng_462/lab4/install/slam_toolbox/include/slam_toolbox/slam_toolbox/srv/detail/clear_queue__struct.h\n'}
[1.082864] (slam_toolbox) StdoutLine: {'line': b'-- Up-to-date symlink: /home/rob1/eeng_462/lab4/install/slam_toolbox/include/slam_toolbox/slam_toolbox/srv/detail/clear_queue__type_support.h\n'}
[1.083075] (slam_toolbox) StdoutLine: {'line': b'-- Up-to-date symlink: /home/rob1/eeng_462/lab4/install/slam_toolbox/include/slam_toolbox/slam_toolbox/srv/detail/deserialize_pose_graph__functions.h\n'}
[1.083299] (slam_toolbox) StdoutLine: {'line': b'-- Up-to-date symlink: /home/rob1/eeng_462/lab4/install/slam_toolbox/include/slam_toolbox/slam_toolbox/srv/detail/deserialize_pose_graph__struct.h\n'}
[1.083518] (slam_toolbox) StdoutLine: {'line': b'-- Up-to-date symlink: /home/rob1/eeng_462/lab4/install/slam_toolbox/include/slam_toolbox/slam_toolbox/srv/detail/deserialize_pose_graph__type_support.h\n'}
[1.083740] (slam_toolbox) StdoutLine: {'line': b'-- Up-to-date symlink: /home/rob1/eeng_462/lab4/install/slam_toolbox/include/slam_toolbox/slam_toolbox/srv/detail/loop_closure__functions.h\n'}
[1.083961] (slam_toolbox) StdoutLine: {'line': b'-- Up-to-date symlink: /home/rob1/eeng_462/lab4/install/slam_toolbox/include/slam_toolbox/slam_toolbox/srv/detail/loop_closure__struct.h\n'}
[1.084183] (slam_toolbox) StdoutLine: {'line': b'-- Up-to-date symlink: /home/rob1/eeng_462/lab4/install/slam_toolbox/include/slam_toolbox/slam_toolbox/srv/detail/loop_closure__type_support.h\n'}
[1.084402] (slam_toolbox) StdoutLine: {'line': b'-- Up-to-date symlink: /home/rob1/eeng_462/lab4/install/slam_toolbox/include/slam_toolbox/slam_toolbox/srv/detail/merge_maps__functions.h\n'}
[1.084622] (slam_toolbox) StdoutLine: {'line': b'-- Up-to-date symlink: /home/rob1/eeng_462/lab4/install/slam_toolbox/include/slam_toolbox/slam_toolbox/srv/detail/merge_maps__struct.h\n'}
[1.084839] (slam_toolbox) StdoutLine: {'line': b'-- Up-to-date symlink: /home/rob1/eeng_462/lab4/install/slam_toolbox/include/slam_toolbox/slam_toolbox/srv/detail/merge_maps__type_support.h\n'}
[1.085086] (slam_toolbox) StdoutLine: {'line': b'-- Up-to-date symlink: /home/rob1/eeng_462/lab4/install/slam_toolbox/include/slam_toolbox/slam_toolbox/srv/detail/pause__functions.h\n'}
[1.085309] (slam_toolbox) StdoutLine: {'line': b'-- Up-to-date symlink: /home/rob1/eeng_462/lab4/install/slam_toolbox/include/slam_toolbox/slam_toolbox/srv/detail/pause__struct.h\n'}
[1.085547] (slam_toolbox) StdoutLine: {'line': b'-- Up-to-date symlink: /home/rob1/eeng_462/lab4/install/slam_toolbox/include/slam_toolbox/slam_toolbox/srv/detail/pause__type_support.h\n'}
[1.085772] (slam_toolbox) StdoutLine: {'line': b'-- Up-to-date symlink: /home/rob1/eeng_462/lab4/install/slam_toolbox/include/slam_toolbox/slam_toolbox/srv/detail/save_map__functions.h\n'}
[1.085994] (slam_toolbox) StdoutLine: {'line': b'-- Up-to-date symlink: /home/rob1/eeng_462/lab4/install/slam_toolbox/include/slam_toolbox/slam_toolbox/srv/detail/save_map__struct.h\n'}
[1.086207] (slam_toolbox) StdoutLine: {'line': b'-- Up-to-date symlink: /home/rob1/eeng_462/lab4/install/slam_toolbox/include/slam_toolbox/slam_toolbox/srv/detail/save_map__type_support.h\n'}
[1.086384] (slam_toolbox) StdoutLine: {'line': b'-- Up-to-date symlink: /home/rob1/eeng_462/lab4/install/slam_toolbox/include/slam_toolbox/slam_toolbox/srv/detail/serialize_pose_graph__functions.h\n'}
[1.086599] (slam_toolbox) StdoutLine: {'line': b'-- Up-to-date symlink: /home/rob1/eeng_462/lab4/install/slam_toolbox/include/slam_toolbox/slam_toolbox/srv/detail/serialize_pose_graph__struct.h\n'}
[1.086811] (slam_toolbox) StdoutLine: {'line': b'-- Up-to-date symlink: /home/rob1/eeng_462/lab4/install/slam_toolbox/include/slam_toolbox/slam_toolbox/srv/detail/serialize_pose_graph__type_support.h\n'}
[1.087030] (slam_toolbox) StdoutLine: {'line': b'-- Up-to-date symlink: /home/rob1/eeng_462/lab4/install/slam_toolbox/include/slam_toolbox/slam_toolbox/srv/detail/toggle_interactive__functions.h\n'}
[1.087243] (slam_toolbox) StdoutLine: {'line': b'-- Up-to-date symlink: /home/rob1/eeng_462/lab4/install/slam_toolbox/include/slam_toolbox/slam_toolbox/srv/detail/toggle_interactive__struct.h\n'}
[1.087458] (slam_toolbox) StdoutLine: {'line': b'-- Up-to-date symlink: /home/rob1/eeng_462/lab4/install/slam_toolbox/include/slam_toolbox/slam_toolbox/srv/detail/toggle_interactive__type_support.h\n'}
[1.087691] (slam_toolbox) StdoutLine: {'line': b'-- Up-to-date symlink: /home/rob1/eeng_462/lab4/install/slam_toolbox/include/slam_toolbox/slam_toolbox/srv/loop_closure.h\n'}
[1.087908] (slam_toolbox) StdoutLine: {'line': b'-- Up-to-date symlink: /home/rob1/eeng_462/lab4/install/slam_toolbox/include/slam_toolbox/slam_toolbox/srv/merge_maps.h\n'}
[1.088125] (slam_toolbox) StdoutLine: {'line': b'-- Up-to-date symlink: /home/rob1/eeng_462/lab4/install/slam_toolbox/include/slam_toolbox/slam_toolbox/srv/pause.h\n'}
[1.088341] (slam_toolbox) StdoutLine: {'line': b'-- Up-to-date symlink: /home/rob1/eeng_462/lab4/install/slam_toolbox/include/slam_toolbox/slam_toolbox/srv/save_map.h\n'}
[1.088557] (slam_toolbox) StdoutLine: {'line': b'-- Up-to-date symlink: /home/rob1/eeng_462/lab4/install/slam_toolbox/include/slam_toolbox/slam_toolbox/srv/serialize_pose_graph.h\n'}
[1.088779] (slam_toolbox) StdoutLine: {'line': b'-- Up-to-date symlink: /home/rob1/eeng_462/lab4/install/slam_toolbox/include/slam_toolbox/slam_toolbox/srv/toggle_interactive.h\n'}
[1.089736] (slam_toolbox) StdoutLine: {'line': b'-- Up-to-date symlink: /home/rob1/eeng_462/lab4/install/slam_toolbox/share/slam_toolbox/environment/library_path.sh\n'}
[1.089981] (slam_toolbox) StdoutLine: {'line': b'-- Up-to-date symlink: /home/rob1/eeng_462/lab4/install/slam_toolbox/share/slam_toolbox/environment/library_path.dsv\n'}
[1.091480] (slam_toolbox) StdoutLine: {'line': b'-- Up-to-date symlink: /home/rob1/eeng_462/lab4/install/slam_toolbox/include/slam_toolbox/slam_toolbox/msg/rosidl_typesupport_fastrtps_c__visibility_control.h\n'}
[1.091723] (slam_toolbox) StdoutLine: {'line': b'-- Up-to-date symlink: /home/rob1/eeng_462/lab4/install/slam_toolbox/include/slam_toolbox/slam_toolbox/srv/detail/add_submap__rosidl_typesupport_fastrtps_c.h\n'}
[1.092028] (slam_toolbox) StdoutLine: {'line': b'-- Up-to-date symlink: /home/rob1/eeng_462/lab4/install/slam_toolbox/include/slam_toolbox/slam_toolbox/srv/detail/clear__rosidl_typesupport_fastrtps_c.h\n'}
[1.092272] (slam_toolbox) StdoutLine: {'line': b'-- Up-to-date symlink: /home/rob1/eeng_462/lab4/install/slam_toolbox/include/slam_toolbox/slam_toolbox/srv/detail/clear_queue__rosidl_typesupport_fastrtps_c.h\n'}
[1.092499] (slam_toolbox) StdoutLine: {'line': b'-- Up-to-date symlink: /home/rob1/eeng_462/lab4/install/slam_toolbox/include/slam_toolbox/slam_toolbox/srv/detail/deserialize_pose_graph__rosidl_typesupport_fastrtps_c.h\n'}
[1.092724] (slam_toolbox) StdoutLine: {'line': b'-- Up-to-date symlink: /home/rob1/eeng_462/lab4/install/slam_toolbox/include/slam_toolbox/slam_toolbox/srv/detail/loop_closure__rosidl_typesupport_fastrtps_c.h\n'}
[1.092957] (slam_toolbox) StdoutLine: {'line': b'-- Up-to-date symlink: /home/rob1/eeng_462/lab4/install/slam_toolbox/include/slam_toolbox/slam_toolbox/srv/detail/merge_maps__rosidl_typesupport_fastrtps_c.h\n'}
[1.093185] (slam_toolbox) StdoutLine: {'line': b'-- Up-to-date symlink: /home/rob1/eeng_462/lab4/install/slam_toolbox/include/slam_toolbox/slam_toolbox/srv/detail/pause__rosidl_typesupport_fastrtps_c.h\n'}
[1.093400] (slam_toolbox) StdoutLine: {'line': b'-- Up-to-date symlink: /home/rob1/eeng_462/lab4/install/slam_toolbox/include/slam_toolbox/slam_toolbox/srv/detail/save_map__rosidl_typesupport_fastrtps_c.h\n'}
[1.093654] (slam_toolbox) StdoutLine: {'line': b'-- Up-to-date symlink: /home/rob1/eeng_462/lab4/install/slam_toolbox/include/slam_toolbox/slam_toolbox/srv/detail/serialize_pose_graph__rosidl_typesupport_fastrtps_c.h\n'}
[1.093883] (slam_toolbox) StdoutLine: {'line': b'-- Up-to-date symlink: /home/rob1/eeng_462/lab4/install/slam_toolbox/include/slam_toolbox/slam_toolbox/srv/detail/toggle_interactive__rosidl_typesupport_fastrtps_c.h\n'}
[1.095545] (slam_toolbox) StdoutLine: {'line': b'-- Up-to-date symlink: /home/rob1/eeng_462/lab4/install/slam_toolbox/include/slam_toolbox/slam_toolbox/msg/rosidl_generator_cpp__visibility_control.hpp\n'}
[1.095801] (slam_toolbox) StdoutLine: {'line': b'-- Up-to-date symlink: /home/rob1/eeng_462/lab4/install/slam_toolbox/include/slam_toolbox/slam_toolbox/srv/add_submap.hpp\n'}
[1.096068] (slam_toolbox) StdoutLine: {'line': b'-- Up-to-date symlink: /home/rob1/eeng_462/lab4/install/slam_toolbox/include/slam_toolbox/slam_toolbox/srv/clear.hpp\n'}
[1.096338] (slam_toolbox) StdoutLine: {'line': b'-- Up-to-date symlink: /home/rob1/eeng_462/lab4/install/slam_toolbox/include/slam_toolbox/slam_toolbox/srv/clear_queue.hpp\n'}
[1.096571] (slam_toolbox) StdoutLine: {'line': b'-- Up-to-date symlink: /home/rob1/eeng_462/lab4/install/slam_toolbox/include/slam_toolbox/slam_toolbox/srv/deserialize_pose_graph.hpp\n'}
[1.096801] (slam_toolbox) StdoutLine: {'line': b'-- Up-to-date symlink: /home/rob1/eeng_462/lab4/install/slam_toolbox/include/slam_toolbox/slam_toolbox/srv/detail/add_submap__builder.hpp\n'}
[1.097028] (slam_toolbox) StdoutLine: {'line': b'-- Up-to-date symlink: /home/rob1/eeng_462/lab4/install/slam_toolbox/include/slam_toolbox/slam_toolbox/srv/detail/add_submap__struct.hpp\n'}
[1.097279] (slam_toolbox) StdoutLine: {'line': b'-- Up-to-date symlink: /home/rob1/eeng_462/lab4/install/slam_toolbox/include/slam_toolbox/slam_toolbox/srv/detail/add_submap__traits.hpp\n'}
[1.097536] (slam_toolbox) StdoutLine: {'line': b'-- Up-to-date symlink: /home/rob1/eeng_462/lab4/install/slam_toolbox/include/slam_toolbox/slam_toolbox/srv/detail/add_submap__type_support.hpp\n'}
[1.097768] (slam_toolbox) StdoutLine: {'line': b'-- Up-to-date symlink: /home/rob1/eeng_462/lab4/install/slam_toolbox/include/slam_toolbox/slam_toolbox/srv/detail/clear__builder.hpp\n'}
[1.098017] (slam_toolbox) StdoutLine: {'line': b'-- Up-to-date symlink: /home/rob1/eeng_462/lab4/install/slam_toolbox/include/slam_toolbox/slam_toolbox/srv/detail/clear__struct.hpp\n'}
[1.098269] (slam_toolbox) StdoutLine: {'line': b'-- Up-to-date symlink: /home/rob1/eeng_462/lab4/install/slam_toolbox/include/slam_toolbox/slam_toolbox/srv/detail/clear__traits.hpp\n'}
[1.098505] (slam_toolbox) StdoutLine: {'line': b'-- Up-to-date symlink: /home/rob1/eeng_462/lab4/install/slam_toolbox/include/slam_toolbox/slam_toolbox/srv/detail/clear__type_support.hpp\n'}
[1.098767] (slam_toolbox) StdoutLine: {'line': b'-- Up-to-date symlink: /home/rob1/eeng_462/lab4/install/slam_toolbox/include/slam_toolbox/slam_toolbox/srv/detail/clear_queue__builder.hpp\n'}
[1.099116] (slam_toolbox) StdoutLine: {'line': b'-- Up-to-date symlink: /home/rob1/eeng_462/lab4/install/slam_toolbox/include/slam_toolbox/slam_toolbox/srv/detail/clear_queue__struct.hpp\n'}
[1.099468] (slam_toolbox) StdoutLine: {'line': b'-- Up-to-date symlink: /home/rob1/eeng_462/lab4/install/slam_toolbox/include/slam_toolbox/slam_toolbox/srv/detail/clear_queue__traits.hpp\n'}
[1.099729] (slam_toolbox) StdoutLine: {'line': b'-- Up-to-date symlink: /home/rob1/eeng_462/lab4/install/slam_toolbox/include/slam_toolbox/slam_toolbox/srv/detail/clear_queue__type_support.hpp\n'}
[1.099969] (slam_toolbox) StdoutLine: {'line': b'-- Up-to-date symlink: /home/rob1/eeng_462/lab4/install/slam_toolbox/include/slam_toolbox/slam_toolbox/srv/detail/deserialize_pose_graph__builder.hpp\n'}
[1.100203] (slam_toolbox) StdoutLine: {'line': b'-- Up-to-date symlink: /home/rob1/eeng_462/lab4/install/slam_toolbox/include/slam_toolbox/slam_toolbox/srv/detail/deserialize_pose_graph__struct.hpp\n'}
[1.100434] (slam_toolbox) StdoutLine: {'line': b'-- Up-to-date symlink: /home/rob1/eeng_462/lab4/install/slam_toolbox/include/slam_toolbox/slam_toolbox/srv/detail/deserialize_pose_graph__traits.hpp\n'}
[1.100664] (slam_toolbox) StdoutLine: {'line': b'-- Up-to-date symlink: /home/rob1/eeng_462/lab4/install/slam_toolbox/include/slam_toolbox/slam_toolbox/srv/detail/deserialize_pose_graph__type_support.hpp\n'}
[1.100865] (slam_toolbox) StdoutLine: {'line': b'-- Up-to-date symlink: /home/rob1/eeng_462/lab4/install/slam_toolbox/include/slam_toolbox/slam_toolbox/srv/detail/loop_closure__builder.hpp\n'}
[1.101234] (slam_toolbox) StdoutLine: {'line': b'-- Up-to-date symlink: /home/rob1/eeng_462/lab4/install/slam_toolbox/include/slam_toolbox/slam_toolbox/srv/detail/loop_closure__struct.hpp\n'}
[1.101522] (slam_toolbox) StdoutLine: {'line': b'-- Up-to-date symlink: /home/rob1/eeng_462/lab4/install/slam_toolbox/include/slam_toolbox/slam_toolbox/srv/detail/loop_closure__traits.hpp\n'}
[1.101827] (-) TimerEvent: {}
[1.102257] (slam_toolbox) StdoutLine: {'line': b'-- Up-to-date symlink: /home/rob1/eeng_462/lab4/install/slam_toolbox/include/slam_toolbox/slam_toolbox/srv/detail/loop_closure__type_support.hpp\n'}
[1.102592] (slam_toolbox) StdoutLine: {'line': b'-- Up-to-date symlink: /home/rob1/eeng_462/lab4/install/slam_toolbox/include/slam_toolbox/slam_toolbox/srv/detail/merge_maps__builder.hpp\n'}
[1.102956] (slam_toolbox) StdoutLine: {'line': b'-- Up-to-date symlink: /home/rob1/eeng_462/lab4/install/slam_toolbox/include/slam_toolbox/slam_toolbox/srv/detail/merge_maps__struct.hpp\n'}
[1.103265] (slam_toolbox) StdoutLine: {'line': b'-- Up-to-date symlink: /home/rob1/eeng_462/lab4/install/slam_toolbox/include/slam_toolbox/slam_toolbox/srv/detail/merge_maps__traits.hpp\n'}
[1.103558] (slam_toolbox) StdoutLine: {'line': b'-- Up-to-date symlink: /home/rob1/eeng_462/lab4/install/slam_toolbox/include/slam_toolbox/slam_toolbox/srv/detail/merge_maps__type_support.hpp\n'}
[1.103888] (slam_toolbox) StdoutLine: {'line': b'-- Up-to-date symlink: /home/rob1/eeng_462/lab4/install/slam_toolbox/include/slam_toolbox/slam_toolbox/srv/detail/pause__builder.hpp\n'}
[1.104181] (slam_toolbox) StdoutLine: {'line': b'-- Up-to-date symlink: /home/rob1/eeng_462/lab4/install/slam_toolbox/include/slam_toolbox/slam_toolbox/srv/detail/pause__struct.hpp\n'}
[1.104468] (slam_toolbox) StdoutLine: {'line': b'-- Up-to-date symlink: /home/rob1/eeng_462/lab4/install/slam_toolbox/include/slam_toolbox/slam_toolbox/srv/detail/pause__traits.hpp\n'}
[1.104749] (slam_toolbox) StdoutLine: {'line': b'-- Up-to-date symlink: /home/rob1/eeng_462/lab4/install/slam_toolbox/include/slam_toolbox/slam_toolbox/srv/detail/pause__type_support.hpp\n'}
[1.105117] (slam_toolbox) StdoutLine: {'line': b'-- Up-to-date symlink: /home/rob1/eeng_462/lab4/install/slam_toolbox/include/slam_toolbox/slam_toolbox/srv/detail/save_map__builder.hpp\n'}
[1.105409] (slam_toolbox) StdoutLine: {'line': b'-- Up-to-date symlink: /home/rob1/eeng_462/lab4/install/slam_toolbox/include/slam_toolbox/slam_toolbox/srv/detail/save_map__struct.hpp\n'}
[1.105686] (slam_toolbox) StdoutLine: {'line': b'-- Up-to-date symlink: /home/rob1/eeng_462/lab4/install/slam_toolbox/include/slam_toolbox/slam_toolbox/srv/detail/save_map__traits.hpp\n'}
[1.105969] (slam_toolbox) StdoutLine: {'line': b'-- Up-to-date symlink: /home/rob1/eeng_462/lab4/install/slam_toolbox/include/slam_toolbox/slam_toolbox/srv/detail/save_map__type_support.hpp\n'}
[1.106249] (slam_toolbox) StdoutLine: {'line': b'-- Up-to-date symlink: /home/rob1/eeng_462/lab4/install/slam_toolbox/include/slam_toolbox/slam_toolbox/srv/detail/serialize_pose_graph__builder.hpp\n'}
[1.106568] (slam_toolbox) StdoutLine: {'line': b'-- Up-to-date symlink: /home/rob1/eeng_462/lab4/install/slam_toolbox/include/slam_toolbox/slam_toolbox/srv/detail/serialize_pose_graph__struct.hpp\n'}
[1.106859] (slam_toolbox) StdoutLine: {'line': b'-- Up-to-date symlink: /home/rob1/eeng_462/lab4/install/slam_toolbox/include/slam_toolbox/slam_toolbox/srv/detail/serialize_pose_graph__traits.hpp\n'}
[1.107128] (slam_toolbox) StdoutLine: {'line': b'-- Up-to-date symlink: /home/rob1/eeng_462/lab4/install/slam_toolbox/include/slam_toolbox/slam_toolbox/srv/detail/serialize_pose_graph__type_support.hpp\n'}
[1.107451] (slam_toolbox) StdoutLine: {'line': b'-- Up-to-date symlink: /home/rob1/eeng_462/lab4/install/slam_toolbox/include/slam_toolbox/slam_toolbox/srv/detail/toggle_interactive__builder.hpp\n'}
[1.107686] (slam_toolbox) StdoutLine: {'line': b'-- Up-to-date symlink: /home/rob1/eeng_462/lab4/install/slam_toolbox/include/slam_toolbox/slam_toolbox/srv/detail/toggle_interactive__struct.hpp\n'}
[1.107908] (slam_toolbox) StdoutLine: {'line': b'-- Up-to-date symlink: /home/rob1/eeng_462/lab4/install/slam_toolbox/include/slam_toolbox/slam_toolbox/srv/detail/toggle_interactive__traits.hpp\n'}
[1.108175] (slam_toolbox) StdoutLine: {'line': b'-- Up-to-date symlink: /home/rob1/eeng_462/lab4/install/slam_toolbox/include/slam_toolbox/slam_toolbox/srv/detail/toggle_interactive__type_support.hpp\n'}
[1.108420] (slam_toolbox) StdoutLine: {'line': b'-- Up-to-date symlink: /home/rob1/eeng_462/lab4/install/slam_toolbox/include/slam_toolbox/slam_toolbox/srv/loop_closure.hpp\n'}
[1.108641] (slam_toolbox) StdoutLine: {'line': b'-- Up-to-date symlink: /home/rob1/eeng_462/lab4/install/slam_toolbox/include/slam_toolbox/slam_toolbox/srv/merge_maps.hpp\n'}
[1.108858] (slam_toolbox) StdoutLine: {'line': b'-- Up-to-date symlink: /home/rob1/eeng_462/lab4/install/slam_toolbox/include/slam_toolbox/slam_toolbox/srv/pause.hpp\n'}
[1.109149] (slam_toolbox) StdoutLine: {'line': b'-- Up-to-date symlink: /home/rob1/eeng_462/lab4/install/slam_toolbox/include/slam_toolbox/slam_toolbox/srv/save_map.hpp\n'}
[1.109473] (slam_toolbox) StdoutLine: {'line': b'-- Up-to-date symlink: /home/rob1/eeng_462/lab4/install/slam_toolbox/include/slam_toolbox/slam_toolbox/srv/serialize_pose_graph.hpp\n'}
[1.109760] (slam_toolbox) StdoutLine: {'line': b'-- Up-to-date symlink: /home/rob1/eeng_462/lab4/install/slam_toolbox/include/slam_toolbox/slam_toolbox/srv/toggle_interactive.hpp\n'}
[1.110046] (slam_toolbox) StdoutLine: {'line': b'-- Up-to-date symlink: /home/rob1/eeng_462/lab4/install/slam_toolbox/include/slam_toolbox/slam_toolbox/msg/rosidl_typesupport_fastrtps_cpp__visibility_control.h\n'}
[1.110329] (slam_toolbox) StdoutLine: {'line': b'-- Up-to-date symlink: /home/rob1/eeng_462/lab4/install/slam_toolbox/include/slam_toolbox/slam_toolbox/srv/detail/add_submap__rosidl_typesupport_fastrtps_cpp.hpp\n'}
[1.110628] (slam_toolbox) StdoutLine: {'line': b'-- Up-to-date symlink: /home/rob1/eeng_462/lab4/install/slam_toolbox/include/slam_toolbox/slam_toolbox/srv/detail/clear__rosidl_typesupport_fastrtps_cpp.hpp\n'}
[1.110900] (slam_toolbox) StdoutLine: {'line': b'-- Up-to-date symlink: /home/rob1/eeng_462/lab4/install/slam_toolbox/include/slam_toolbox/slam_toolbox/srv/detail/clear_queue__rosidl_typesupport_fastrtps_cpp.hpp\n'}
[1.111189] (slam_toolbox) StdoutLine: {'line': b'-- Up-to-date symlink: /home/rob1/eeng_462/lab4/install/slam_toolbox/include/slam_toolbox/slam_toolbox/srv/detail/deserialize_pose_graph__rosidl_typesupport_fastrtps_cpp.hpp\n'}
[1.111488] (slam_toolbox) StdoutLine: {'line': b'-- Up-to-date symlink: /home/rob1/eeng_462/lab4/install/slam_toolbox/include/slam_toolbox/slam_toolbox/srv/detail/loop_closure__rosidl_typesupport_fastrtps_cpp.hpp\n'}
[1.111712] (slam_toolbox) StdoutLine: {'line': b'-- Up-to-date symlink: /home/rob1/eeng_462/lab4/install/slam_toolbox/include/slam_toolbox/slam_toolbox/srv/detail/merge_maps__rosidl_typesupport_fastrtps_cpp.hpp\n'}
[1.111937] (slam_toolbox) StdoutLine: {'line': b'-- Up-to-date symlink: /home/rob1/eeng_462/lab4/install/slam_toolbox/include/slam_toolbox/slam_toolbox/srv/detail/pause__rosidl_typesupport_fastrtps_cpp.hpp\n'}
[1.112154] (slam_toolbox) StdoutLine: {'line': b'-- Up-to-date symlink: /home/rob1/eeng_462/lab4/install/slam_toolbox/include/slam_toolbox/slam_toolbox/srv/detail/save_map__rosidl_typesupport_fastrtps_cpp.hpp\n'}
[1.112437] (slam_toolbox) StdoutLine: {'line': b'-- Up-to-date symlink: /home/rob1/eeng_462/lab4/install/slam_toolbox/include/slam_toolbox/slam_toolbox/srv/detail/serialize_pose_graph__rosidl_typesupport_fastrtps_cpp.hpp\n'}
[1.112719] (slam_toolbox) StdoutLine: {'line': b'-- Up-to-date symlink: /home/rob1/eeng_462/lab4/install/slam_toolbox/include/slam_toolbox/slam_toolbox/srv/detail/toggle_interactive__rosidl_typesupport_fastrtps_cpp.hpp\n'}
[1.113027] (slam_toolbox) StdoutLine: {'line': b'-- Up-to-date symlink: /home/rob1/eeng_462/lab4/install/slam_toolbox/include/slam_toolbox/slam_toolbox/msg/rosidl_typesupport_introspection_c__visibility_control.h\n'}
[1.113357] (slam_toolbox) StdoutLine: {'line': b'-- Up-to-date symlink: /home/rob1/eeng_462/lab4/install/slam_toolbox/include/slam_toolbox/slam_toolbox/srv/detail/add_submap__rosidl_typesupport_introspection_c.h\n'}
[1.113642] (slam_toolbox) StdoutLine: {'line': b'-- Up-to-date symlink: /home/rob1/eeng_462/lab4/install/slam_toolbox/include/slam_toolbox/slam_toolbox/srv/detail/clear__rosidl_typesupport_introspection_c.h\n'}
[1.113943] (slam_toolbox) StdoutLine: {'line': b'-- Up-to-date symlink: /home/rob1/eeng_462/lab4/install/slam_toolbox/include/slam_toolbox/slam_toolbox/srv/detail/clear_queue__rosidl_typesupport_introspection_c.h\n'}
[1.114226] (slam_toolbox) StdoutLine: {'line': b'-- Up-to-date symlink: /home/rob1/eeng_462/lab4/install/slam_toolbox/include/slam_toolbox/slam_toolbox/srv/detail/deserialize_pose_graph__rosidl_typesupport_introspection_c.h\n'}
[1.114545] (slam_toolbox) StdoutLine: {'line': b'-- Up-to-date symlink: /home/rob1/eeng_462/lab4/install/slam_toolbox/include/slam_toolbox/slam_toolbox/srv/detail/loop_closure__rosidl_typesupport_introspection_c.h\n'}
[1.114824] (slam_toolbox) StdoutLine: {'line': b'-- Up-to-date symlink: /home/rob1/eeng_462/lab4/install/slam_toolbox/include/slam_toolbox/slam_toolbox/srv/detail/merge_maps__rosidl_typesupport_introspection_c.h\n'}
[1.115049] (slam_toolbox) StdoutLine: {'line': b'-- Up-to-date symlink: /home/rob1/eeng_462/lab4/install/slam_toolbox/include/slam_toolbox/slam_toolbox/srv/detail/pause__rosidl_typesupport_introspection_c.h\n'}
[1.115314] (slam_toolbox) StdoutLine: {'line': b'-- Up-to-date symlink: /home/rob1/eeng_462/lab4/install/slam_toolbox/include/slam_toolbox/slam_toolbox/srv/detail/save_map__rosidl_typesupport_introspection_c.h\n'}
[1.115537] (slam_toolbox) StdoutLine: {'line': b'-- Up-to-date symlink: /home/rob1/eeng_462/lab4/install/slam_toolbox/include/slam_toolbox/slam_toolbox/srv/detail/serialize_pose_graph__rosidl_typesupport_introspection_c.h\n'}
[1.115799] (slam_toolbox) StdoutLine: {'line': b'-- Up-to-date symlink: /home/rob1/eeng_462/lab4/install/slam_toolbox/include/slam_toolbox/slam_toolbox/srv/detail/toggle_interactive__rosidl_typesupport_introspection_c.h\n'}
[1.116076] (slam_toolbox) StdoutLine: {'line': b'-- Up-to-date symlink: /home/rob1/eeng_462/lab4/install/slam_toolbox/include/slam_toolbox/slam_toolbox/srv/detail/add_submap__rosidl_typesupport_introspection_cpp.hpp\n'}
[1.116364] (slam_toolbox) StdoutLine: {'line': b'-- Up-to-date symlink: /home/rob1/eeng_462/lab4/install/slam_toolbox/include/slam_toolbox/slam_toolbox/srv/detail/clear__rosidl_typesupport_introspection_cpp.hpp\n'}
[1.116641] (slam_toolbox) StdoutLine: {'line': b'-- Up-to-date symlink: /home/rob1/eeng_462/lab4/install/slam_toolbox/include/slam_toolbox/slam_toolbox/srv/detail/clear_queue__rosidl_typesupport_introspection_cpp.hpp\n'}
[1.116943] (slam_toolbox) StdoutLine: {'line': b'-- Up-to-date symlink: /home/rob1/eeng_462/lab4/install/slam_toolbox/include/slam_toolbox/slam_toolbox/srv/detail/deserialize_pose_graph__rosidl_typesupport_introspection_cpp.hpp\n'}
[1.117311] (slam_toolbox) StdoutLine: {'line': b'-- Up-to-date symlink: /home/rob1/eeng_462/lab4/install/slam_toolbox/include/slam_toolbox/slam_toolbox/srv/detail/loop_closure__rosidl_typesupport_introspection_cpp.hpp\n'}
[1.117635] (slam_toolbox) StdoutLine: {'line': b'-- Up-to-date symlink: /home/rob1/eeng_462/lab4/install/slam_toolbox/include/slam_toolbox/slam_toolbox/srv/detail/merge_maps__rosidl_typesupport_introspection_cpp.hpp\n'}
[1.117917] (slam_toolbox) StdoutLine: {'line': b'-- Up-to-date symlink: /home/rob1/eeng_462/lab4/install/slam_toolbox/include/slam_toolbox/slam_toolbox/srv/detail/pause__rosidl_typesupport_introspection_cpp.hpp\n'}
[1.118211] (slam_toolbox) StdoutLine: {'line': b'-- Up-to-date symlink: /home/rob1/eeng_462/lab4/install/slam_toolbox/include/slam_toolbox/slam_toolbox/srv/detail/save_map__rosidl_typesupport_introspection_cpp.hpp\n'}
[1.118486] (slam_toolbox) StdoutLine: {'line': b'-- Up-to-date symlink: /home/rob1/eeng_462/lab4/install/slam_toolbox/include/slam_toolbox/slam_toolbox/srv/detail/serialize_pose_graph__rosidl_typesupport_introspection_cpp.hpp\n'}
[1.118749] (slam_toolbox) StdoutLine: {'line': b'-- Up-to-date symlink: /home/rob1/eeng_462/lab4/install/slam_toolbox/include/slam_toolbox/slam_toolbox/srv/detail/toggle_interactive__rosidl_typesupport_introspection_cpp.hpp\n'}
[1.119008] (slam_toolbox) StdoutLine: {'line': b'-- Up-to-date symlink: /home/rob1/eeng_462/lab4/install/slam_toolbox/share/slam_toolbox/environment/pythonpath.sh\n'}
[1.119235] (slam_toolbox) StdoutLine: {'line': b'-- Up-to-date symlink: /home/rob1/eeng_462/lab4/install/slam_toolbox/share/slam_toolbox/environment/pythonpath.dsv\n'}
[1.119514] (slam_toolbox) StdoutLine: {'line': b'-- Up-to-date symlink: /home/rob1/eeng_462/lab4/install/slam_toolbox/local/lib/python3.10/dist-packages/slam_toolbox-2.6.10-py3.10.egg-info/PKG-INFO\n'}
[1.119793] (slam_toolbox) StdoutLine: {'line': b'-- Up-to-date symlink: /home/rob1/eeng_462/lab4/install/slam_toolbox/local/lib/python3.10/dist-packages/slam_toolbox-2.6.10-py3.10.egg-info/SOURCES.txt\n'}
[1.120114] (slam_toolbox) StdoutLine: {'line': b'-- Up-to-date symlink: /home/rob1/eeng_462/lab4/install/slam_toolbox/local/lib/python3.10/dist-packages/slam_toolbox-2.6.10-py3.10.egg-info/dependency_links.txt\n'}
[1.120350] (slam_toolbox) StdoutLine: {'line': b'-- Up-to-date symlink: /home/rob1/eeng_462/lab4/install/slam_toolbox/local/lib/python3.10/dist-packages/slam_toolbox-2.6.10-py3.10.egg-info/top_level.txt\n'}
[1.121869] (slam_toolbox) StdoutLine: {'line': b'-- Up-to-date symlink: /home/rob1/eeng_462/lab4/install/slam_toolbox/local/lib/python3.10/dist-packages/slam_toolbox/__init__.py\n'}
[1.122169] (slam_toolbox) StdoutLine: {'line': b'-- Up-to-date symlink: /home/rob1/eeng_462/lab4/install/slam_toolbox/local/lib/python3.10/dist-packages/slam_toolbox/_slam_toolbox_s.ep.rosidl_typesupport_c.c\n'}
[1.122464] (slam_toolbox) StdoutLine: {'line': b'-- Up-to-date symlink: /home/rob1/eeng_462/lab4/install/slam_toolbox/local/lib/python3.10/dist-packages/slam_toolbox/_slam_toolbox_s.ep.rosidl_typesupport_fastrtps_c.c\n'}
[1.122754] (slam_toolbox) StdoutLine: {'line': b'-- Up-to-date symlink: /home/rob1/eeng_462/lab4/install/slam_toolbox/local/lib/python3.10/dist-packages/slam_toolbox/_slam_toolbox_s.ep.rosidl_typesupport_introspection_c.c\n'}
[1.123033] (slam_toolbox) StdoutLine: {'line': b'-- Up-to-date symlink: /home/rob1/eeng_462/lab4/install/slam_toolbox/local/lib/python3.10/dist-packages/slam_toolbox/libslam_toolbox__rosidl_generator_py.so\n'}
[1.123352] (slam_toolbox) StdoutLine: {'line': b'-- Up-to-date symlink: /home/rob1/eeng_462/lab4/install/slam_toolbox/local/lib/python3.10/dist-packages/slam_toolbox/slam_toolbox_s__rosidl_typesupport_c.cpython-310-aarch64-linux-gnu.so\n'}
[1.123635] (slam_toolbox) StdoutLine: {'line': b'-- Up-to-date symlink: /home/rob1/eeng_462/lab4/install/slam_toolbox/local/lib/python3.10/dist-packages/slam_toolbox/slam_toolbox_s__rosidl_typesupport_fastrtps_c.cpython-310-aarch64-linux-gnu.so\n'}
[1.123930] (slam_toolbox) StdoutLine: {'line': b'-- Up-to-date symlink: /home/rob1/eeng_462/lab4/install/slam_toolbox/local/lib/python3.10/dist-packages/slam_toolbox/slam_toolbox_s__rosidl_typesupport_introspection_c.cpython-310-aarch64-linux-gnu.so\n'}
[1.124261] (slam_toolbox) StdoutLine: {'line': b'-- Up-to-date symlink: /home/rob1/eeng_462/lab4/install/slam_toolbox/local/lib/python3.10/dist-packages/slam_toolbox/srv/__init__.py\n'}
[1.124552] (slam_toolbox) StdoutLine: {'line': b'-- Up-to-date symlink: /home/rob1/eeng_462/lab4/install/slam_toolbox/local/lib/python3.10/dist-packages/slam_toolbox/srv/_add_submap.py\n'}
[1.124833] (slam_toolbox) StdoutLine: {'line': b'-- Up-to-date symlink: /home/rob1/eeng_462/lab4/install/slam_toolbox/local/lib/python3.10/dist-packages/slam_toolbox/srv/_add_submap_s.c\n'}
[1.125142] (slam_toolbox) StdoutLine: {'line': b'-- Up-to-date symlink: /home/rob1/eeng_462/lab4/install/slam_toolbox/local/lib/python3.10/dist-packages/slam_toolbox/srv/_clear.py\n'}
[1.125467] (slam_toolbox) StdoutLine: {'line': b'-- Up-to-date symlink: /home/rob1/eeng_462/lab4/install/slam_toolbox/local/lib/python3.10/dist-packages/slam_toolbox/srv/_clear_queue.py\n'}
[1.125772] (slam_toolbox) StdoutLine: {'line': b'-- Up-to-date symlink: /home/rob1/eeng_462/lab4/install/slam_toolbox/local/lib/python3.10/dist-packages/slam_toolbox/srv/_clear_queue_s.c\n'}
[1.126034] (slam_toolbox) StdoutLine: {'line': b'-- Up-to-date symlink: /home/rob1/eeng_462/lab4/install/slam_toolbox/local/lib/python3.10/dist-packages/slam_toolbox/srv/_clear_s.c\n'}
[1.126317] (slam_toolbox) StdoutLine: {'line': b'-- Up-to-date symlink: /home/rob1/eeng_462/lab4/install/slam_toolbox/local/lib/python3.10/dist-packages/slam_toolbox/srv/_deserialize_pose_graph.py\n'}
[1.126633] (slam_toolbox) StdoutLine: {'line': b'-- Up-to-date symlink: /home/rob1/eeng_462/lab4/install/slam_toolbox/local/lib/python3.10/dist-packages/slam_toolbox/srv/_deserialize_pose_graph_s.c\n'}
[1.126915] (slam_toolbox) StdoutLine: {'line': b'-- Up-to-date symlink: /home/rob1/eeng_462/lab4/install/slam_toolbox/local/lib/python3.10/dist-packages/slam_toolbox/srv/_loop_closure.py\n'}
[1.127198] (slam_toolbox) StdoutLine: {'line': b'-- Up-to-date symlink: /home/rob1/eeng_462/lab4/install/slam_toolbox/local/lib/python3.10/dist-packages/slam_toolbox/srv/_loop_closure_s.c\n'}
[1.127515] (slam_toolbox) StdoutLine: {'line': b'-- Up-to-date symlink: /home/rob1/eeng_462/lab4/install/slam_toolbox/local/lib/python3.10/dist-packages/slam_toolbox/srv/_merge_maps.py\n'}
[1.127800] (slam_toolbox) StdoutLine: {'line': b'-- Up-to-date symlink: /home/rob1/eeng_462/lab4/install/slam_toolbox/local/lib/python3.10/dist-packages/slam_toolbox/srv/_merge_maps_s.c\n'}
[1.128081] (slam_toolbox) StdoutLine: {'line': b'-- Up-to-date symlink: /home/rob1/eeng_462/lab4/install/slam_toolbox/local/lib/python3.10/dist-packages/slam_toolbox/srv/_pause.py\n'}
[1.128361] (slam_toolbox) StdoutLine: {'line': b'-- Up-to-date symlink: /home/rob1/eeng_462/lab4/install/slam_toolbox/local/lib/python3.10/dist-packages/slam_toolbox/srv/_pause_s.c\n'}
[1.128636] (slam_toolbox) StdoutLine: {'line': b'-- Up-to-date symlink: /home/rob1/eeng_462/lab4/install/slam_toolbox/local/lib/python3.10/dist-packages/slam_toolbox/srv/_save_map.py\n'}
[1.128858] (slam_toolbox) StdoutLine: {'line': b'-- Up-to-date symlink: /home/rob1/eeng_462/lab4/install/slam_toolbox/local/lib/python3.10/dist-packages/slam_toolbox/srv/_save_map_s.c\n'}
[1.129173] (slam_toolbox) StdoutLine: {'line': b'-- Up-to-date symlink: /home/rob1/eeng_462/lab4/install/slam_toolbox/local/lib/python3.10/dist-packages/slam_toolbox/srv/_serialize_pose_graph.py\n'}
[1.129406] (slam_toolbox) StdoutLine: {'line': b'-- Up-to-date symlink: /home/rob1/eeng_462/lab4/install/slam_toolbox/local/lib/python3.10/dist-packages/slam_toolbox/srv/_serialize_pose_graph_s.c\n'}
[1.129678] (slam_toolbox) StdoutLine: {'line': b'-- Up-to-date symlink: /home/rob1/eeng_462/lab4/install/slam_toolbox/local/lib/python3.10/dist-packages/slam_toolbox/srv/_toggle_interactive.py\n'}
[1.129916] (slam_toolbox) StdoutLine: {'line': b'-- Up-to-date symlink: /home/rob1/eeng_462/lab4/install/slam_toolbox/local/lib/python3.10/dist-packages/slam_toolbox/srv/_toggle_interactive_s.c\n'}
[1.130189] (slam_toolbox) StdoutLine: {'line': b'-- Up-to-date symlink: /home/rob1/eeng_462/lab4/install/slam_toolbox/local/lib/python3.10/dist-packages/slam_toolbox/slam_toolbox_s__rosidl_typesupport_fastrtps_c.cpython-310-aarch64-linux-gnu.so\n'}
[1.130413] (slam_toolbox) StdoutLine: {'line': b'-- Up-to-date symlink: /home/rob1/eeng_462/lab4/install/slam_toolbox/local/lib/python3.10/dist-packages/slam_toolbox/slam_toolbox_s__rosidl_typesupport_introspection_c.cpython-310-aarch64-linux-gnu.so\n'}
[1.130690] (slam_toolbox) StdoutLine: {'line': b'-- Up-to-date symlink: /home/rob1/eeng_462/lab4/install/slam_toolbox/local/lib/python3.10/dist-packages/slam_toolbox/slam_toolbox_s__rosidl_typesupport_c.cpython-310-aarch64-linux-gnu.so\n'}
[1.130913] (slam_toolbox) StdoutLine: {'line': b'-- Up-to-date symlink: /home/rob1/eeng_462/lab4/install/slam_toolbox/share/slam_toolbox/srv/Pause.idl\n'}
[1.131811] (slam_toolbox) StdoutLine: {'line': b'-- Up-to-date symlink: /home/rob1/eeng_462/lab4/install/slam_toolbox/share/slam_toolbox/srv/ClearQueue.idl\n'}
[1.132052] (slam_toolbox) StdoutLine: {'line': b'-- Up-to-date symlink: /home/rob1/eeng_462/lab4/install/slam_toolbox/share/slam_toolbox/srv/ToggleInteractive.idl\n'}
[1.132334] (slam_toolbox) StdoutLine: {'line': b'-- Up-to-date symlink: /home/rob1/eeng_462/lab4/install/slam_toolbox/share/slam_toolbox/srv/Clear.idl\n'}
[1.132556] (slam_toolbox) StdoutLine: {'line': b'-- Up-to-date symlink: /home/rob1/eeng_462/lab4/install/slam_toolbox/share/slam_toolbox/srv/SaveMap.idl\n'}
[1.133156] (slam_toolbox) StdoutLine: {'line': b'-- Up-to-date symlink: /home/rob1/eeng_462/lab4/install/slam_toolbox/share/slam_toolbox/srv/LoopClosure.idl\n'}
[1.134506] (slam_toolbox) StdoutLine: {'line': b'-- Up-to-date symlink: /home/rob1/eeng_462/lab4/install/slam_toolbox/share/slam_toolbox/srv/MergeMaps.idl\n'}
[1.134864] (slam_toolbox) StdoutLine: {'line': b'-- Up-to-date symlink: /home/rob1/eeng_462/lab4/install/slam_toolbox/share/slam_toolbox/srv/AddSubmap.idl\n'}
[1.135232] (slam_toolbox) StdoutLine: {'line': b'-- Up-to-date symlink: /home/rob1/eeng_462/lab4/install/slam_toolbox/share/slam_toolbox/srv/DeserializePoseGraph.idl\n'}
[1.135509] (slam_toolbox) StdoutLine: {'line': b'-- Up-to-date symlink: /home/rob1/eeng_462/lab4/install/slam_toolbox/share/slam_toolbox/srv/SerializePoseGraph.idl\n'}
[1.135912] (slam_toolbox) StdoutLine: {'line': b'-- Up-to-date symlink: /home/rob1/eeng_462/lab4/install/slam_toolbox/share/slam_toolbox/srv/Pause.srv\n'}
[1.136262] (slam_toolbox) StdoutLine: {'line': b'-- Up-to-date symlink: /home/rob1/eeng_462/lab4/install/slam_toolbox/share/slam_toolbox/srv/Pause_Request.msg\n'}
[1.136564] (slam_toolbox) StdoutLine: {'line': b'-- Up-to-date symlink: /home/rob1/eeng_462/lab4/install/slam_toolbox/share/slam_toolbox/srv/Pause_Response.msg\n'}
[1.136844] (slam_toolbox) StdoutLine: {'line': b'-- Up-to-date symlink: /home/rob1/eeng_462/lab4/install/slam_toolbox/share/slam_toolbox/srv/ClearQueue.srv\n'}
[1.137162] (slam_toolbox) StdoutLine: {'line': b'-- Up-to-date symlink: /home/rob1/eeng_462/lab4/install/slam_toolbox/share/slam_toolbox/srv/ClearQueue_Request.msg\n'}
[1.137448] (slam_toolbox) StdoutLine: {'line': b'-- Up-to-date symlink: /home/rob1/eeng_462/lab4/install/slam_toolbox/share/slam_toolbox/srv/ClearQueue_Response.msg\n'}
[1.137741] (slam_toolbox) StdoutLine: {'line': b'-- Up-to-date symlink: /home/rob1/eeng_462/lab4/install/slam_toolbox/share/slam_toolbox/srv/ToggleInteractive.srv\n'}
[1.138023] (slam_toolbox) StdoutLine: {'line': b'-- Up-to-date symlink: /home/rob1/eeng_462/lab4/install/slam_toolbox/share/slam_toolbox/srv/ToggleInteractive_Request.msg\n'}
[1.138339] (slam_toolbox) StdoutLine: {'line': b'-- Up-to-date symlink: /home/rob1/eeng_462/lab4/install/slam_toolbox/share/slam_toolbox/srv/ToggleInteractive_Response.msg\n'}
[1.138672] (slam_toolbox) StdoutLine: {'line': b'-- Up-to-date symlink: /home/rob1/eeng_462/lab4/install/slam_toolbox/share/slam_toolbox/srv/Clear.srv\n'}
[1.138969] (slam_toolbox) StdoutLine: {'line': b'-- Up-to-date symlink: /home/rob1/eeng_462/lab4/install/slam_toolbox/share/slam_toolbox/srv/Clear_Request.msg\n'}
[1.139246] (slam_toolbox) StdoutLine: {'line': b'-- Up-to-date symlink: /home/rob1/eeng_462/lab4/install/slam_toolbox/share/slam_toolbox/srv/Clear_Response.msg\n'}
[1.139528] (slam_toolbox) StdoutLine: {'line': b'-- Up-to-date symlink: /home/rob1/eeng_462/lab4/install/slam_toolbox/share/slam_toolbox/srv/SaveMap.srv\n'}
[1.139803] (slam_toolbox) StdoutLine: {'line': b'-- Up-to-date symlink: /home/rob1/eeng_462/lab4/install/slam_toolbox/share/slam_toolbox/srv/SaveMap_Request.msg\n'}
[1.140106] (slam_toolbox) StdoutLine: {'line': b'-- Up-to-date symlink: /home/rob1/eeng_462/lab4/install/slam_toolbox/share/slam_toolbox/srv/SaveMap_Response.msg\n'}
[1.140388] (slam_toolbox) StdoutLine: {'line': b'-- Up-to-date symlink: /home/rob1/eeng_462/lab4/install/slam_toolbox/share/slam_toolbox/srv/LoopClosure.srv\n'}
[1.140688] (slam_toolbox) StdoutLine: {'line': b'-- Up-to-date symlink: /home/rob1/eeng_462/lab4/install/slam_toolbox/share/slam_toolbox/srv/LoopClosure_Request.msg\n'}
[1.141014] (slam_toolbox) StdoutLine: {'line': b'-- Up-to-date symlink: /home/rob1/eeng_462/lab4/install/slam_toolbox/share/slam_toolbox/srv/LoopClosure_Response.msg\n'}
[1.141341] (slam_toolbox) StdoutLine: {'line': b'-- Up-to-date symlink: /home/rob1/eeng_462/lab4/install/slam_toolbox/share/slam_toolbox/srv/MergeMaps.srv\n'}
[1.141645] (slam_toolbox) StdoutLine: {'line': b'-- Up-to-date symlink: /home/rob1/eeng_462/lab4/install/slam_toolbox/share/slam_toolbox/srv/MergeMaps_Request.msg\n'}
[1.141949] (slam_toolbox) StdoutLine: {'line': b'-- Up-to-date symlink: /home/rob1/eeng_462/lab4/install/slam_toolbox/share/slam_toolbox/srv/MergeMaps_Response.msg\n'}
[1.142241] (slam_toolbox) StdoutLine: {'line': b'-- Up-to-date symlink: /home/rob1/eeng_462/lab4/install/slam_toolbox/share/slam_toolbox/srv/AddSubmap.srv\n'}
[1.142526] (slam_toolbox) StdoutLine: {'line': b'-- Up-to-date symlink: /home/rob1/eeng_462/lab4/install/slam_toolbox/share/slam_toolbox/srv/AddSubmap_Request.msg\n'}
[1.142802] (slam_toolbox) StdoutLine: {'line': b'-- Up-to-date symlink: /home/rob1/eeng_462/lab4/install/slam_toolbox/share/slam_toolbox/srv/AddSubmap_Response.msg\n'}
[1.143100] (slam_toolbox) StdoutLine: {'line': b'-- Up-to-date symlink: /home/rob1/eeng_462/lab4/install/slam_toolbox/share/slam_toolbox/srv/DeserializePoseGraph.srv\n'}
[1.143585] (slam_toolbox) StdoutLine: {'line': b'-- Up-to-date symlink: /home/rob1/eeng_462/lab4/install/slam_toolbox/share/slam_toolbox/srv/DeserializePoseGraph_Request.msg\n'}
[1.143869] (slam_toolbox) StdoutLine: {'line': b'-- Up-to-date symlink: /home/rob1/eeng_462/lab4/install/slam_toolbox/share/slam_toolbox/srv/DeserializePoseGraph_Response.msg\n'}
[1.144148] (slam_toolbox) StdoutLine: {'line': b'-- Up-to-date symlink: /home/rob1/eeng_462/lab4/install/slam_toolbox/share/slam_toolbox/srv/SerializePoseGraph.srv\n'}
[1.144433] (slam_toolbox) StdoutLine: {'line': b'-- Up-to-date symlink: /home/rob1/eeng_462/lab4/install/slam_toolbox/share/slam_toolbox/srv/SerializePoseGraph_Request.msg\n'}
[1.144717] (slam_toolbox) StdoutLine: {'line': b'-- Up-to-date symlink: /home/rob1/eeng_462/lab4/install/slam_toolbox/share/slam_toolbox/srv/SerializePoseGraph_Response.msg\n'}
[1.145036] (slam_toolbox) StdoutLine: {'line': b'-- Up-to-date symlink: /home/rob1/eeng_462/lab4/install/slam_toolbox/share/slam_toolbox//rviz_plugins.xml\n'}
[1.145350] (slam_toolbox) StdoutLine: {'line': b'-- Up-to-date symlink: /home/rob1/eeng_462/lab4/install/slam_toolbox/share/slam_toolbox//solver_plugins.xml\n'}
[1.145788] (slam_toolbox) StdoutLine: {'line': b'-- Up-to-date symlink: /home/rob1/eeng_462/lab4/install/slam_toolbox/lib/slam_toolbox/async_slam_toolbox_node\n'}
[1.146099] (slam_toolbox) StdoutLine: {'line': b'-- Up-to-date symlink: /home/rob1/eeng_462/lab4/install/slam_toolbox/lib/slam_toolbox/sync_slam_toolbox_node\n'}
[1.146401] (slam_toolbox) StdoutLine: {'line': b'-- Up-to-date symlink: /home/rob1/eeng_462/lab4/install/slam_toolbox/lib/slam_toolbox/localization_slam_toolbox_node\n'}
[1.146695] (slam_toolbox) StdoutLine: {'line': b'-- Up-to-date symlink: /home/rob1/eeng_462/lab4/install/slam_toolbox/lib/slam_toolbox/map_and_localization_slam_toolbox_node\n'}
[1.146976] (slam_toolbox) StdoutLine: {'line': b'-- Up-to-date symlink: /home/rob1/eeng_462/lab4/install/slam_toolbox/lib/slam_toolbox/merge_maps_kinematic\n'}
[1.147260] (slam_toolbox) StdoutLine: {'line': b'-- Up-to-date symlink: /home/rob1/eeng_462/lab4/install/slam_toolbox/lib/libtoolbox_common.so\n'}
[1.147568] (slam_toolbox) StdoutLine: {'line': b'-- Up-to-date symlink: /home/rob1/eeng_462/lab4/install/slam_toolbox/lib/libSlamToolboxPlugin.so\n'}
[1.147855] (slam_toolbox) StdoutLine: {'line': b'-- Up-to-date symlink: /home/rob1/eeng_462/lab4/install/slam_toolbox/lib/libceres_solver_plugin.so\n'}
[1.148141] (slam_toolbox) StdoutLine: {'line': b'-- Up-to-date symlink: /home/rob1/eeng_462/lab4/install/slam_toolbox/lib/libasync_slam_toolbox.so\n'}
[1.148427] (slam_toolbox) StdoutLine: {'line': b'-- Up-to-date symlink: /home/rob1/eeng_462/lab4/install/slam_toolbox/lib/libsync_slam_toolbox.so\n'}
[1.148711] (slam_toolbox) StdoutLine: {'line': b'-- Up-to-date symlink: /home/rob1/eeng_462/lab4/install/slam_toolbox/lib/liblocalization_slam_toolbox.so\n'}
[1.149010] (slam_toolbox) StdoutLine: {'line': b'-- Up-to-date symlink: /home/rob1/eeng_462/lab4/install/slam_toolbox/lib/liblifelong_slam_toolbox.so\n'}
[1.149309] (slam_toolbox) StdoutLine: {'line': b'-- Up-to-date symlink: /home/rob1/eeng_462/lab4/install/slam_toolbox/lib/libmap_and_localization_slam_toolbox.so\n'}
[1.149595] (slam_toolbox) StdoutLine: {'line': b'-- Up-to-date symlink: /home/rob1/eeng_462/lab4/install/slam_toolbox/lib/libkartoSlamToolbox.so\n'}
[1.150376] (slam_toolbox) StdoutLine: {'line': b'-- Up-to-date symlink: /home/rob1/eeng_462/lab4/install/slam_toolbox/include/slam_toolbox/experimental/slam_toolbox_lifelong.hpp\n'}
[1.150667] (slam_toolbox) StdoutLine: {'line': b'-- Up-to-date symlink: /home/rob1/eeng_462/lab4/install/slam_toolbox/include/slam_toolbox/experimental/slam_toolbox_map_and_localization.hpp\n'}
[1.150964] (slam_toolbox) StdoutLine: {'line': b'-- Up-to-date symlink: /home/rob1/eeng_462/lab4/install/slam_toolbox/include/slam_toolbox/get_pose_helper.hpp\n'}
[1.151237] (slam_toolbox) StdoutLine: {'line': b'-- Up-to-date symlink: /home/rob1/eeng_462/lab4/install/slam_toolbox/include/slam_toolbox/laser_utils.hpp\n'}
[1.151562] (slam_toolbox) StdoutLine: {'line': b'-- Up-to-date symlink: /home/rob1/eeng_462/lab4/install/slam_toolbox/include/slam_toolbox/loop_closure_assistant.hpp\n'}
[1.151845] (slam_toolbox) StdoutLine: {'line': b'-- Up-to-date symlink: /home/rob1/eeng_462/lab4/install/slam_toolbox/include/slam_toolbox/map_saver.hpp\n'}
[1.152159] (slam_toolbox) StdoutLine: {'line': b'-- Up-to-date symlink: /home/rob1/eeng_462/lab4/install/slam_toolbox/include/slam_toolbox/merge_maps_kinematic.hpp\n'}
[1.152442] (slam_toolbox) StdoutLine: {'line': b'-- Up-to-date symlink: /home/rob1/eeng_462/lab4/install/slam_toolbox/include/slam_toolbox/serialization.hpp\n'}
[1.152755] (slam_toolbox) StdoutLine: {'line': b'-- Up-to-date symlink: /home/rob1/eeng_462/lab4/install/slam_toolbox/include/slam_toolbox/slam_mapper.hpp\n'}
[1.153370] (slam_toolbox) StdoutLine: {'line': b'-- Up-to-date symlink: /home/rob1/eeng_462/lab4/install/slam_toolbox/include/slam_toolbox/slam_toolbox_async.hpp\n'}
[1.153750] (slam_toolbox) StdoutLine: {'line': b'-- Up-to-date symlink: /home/rob1/eeng_462/lab4/install/slam_toolbox/include/slam_toolbox/slam_toolbox_common.hpp\n'}
[1.154039] (slam_toolbox) StdoutLine: {'line': b'-- Up-to-date symlink: /home/rob1/eeng_462/lab4/install/slam_toolbox/include/slam_toolbox/slam_toolbox_localization.hpp\n'}
[1.154255] (slam_toolbox) StdoutLine: {'line': b'-- Up-to-date symlink: /home/rob1/eeng_462/lab4/install/slam_toolbox/include/slam_toolbox/slam_toolbox_sync.hpp\n'}
[1.154463] (slam_toolbox) StdoutLine: {'line': b'-- Up-to-date symlink: /home/rob1/eeng_462/lab4/install/slam_toolbox/include/slam_toolbox/snap_utils.hpp\n'}
[1.154720] (slam_toolbox) StdoutLine: {'line': b'-- Up-to-date symlink: /home/rob1/eeng_462/lab4/install/slam_toolbox/include/slam_toolbox/toolbox_msgs.hpp\n'}
[1.154980] (slam_toolbox) StdoutLine: {'line': b'-- Up-to-date symlink: /home/rob1/eeng_462/lab4/install/slam_toolbox/include/slam_toolbox/toolbox_types.hpp\n'}
[1.155222] (slam_toolbox) StdoutLine: {'line': b'-- Up-to-date symlink: /home/rob1/eeng_462/lab4/install/slam_toolbox/include/slam_toolbox/visualization_utils.hpp\n'}
[1.155505] (slam_toolbox) StdoutLine: {'line': b'-- Up-to-date symlink: /home/rob1/eeng_462/lab4/install/slam_toolbox/share/slam_toolbox/launch/localization_launch.py\n'}
[1.155709] (slam_toolbox) StdoutLine: {'line': b'-- Up-to-date symlink: /home/rob1/eeng_462/lab4/install/slam_toolbox/share/slam_toolbox/launch/merge_maps_kinematic_launch.py\n'}
[1.155899] (slam_toolbox) StdoutLine: {'line': b'-- Up-to-date symlink: /home/rob1/eeng_462/lab4/install/slam_toolbox/share/slam_toolbox/launch/offline_launch.py\n'}
[1.156136] (slam_toolbox) StdoutLine: {'line': b'-- Up-to-date symlink: /home/rob1/eeng_462/lab4/install/slam_toolbox/share/slam_toolbox/launch/online_async_launch.py\n'}
[1.156453] (slam_toolbox) StdoutLine: {'line': b'-- Up-to-date symlink: /home/rob1/eeng_462/lab4/install/slam_toolbox/share/slam_toolbox/launch/online_sync_launch.py\n'}
[1.156683] (slam_toolbox) StdoutLine: {'line': b'-- Up-to-date symlink: /home/rob1/eeng_462/lab4/install/slam_toolbox/share/slam_toolbox/config/mapper_params_lifelong.yaml\n'}
[1.156979] (slam_toolbox) StdoutLine: {'line': b'-- Up-to-date symlink: /home/rob1/eeng_462/lab4/install/slam_toolbox/share/slam_toolbox/config/mapper_params_localization.yaml\n'}
[1.157239] (slam_toolbox) StdoutLine: {'line': b'-- Up-to-date symlink: /home/rob1/eeng_462/lab4/install/slam_toolbox/share/slam_toolbox/config/mapper_params_offline.yaml\n'}
[1.157441] (slam_toolbox) StdoutLine: {'line': b'-- Up-to-date symlink: /home/rob1/eeng_462/lab4/install/slam_toolbox/share/slam_toolbox/config/mapper_params_online_async.yaml\n'}
[1.157678] (slam_toolbox) StdoutLine: {'line': b'-- Up-to-date symlink: /home/rob1/eeng_462/lab4/install/slam_toolbox/share/slam_toolbox/config/mapper_params_online_sync.yaml\n'}
[1.157922] (slam_toolbox) StdoutLine: {'line': b'-- Up-to-date symlink: /home/rob1/eeng_462/lab4/install/slam_toolbox/share/slam_toolbox/config/slam_toolbox_default.rviz\n'}
[1.158165] (slam_toolbox) StdoutLine: {'line': b'-- Up-to-date symlink: /home/rob1/eeng_462/lab4/install/slam_toolbox/share/solver_plugins.xml\n'}
[1.158357] (slam_toolbox) StdoutLine: {'line': b'-- Up-to-date symlink: /home/rob1/eeng_462/lab4/install/slam_toolbox/share/rviz_plugins.xml\n'}
[1.158599] (slam_toolbox) StdoutLine: {'line': b'-- Up-to-date symlink: /home/rob1/eeng_462/lab4/install/slam_toolbox/share/ament_index/resource_index/package_run_dependencies/slam_toolbox\n'}
[1.158838] (slam_toolbox) StdoutLine: {'line': b'-- Up-to-date symlink: /home/rob1/eeng_462/lab4/install/slam_toolbox/share/ament_index/resource_index/parent_prefix_path/slam_toolbox\n'}
[1.159028] (slam_toolbox) StdoutLine: {'line': b'-- Up-to-date symlink: /home/rob1/eeng_462/lab4/install/slam_toolbox/share/slam_toolbox/environment/ament_prefix_path.sh\n'}
[1.159263] (slam_toolbox) StdoutLine: {'line': b'-- Up-to-date symlink: /home/rob1/eeng_462/lab4/install/slam_toolbox/share/slam_toolbox/environment/ament_prefix_path.dsv\n'}
[1.159504] (slam_toolbox) StdoutLine: {'line': b'-- Up-to-date symlink: /home/rob1/eeng_462/lab4/install/slam_toolbox/share/slam_toolbox/environment/path.sh\n'}
[1.159746] (slam_toolbox) StdoutLine: {'line': b'-- Up-to-date symlink: /home/rob1/eeng_462/lab4/install/slam_toolbox/share/slam_toolbox/environment/path.dsv\n'}
[1.159970] (slam_toolbox) StdoutLine: {'line': b'-- Up-to-date symlink: /home/rob1/eeng_462/lab4/install/slam_toolbox/share/slam_toolbox/local_setup.bash\n'}
[1.160233] (slam_toolbox) StdoutLine: {'line': b'-- Up-to-date symlink: /home/rob1/eeng_462/lab4/install/slam_toolbox/share/slam_toolbox/local_setup.sh\n'}
[1.160513] (slam_toolbox) StdoutLine: {'line': b'-- Up-to-date symlink: /home/rob1/eeng_462/lab4/install/slam_toolbox/share/slam_toolbox/local_setup.zsh\n'}
[1.160796] (slam_toolbox) StdoutLine: {'line': b'-- Up-to-date symlink: /home/rob1/eeng_462/lab4/install/slam_toolbox/share/slam_toolbox/local_setup.dsv\n'}
[1.161084] (slam_toolbox) StdoutLine: {'line': b'-- Symlinking: /home/rob1/eeng_462/lab4/install/slam_toolbox/share/slam_toolbox/package.dsv\n'}
[1.179970] (slam_toolbox) StdoutLine: {'line': b'-- Up-to-date symlink: /home/rob1/eeng_462/lab4/install/slam_toolbox/share/ament_index/resource_index/packages/slam_toolbox\n'}
[1.180368] (slam_toolbox) StdoutLine: {'line': b'-- Up-to-date symlink: /home/rob1/eeng_462/lab4/install/slam_toolbox/share/ament_index/resource_index/rviz_common__pluginlib__plugin/slam_toolbox\n'}
[1.180690] (slam_toolbox) StdoutLine: {'line': b'-- Up-to-date symlink: /home/rob1/eeng_462/lab4/install/slam_toolbox/share/ament_index/resource_index/slam_toolbox__pluginlib__plugin/slam_toolbox\n'}
[1.181016] (slam_toolbox) StdoutLine: {'line': b'-- Up-to-date symlink: /home/rob1/eeng_462/lab4/install/slam_toolbox/share/ament_index/resource_index/rclcpp_components/slam_toolbox\n'}
[1.181325] (slam_toolbox) StdoutLine: {'line': b'-- Up-to-date symlink: /home/rob1/eeng_462/lab4/install/slam_toolbox/share/slam_toolbox/cmake/rosidl_cmake-extras.cmake\n'}
[1.181648] (slam_toolbox) StdoutLine: {'line': b'-- Up-to-date symlink: /home/rob1/eeng_462/lab4/install/slam_toolbox/share/slam_toolbox/cmake/ament_cmake_export_dependencies-extras.cmake\n'}
[1.181944] (slam_toolbox) StdoutLine: {'line': b'-- Up-to-date symlink: /home/rob1/eeng_462/lab4/install/slam_toolbox/share/slam_toolbox/cmake/ament_cmake_export_include_directories-extras.cmake\n'}
[1.182222] (slam_toolbox) StdoutLine: {'line': b'-- Up-to-date symlink: /home/rob1/eeng_462/lab4/install/slam_toolbox/share/slam_toolbox/cmake/ament_cmake_export_libraries-extras.cmake\n'}
[1.182508] (slam_toolbox) StdoutLine: {'line': b'-- Up-to-date symlink: /home/rob1/eeng_462/lab4/install/slam_toolbox/share/slam_toolbox/cmake/ament_cmake_export_targets-extras.cmake\n'}
[1.182792] (slam_toolbox) StdoutLine: {'line': b'-- Up-to-date symlink: /home/rob1/eeng_462/lab4/install/slam_toolbox/share/slam_toolbox/cmake/rosidl_cmake_export_typesupport_targets-extras.cmake\n'}
[1.183069] (slam_toolbox) StdoutLine: {'line': b'-- Up-to-date symlink: /home/rob1/eeng_462/lab4/install/slam_toolbox/share/slam_toolbox/cmake/rosidl_cmake_export_typesupport_libraries-extras.cmake\n'}
[1.183400] (slam_toolbox) StdoutLine: {'line': b'-- Up-to-date symlink: /home/rob1/eeng_462/lab4/install/slam_toolbox/share/slam_toolbox/cmake/slam_toolboxConfig.cmake\n'}
[1.183706] (slam_toolbox) StdoutLine: {'line': b'-- Up-to-date symlink: /home/rob1/eeng_462/lab4/install/slam_toolbox/share/slam_toolbox/cmake/slam_toolboxConfig-version.cmake\n'}
[1.184000] (slam_toolbox) StdoutLine: {'line': b'-- Up-to-date symlink: /home/rob1/eeng_462/lab4/install/slam_toolbox/share/slam_toolbox/package.xml\n'}
[1.184392] (slam_toolbox) StdoutLine: {'line': b'-- Up-to-date: /home/rob1/eeng_462/lab4/install/slam_toolbox/lib/libslam_toolbox__rosidl_generator_c.so\n'}
[1.184981] (slam_toolbox) StdoutLine: {'line': b'-- Up-to-date: /home/rob1/eeng_462/lab4/install/slam_toolbox/lib/libslam_toolbox__rosidl_typesupport_fastrtps_c.so\n'}
[1.185526] (slam_toolbox) StdoutLine: {'line': b'-- Up-to-date: /home/rob1/eeng_462/lab4/install/slam_toolbox/lib/libslam_toolbox__rosidl_typesupport_fastrtps_cpp.so\n'}
[1.186009] (slam_toolbox) StdoutLine: {'line': b'-- Up-to-date: /home/rob1/eeng_462/lab4/install/slam_toolbox/lib/libslam_toolbox__rosidl_typesupport_introspection_c.so\n'}
[1.186471] (slam_toolbox) StdoutLine: {'line': b'-- Up-to-date: /home/rob1/eeng_462/lab4/install/slam_toolbox/lib/libslam_toolbox__rosidl_typesupport_c.so\n'}
[1.186962] (slam_toolbox) StdoutLine: {'line': b'-- Up-to-date: /home/rob1/eeng_462/lab4/install/slam_toolbox/lib/libslam_toolbox__rosidl_typesupport_introspection_cpp.so\n'}
[1.187416] (slam_toolbox) StdoutLine: {'line': b'-- Up-to-date: /home/rob1/eeng_462/lab4/install/slam_toolbox/lib/libslam_toolbox__rosidl_typesupport_cpp.so\n'}
[1.201932] (-) TimerEvent: {}
[1.266683] (slam_toolbox) StdoutLine: {'line': b"Listing '/home/rob1/eeng_462/lab4/install/slam_toolbox/local/lib/python3.10/dist-packages/slam_toolbox'...\n"}
[1.267126] (slam_toolbox) StdoutLine: {'line': b"Listing '/home/rob1/eeng_462/lab4/install/slam_toolbox/local/lib/python3.10/dist-packages/slam_toolbox/srv'...\n"}
[1.279401] (slam_toolbox) StdoutLine: {'line': b'-- Up-to-date: /home/rob1/eeng_462/lab4/install/slam_toolbox/lib/libslam_toolbox__rosidl_generator_py.so\n'}
[1.280093] (slam_toolbox) StdoutLine: {'line': b'-- Up-to-date: /home/rob1/eeng_462/lab4/install/slam_toolbox/share/slam_toolbox/cmake/export_slam_toolbox__rosidl_generator_cExport.cmake\n'}
[1.280349] (slam_toolbox) StdoutLine: {'line': b'-- Up-to-date: /home/rob1/eeng_462/lab4/install/slam_toolbox/share/slam_toolbox/cmake/export_slam_toolbox__rosidl_generator_cExport-release.cmake\n'}
[1.280564] (slam_toolbox) StdoutLine: {'line': b'-- Up-to-date: /home/rob1/eeng_462/lab4/install/slam_toolbox/share/slam_toolbox/cmake/export_slam_toolbox__rosidl_typesupport_fastrtps_cExport.cmake\n'}
[1.280758] (slam_toolbox) StdoutLine: {'line': b'-- Up-to-date: /home/rob1/eeng_462/lab4/install/slam_toolbox/share/slam_toolbox/cmake/export_slam_toolbox__rosidl_typesupport_fastrtps_cExport-release.cmake\n'}
[1.281013] (slam_toolbox) StdoutLine: {'line': b'-- Up-to-date: /home/rob1/eeng_462/lab4/install/slam_toolbox/share/slam_toolbox/cmake/export_slam_toolbox__rosidl_generator_cppExport.cmake\n'}
[1.281199] (slam_toolbox) StdoutLine: {'line': b'-- Up-to-date: /home/rob1/eeng_462/lab4/install/slam_toolbox/share/slam_toolbox/cmake/export_slam_toolbox__rosidl_typesupport_fastrtps_cppExport.cmake\n'}
[1.281370] (slam_toolbox) StdoutLine: {'line': b'-- Up-to-date: /home/rob1/eeng_462/lab4/install/slam_toolbox/share/slam_toolbox/cmake/export_slam_toolbox__rosidl_typesupport_fastrtps_cppExport-release.cmake\n'}
[1.281538] (slam_toolbox) StdoutLine: {'line': b'-- Up-to-date: /home/rob1/eeng_462/lab4/install/slam_toolbox/share/slam_toolbox/cmake/slam_toolbox__rosidl_typesupport_introspection_cExport.cmake\n'}
[1.281702] (slam_toolbox) StdoutLine: {'line': b'-- Up-to-date: /home/rob1/eeng_462/lab4/install/slam_toolbox/share/slam_toolbox/cmake/slam_toolbox__rosidl_typesupport_introspection_cExport-release.cmake\n'}
[1.281864] (slam_toolbox) StdoutLine: {'line': b'-- Up-to-date: /home/rob1/eeng_462/lab4/install/slam_toolbox/share/slam_toolbox/cmake/slam_toolbox__rosidl_typesupport_cExport.cmake\n'}
[1.282031] (slam_toolbox) StdoutLine: {'line': b'-- Up-to-date: /home/rob1/eeng_462/lab4/install/slam_toolbox/share/slam_toolbox/cmake/slam_toolbox__rosidl_typesupport_cExport-release.cmake\n'}
[1.282192] (slam_toolbox) StdoutLine: {'line': b'-- Up-to-date: /home/rob1/eeng_462/lab4/install/slam_toolbox/share/slam_toolbox/cmake/slam_toolbox__rosidl_typesupport_introspection_cppExport.cmake\n'}
[1.282358] (slam_toolbox) StdoutLine: {'line': b'-- Up-to-date: /home/rob1/eeng_462/lab4/install/slam_toolbox/share/slam_toolbox/cmake/slam_toolbox__rosidl_typesupport_introspection_cppExport-release.cmake\n'}
[1.282521] (slam_toolbox) StdoutLine: {'line': b'-- Up-to-date: /home/rob1/eeng_462/lab4/install/slam_toolbox/share/slam_toolbox/cmake/slam_toolbox__rosidl_typesupport_cppExport.cmake\n'}
[1.282694] (slam_toolbox) StdoutLine: {'line': b'-- Up-to-date: /home/rob1/eeng_462/lab4/install/slam_toolbox/share/slam_toolbox/cmake/slam_toolbox__rosidl_typesupport_cppExport-release.cmake\n'}
[1.282893] (slam_toolbox) StdoutLine: {'line': b'-- Up-to-date: /home/rob1/eeng_462/lab4/install/slam_toolbox/share/slam_toolbox/cmake/export_slam_toolbox__rosidl_generator_pyExport.cmake\n'}
[1.283087] (slam_toolbox) StdoutLine: {'line': b'-- Up-to-date: /home/rob1/eeng_462/lab4/install/slam_toolbox/share/slam_toolbox/cmake/export_slam_toolbox__rosidl_generator_pyExport-release.cmake\n'}
[1.283285] (slam_toolbox) StdoutLine: {'line': b'-- Up-to-date: /home/rob1/eeng_462/lab4/install/slam_toolbox/share/slam_toolbox/cmake/SlamToolboxPluginExport.cmake\n'}
[1.283427] (slam_toolbox) StdoutLine: {'line': b'-- Up-to-date: /home/rob1/eeng_462/lab4/install/slam_toolbox/share/slam_toolbox/cmake/SlamToolboxPluginExport-release.cmake\n'}
[1.289028] (slam_toolbox) CommandEnded: {'returncode': 0}
[1.302091] (-) TimerEvent: {}
[1.336155] (slam_toolbox) JobEnded: {'identifier': 'slam_toolbox', 'rc': 0}
[1.402250] (-) TimerEvent: {}
[1.502780] (-) TimerEvent: {}
[1.603319] (-) TimerEvent: {}
[1.703862] (-) TimerEvent: {}
[1.804448] (-) TimerEvent: {}
[1.905083] (-) TimerEvent: {}
[1.943322] (mecanum_robot) Command: {'cmd': ['/usr/bin/python3', '-W', 'ignore:setup.py install is deprecated', '-W', 'ignore:easy_install command is deprecated', 'setup.py', 'egg_info', '--egg-base', '../../build/mecanum_robot', 'build', '--build-base', '/home/rob1/eeng_462/lab4/build/mecanum_robot/build', 'install', '--record', '/home/rob1/eeng_462/lab4/build/mecanum_robot/install.log', '--single-version-externally-managed', 'install_data'], 'cwd': '/home/rob1/eeng_462/lab4/src/mecanum_robot', 'env': {'USER': 'rob1', 'XDG_SEAT': 'seat0', 'XDG_SESSION_TYPE': 'x11', 'SHLVL': '1', 'LD_LIBRARY_PATH': '/home/rob1/eeng_462/lab4/install/slam_toolbox/lib:/home/rob1/eeng_462/lab4/install/openslam_gmapping/lib:/opt/ros/humble/opt/rviz_ogre_vendor/lib:/opt/ros/humble/lib/aarch64-linux-gnu:/opt/ros/humble/lib', 'HOME': '/home/rob1', 'OLDPWD': '/home/rob1/eeng_462', 'LESS': '-R', 'DESKTOP_SESSION': 'i3', 'ZSH': '/home/rob1/.oh-my-zsh', 'LSCOLORS': 'Gxfxcxdxbxegedabagacad', 'GTK_MODULES': 'gail:atk-bridge', 'PAGER': 'less', 'ROS_PYTHON_VERSION': '3', 'SYSTEMD_EXEC_PID': '1839', 'DBUS_SESSION_BUS_ADDRESS': 'unix:path=/run/user/1000/bus', 'COLORTERM': 'truecolor', '_colcon_cd_root': '/opt/ros/humble/', 'ROS_DISTRO': 'humble', 'COLCON_PREFIX_PATH': '/home/rob1/eeng_462/lab4/install', 'GTK_IM_MODULE': 'ibus', 'LOGNAME': 'rob1', '_': '/usr/bin/colcon', 'XDG_SESSION_CLASS': 'user', 'ROS_VERSION': '2', 'XDG_SESSION_ID': '2', 'USERNAME': 'rob1', 'TERM': 'xterm-256color', 'ROS_LOCALHOST_ONLY': '0', 'WINDOWPATH': '2', 'PATH': '/opt/ros/humble/bin:/home/rob1/.local/bin:/usr/local/sbin:/usr/local/bin:/usr/sbin:/usr/bin:/sbin:/bin:/usr/games:/usr/local/games:/snap/bin:/snap/bin', 'GNOME_TERMINAL_SCREEN': '/org/gnome/Terminal/screen/5b3aaf95_5539_44c3_9ed1_359fd9d6f4f9', 'XDG_RUNTIME_DIR': '/run/user/1000', 'DISPLAY': ':1', 'LANG': 'en_US.UTF-8', 'XDG_CURRENT_DESKTOP': 'i3', 'XDG_SESSION_DESKTOP': 'i3', 'GNOME_TERMINAL_SERVICE': ':1.45', 'XMODIFIERS': '@im=ibus', 'XAUTHORITY': '/run/user/1000/gdm/Xauthority', 'LS_COLORS': 'rs=0:di=01;34:ln=01;36:mh=00:pi=40;33:so=01;35:do=01;35:bd=40;33;01:cd=40;33;01:or=40;31;01:mi=00:su=37;41:sg=30;43:ca=30;41:tw=30;42:ow=34;42:st=37;44:ex=01;32:*.tar=01;31:*.tgz=01;31:*.arc=01;31:*.arj=01;31:*.taz=01;31:*.lha=01;31:*.lz4=01;31:*.lzh=01;31:*.lzma=01;31:*.tlz=01;31:*.txz=01;31:*.tzo=01;31:*.t7z=01;31:*.zip=01;31:*.z=01;31:*.dz=01;31:*.gz=01;31:*.lrz=01;31:*.lz=01;31:*.lzo=01;31:*.xz=01;31:*.zst=01;31:*.tzst=01;31:*.bz2=01;31:*.bz=01;31:*.tbz=01;31:*.tbz2=01;31:*.tz=01;31:*.deb=01;31:*.rpm=01;31:*.jar=01;31:*.war=01;31:*.ear=01;31:*.sar=01;31:*.rar=01;31:*.alz=01;31:*.ace=01;31:*.zoo=01;31:*.cpio=01;31:*.7z=01;31:*.rz=01;31:*.cab=01;31:*.wim=01;31:*.swm=01;31:*.dwm=01;31:*.esd=01;31:*.jpg=01;35:*.jpeg=01;35:*.mjpg=01;35:*.mjpeg=01;35:*.gif=01;35:*.bmp=01;35:*.pbm=01;35:*.pgm=01;35:*.ppm=01;35:*.tga=01;35:*.xbm=01;35:*.xpm=01;35:*.tif=01;35:*.tiff=01;35:*.png=01;35:*.svg=01;35:*.svgz=01;35:*.mng=01;35:*.pcx=01;35:*.mov=01;35:*.mpg=01;35:*.mpeg=01;35:*.m2v=01;35:*.mkv=01;35:*.webm=01;35:*.webp=01;35:*.ogm=01;35:*.mp4=01;35:*.m4v=01;35:*.mp4v=01;35:*.vob=01;35:*.qt=01;35:*.nuv=01;35:*.wmv=01;35:*.asf=01;35:*.rm=01;35:*.rmvb=01;35:*.flc=01;35:*.avi=01;35:*.fli=01;35:*.flv=01;35:*.gl=01;35:*.dl=01;35:*.xcf=01;35:*.xwd=01;35:*.yuv=01;35:*.cgm=01;35:*.emf=01;35:*.ogv=01;35:*.ogx=01;35:*.aac=00;36:*.au=00;36:*.flac=00;36:*.m4a=00;36:*.mid=00;36:*.midi=00;36:*.mka=00;36:*.mp3=00;36:*.mpc=00;36:*.ogg=00;36:*.ra=00;36:*.wav=00;36:*.oga=00;36:*.opus=00;36:*.spx=00;36:*.xspf=00;36:', 'AMENT_PREFIX_PATH': '/home/rob1/eeng_462/lab4/install/sllidar_ros2:/home/rob1/eeng_462/lab4/install/slam_toolbox:/home/rob1/eeng_462/lab4/install/mecanum_robot:/home/rob1/eeng_462/lab4/install/slam_gmapping:/home/rob1/eeng_462/lab4/install/rplidar_ros:/home/rob1/eeng_462/lab4/install/openslam_gmapping:/opt/ros/humble', 'ROS_DOMAIN_ID': '101', 'SHELL': '/usr/bin/zsh', 'QT_ACCESSIBILITY': '1', 'GDMSESSION': 'i3', 'GPG_AGENT_INFO': '/run/user/1000/gnupg/S.gpg-agent:0:1', 'QT_IM_MODULE': 'ibus', 'XDG_VTNR': '2', 'PWD': '/home/rob1/eeng_462/lab4/build/mecanum_robot', 'XDG_CONFIG_DIRS': '/etc/xdg/xdg-i3:/etc/xdg', 'XDG_DATA_DIRS': '/usr/share/i3:/usr/share/gnome:/usr/local/share/:/usr/share/:/var/lib/snapd/desktop', 'CLUTTER_IM_MODULE': 'ibus', 'PYTHONPATH': '/home/rob1/eeng_462/lab4/build/mecanum_robot/prefix_override:/usr/lib/python3/dist-packages/colcon_core/task/python/colcon_distutils_commands:/home/rob1/eeng_462/lab4/install/mecanum_robot/lib/python3.10/site-packages:/home/rob1/eeng_462/lab4/install/slam_toolbox/local/lib/python3.10/dist-packages:/home/rob1/eeng_462/lab4/install/mecanum_robot/lib/python3.10/site-packages:/opt/ros/humble/lib/python3.10/site-packages:/opt/ros/humble/local/lib/python3.10/dist-packages', 'I3SOCK': '/run/user/1000/i3/ipc-socket.1870', 'COLCON': '1', 'VTE_VERSION': '6800', 'CMAKE_PREFIX_PATH': '/home/rob1/eeng_462/lab4/install/rplidar_ros:/home/rob1/eeng_462/lab4/install/sllidar_ros2:/home/rob1/eeng_462/lab4/install/slam_toolbox:/home/rob1/eeng_462/lab4/install/slam_gmapping:/home/rob1/eeng_462/lab4/install/openslam_gmapping'}, 'shell': False}
[2.005185] (-) TimerEvent: {}
[2.105720] (-) TimerEvent: {}
[2.206266] (-) TimerEvent: {}
[2.306804] (-) TimerEvent: {}
[2.407357] (-) TimerEvent: {}
[2.507909] (-) TimerEvent: {}
[2.557731] (mecanum_robot) StdoutLine: {'line': b'running egg_info\n'}
[2.559118] (mecanum_robot) StdoutLine: {'line': b'writing ../../build/mecanum_robot/mecanum_robot.egg-info/PKG-INFO\n'}
[2.559654] (mecanum_robot) StdoutLine: {'line': b'writing dependency_links to ../../build/mecanum_robot/mecanum_robot.egg-info/dependency_links.txt\n'}
[2.560198] (mecanum_robot) StdoutLine: {'line': b'writing entry points to ../../build/mecanum_robot/mecanum_robot.egg-info/entry_points.txt\n'}
[2.560513] (mecanum_robot) StdoutLine: {'line': b'writing requirements to ../../build/mecanum_robot/mecanum_robot.egg-info/requires.txt\n'}
[2.560738] (mecanum_robot) StdoutLine: {'line': b'writing top-level names to ../../build/mecanum_robot/mecanum_robot.egg-info/top_level.txt\n'}
[2.564681] (mecanum_robot) StdoutLine: {'line': b"reading manifest file '../../build/mecanum_robot/mecanum_robot.egg-info/SOURCES.txt'\n"}
[2.565215] (mecanum_robot) StdoutLine: {'line': b"adding license file 'LICENSE'\n"}
[2.567174] (mecanum_robot) StdoutLine: {'line': b"writing manifest file '../../build/mecanum_robot/mecanum_robot.egg-info/SOURCES.txt'\n"}
[2.567354] (mecanum_robot) StdoutLine: {'line': b'running build\n'}
[2.567567] (mecanum_robot) StdoutLine: {'line': b'running build_py\n'}
[2.568083] (mecanum_robot) StdoutLine: {'line': b'running install\n'}
[2.568745] (mecanum_robot) StdoutLine: {'line': b'running install_lib\n'}
[2.571271] (mecanum_robot) StdoutLine: {'line': b'running install_data\n'}
[2.571502] (mecanum_robot) StdoutLine: {'line': b'creating /home/rob1/eeng_462/lab4/install/mecanum_robot/share/mecanum_robot/launch\n'}
[2.571944] (mecanum_robot) StdoutLine: {'line': b'copying launch/mecanum_robot_launch.py -> /home/rob1/eeng_462/lab4/install/mecanum_robot/share/mecanum_robot/launch\n'}
[2.572091] (mecanum_robot) StdoutLine: {'line': b'running install_egg_info\n'}
[2.575959] (mecanum_robot) StdoutLine: {'line': b"removing '/home/rob1/eeng_462/lab4/install/mecanum_robot/lib/python3.10/site-packages/mecanum_robot-0.0.0-py3.10.egg-info' (and everything under it)\n"}
[2.576734] (mecanum_robot) StdoutLine: {'line': b'Copying ../../build/mecanum_robot/mecanum_robot.egg-info to /home/rob1/eeng_462/lab4/install/mecanum_robot/lib/python3.10/site-packages/mecanum_robot-0.0.0-py3.10.egg-info\n'}
[2.578967] (mecanum_robot) StdoutLine: {'line': b'running install_scripts\n'}
[2.607974] (-) TimerEvent: {}
[2.624058] (mecanum_robot) StdoutLine: {'line': b'Installing mecanum_robot script to /home/rob1/eeng_462/lab4/install/mecanum_robot/lib/mecanum_robot\n'}
[2.624883] (mecanum_robot) StdoutLine: {'line': b"writing list of installed files to '/home/rob1/eeng_462/lab4/build/mecanum_robot/install.log'\n"}
[2.699071] (mecanum_robot) CommandEnded: {'returncode': 0}
[2.708220] (-) TimerEvent: {}
[2.720819] (mecanum_robot) JobEnded: {'identifier': 'mecanum_robot', 'rc': 0}
[2.723239] (-) EventReactorShutdown: {}
