[0.000000] (-) TimerEvent: {}
[0.001075] (rplidar_ros) JobQueued: {'identifier': 'rplidar_ros', 'dependencies': OrderedDict()}
[0.001408] (slam_toolbox) JobQueued: {'identifier': 'slam_toolbox', 'dependencies': OrderedDict()}
[0.001525] (mecanum_robot) JobQueued: {'identifier': 'mecanum_robot', 'dependencies': OrderedDict([('rplidar_ros', '/home/rob1/eeng_462/lab4/install/rplidar_ros')])}
[0.001714] (rplidar_ros) JobStarted: {'identifier': 'rplidar_ros'}
[0.015055] (slam_toolbox) JobStarted: {'identifier': 'slam_toolbox'}
[0.026145] (rplidar_ros) JobProgress: {'identifier': 'rplidar_ros', 'progress': 'cmake'}
[0.027603] (rplidar_ros) JobProgress: {'identifier': 'rplidar_ros', 'progress': 'build'}
[0.029089] (rplidar_ros) Command: {'cmd': ['/usr/bin/cmake', '--build', '/home/rob1/eeng_462/lab4/build/rplidar_ros', '--', '-j6', '-l6'], 'cwd': '/home/rob1/eeng_462/lab4/build/rplidar_ros', 'env': OrderedDict([('USER', 'rob1'), ('XDG_SEAT', 'seat0'), ('XDG_SESSION_TYPE', 'x11'), ('SHLVL', '1'), ('LD_LIBRARY_PATH', '/home/rob1/eeng_462/lab4/install/slam_toolbox/lib:/home/rob1/eeng_462/lab4/install/openslam_gmapping/lib:/opt/ros/humble/opt/rviz_ogre_vendor/lib:/opt/ros/humble/lib/aarch64-linux-gnu:/opt/ros/humble/lib'), ('HOME', '/home/rob1'), ('OLDPWD', '/home/rob1'), ('LESS', '-R'), ('DESKTOP_SESSION', 'i3'), ('ZSH', '/home/rob1/.oh-my-zsh'), ('LSCOLORS', 'Gxfxcxdxbxegedabagacad'), ('GTK_MODULES', 'gail:atk-bridge'), ('PAGER', 'less'), ('ROS_PYTHON_VERSION', '3'), ('SYSTEMD_EXEC_PID', '1834'), ('DBUS_SESSION_BUS_ADDRESS', 'unix:path=/run/user/1000/bus'), ('COLORTERM', 'truecolor'), ('_colcon_cd_root', '/opt/ros/humble/'), ('ROS_DISTRO', 'humble'), ('COLCON_PREFIX_PATH', '/home/rob1/eeng_462/lab4/install'), ('GTK_IM_MODULE', 'ibus'), ('LOGNAME', 'rob1'), ('_', '/usr/bin/colcon'), ('XDG_SESSION_CLASS', 'user'), ('ROS_VERSION', '2'), ('XDG_SESSION_ID', '2'), ('USERNAME', 'rob1'), ('TERM', 'xterm-256color'), ('ROS_LOCALHOST_ONLY', '0'), ('WINDOWPATH', '2'), ('PATH', '/opt/ros/humble/bin:/home/rob1/.local/bin:/usr/local/sbin:/usr/local/bin:/usr/sbin:/usr/bin:/sbin:/bin:/usr/games:/usr/local/games:/snap/bin:/snap/bin'), ('GNOME_TERMINAL_SCREEN', '/org/gnome/Terminal/screen/92cff4d8_6204_4e10_b9ca_e1778c430190'), ('XDG_RUNTIME_DIR', '/run/user/1000'), ('DISPLAY', ':1'), ('LANG', 'en_US.UTF-8'), ('XDG_CURRENT_DESKTOP', 'i3'), ('XDG_SESSION_DESKTOP', 'i3'), ('GNOME_TERMINAL_SERVICE', ':1.44'), ('XMODIFIERS', '@im=ibus'), ('XAUTHORITY', '/run/user/1000/gdm/Xauthority'), ('LS_COLORS', 'rs=0:di=01;34:ln=01;36:mh=00:pi=40;33:so=01;35:do=01;35:bd=40;33;01:cd=40;33;01:or=40;31;01:mi=00:su=37;41:sg=30;43:ca=30;41:tw=30;42:ow=34;42:st=37;44:ex=01;32:*.tar=01;31:*.tgz=01;31:*.arc=01;31:*.arj=01;31:*.taz=01;31:*.lha=01;31:*.lz4=01;31:*.lzh=01;31:*.lzma=01;31:*.tlz=01;31:*.txz=01;31:*.tzo=01;31:*.t7z=01;31:*.zip=01;31:*.z=01;31:*.dz=01;31:*.gz=01;31:*.lrz=01;31:*.lz=01;31:*.lzo=01;31:*.xz=01;31:*.zst=01;31:*.tzst=01;31:*.bz2=01;31:*.bz=01;31:*.tbz=01;31:*.tbz2=01;31:*.tz=01;31:*.deb=01;31:*.rpm=01;31:*.jar=01;31:*.war=01;31:*.ear=01;31:*.sar=01;31:*.rar=01;31:*.alz=01;31:*.ace=01;31:*.zoo=01;31:*.cpio=01;31:*.7z=01;31:*.rz=01;31:*.cab=01;31:*.wim=01;31:*.swm=01;31:*.dwm=01;31:*.esd=01;31:*.jpg=01;35:*.jpeg=01;35:*.mjpg=01;35:*.mjpeg=01;35:*.gif=01;35:*.bmp=01;35:*.pbm=01;35:*.pgm=01;35:*.ppm=01;35:*.tga=01;35:*.xbm=01;35:*.xpm=01;35:*.tif=01;35:*.tiff=01;35:*.png=01;35:*.svg=01;35:*.svgz=01;35:*.mng=01;35:*.pcx=01;35:*.mov=01;35:*.mpg=01;35:*.mpeg=01;35:*.m2v=01;35:*.mkv=01;35:*.webm=01;35:*.webp=01;35:*.ogm=01;35:*.mp4=01;35:*.m4v=01;35:*.mp4v=01;35:*.vob=01;35:*.qt=01;35:*.nuv=01;35:*.wmv=01;35:*.asf=01;35:*.rm=01;35:*.rmvb=01;35:*.flc=01;35:*.avi=01;35:*.fli=01;35:*.flv=01;35:*.gl=01;35:*.dl=01;35:*.xcf=01;35:*.xwd=01;35:*.yuv=01;35:*.cgm=01;35:*.emf=01;35:*.ogv=01;35:*.ogx=01;35:*.aac=00;36:*.au=00;36:*.flac=00;36:*.m4a=00;36:*.mid=00;36:*.midi=00;36:*.mka=00;36:*.mp3=00;36:*.mpc=00;36:*.ogg=00;36:*.ra=00;36:*.wav=00;36:*.oga=00;36:*.opus=00;36:*.spx=00;36:*.xspf=00;36:'), ('AMENT_PREFIX_PATH', '/home/rob1/eeng_462/lab4/install/sllidar_ros2:/home/rob1/eeng_462/lab4/install/slam_toolbox:/home/rob1/eeng_462/lab4/install/mecanum_robot:/home/rob1/eeng_462/lab4/install/slam_gmapping:/home/rob1/eeng_462/lab4/install/rplidar_ros:/home/rob1/eeng_462/lab4/install/openslam_gmapping:/opt/ros/humble'), ('ROS_DOMAIN_ID', '101'), ('SHELL', '/usr/bin/zsh'), ('QT_ACCESSIBILITY', '1'), ('GDMSESSION', 'i3'), ('GPG_AGENT_INFO', '/run/user/1000/gnupg/S.gpg-agent:0:1'), ('QT_IM_MODULE', 'ibus'), ('XDG_VTNR', '2'), ('PWD', '/home/rob1/eeng_462/lab4/build/rplidar_ros'), ('XDG_CONFIG_DIRS', '/etc/xdg/xdg-i3:/etc/xdg'), ('XDG_DATA_DIRS', '/usr/share/i3:/usr/share/gnome:/usr/local/share/:/usr/share/:/var/lib/snapd/desktop'), ('CLUTTER_IM_MODULE', 'ibus'), ('PYTHONPATH', '/home/rob1/eeng_462/lab4/install/slam_toolbox/local/lib/python3.10/dist-packages:/home/rob1/eeng_462/lab4/install/mecanum_robot/lib/python3.10/site-packages:/opt/ros/humble/lib/python3.10/site-packages:/opt/ros/humble/local/lib/python3.10/dist-packages'), ('I3SOCK', '/run/user/1000/i3/ipc-socket.1866'), ('COLCON', '1'), ('VTE_VERSION', '6800'), ('CMAKE_PREFIX_PATH', '/home/rob1/eeng_462/lab4/install/sllidar_ros2:/home/rob1/eeng_462/lab4/install/slam_toolbox:/home/rob1/eeng_462/lab4/install/slam_gmapping:/home/rob1/eeng_462/lab4/install/mecanum_robot:/opt/ros/humble:/home/rob1/eeng_462/lab4/install/rplidar_ros:/home/rob1/eeng_462/lab4/install/openslam_gmapping')]), 'shell': False}
[0.037562] (slam_toolbox) JobProgress: {'identifier': 'slam_toolbox', 'progress': 'cmake'}
[0.039623] (slam_toolbox) JobProgress: {'identifier': 'slam_toolbox', 'progress': 'build'}
[0.040576] (slam_toolbox) Command: {'cmd': ['/usr/bin/cmake', '--build', '/home/rob1/eeng_462/lab4/build/slam_toolbox', '--', '-j6', '-l6'], 'cwd': '/home/rob1/eeng_462/lab4/build/slam_toolbox', 'env': OrderedDict([('USER', 'rob1'), ('XDG_SEAT', 'seat0'), ('XDG_SESSION_TYPE', 'x11'), ('SHLVL', '1'), ('LD_LIBRARY_PATH', '/home/rob1/eeng_462/lab4/install/slam_toolbox/lib:/home/rob1/eeng_462/lab4/install/openslam_gmapping/lib:/opt/ros/humble/opt/rviz_ogre_vendor/lib:/opt/ros/humble/lib/aarch64-linux-gnu:/opt/ros/humble/lib'), ('HOME', '/home/rob1'), ('OLDPWD', '/home/rob1'), ('LESS', '-R'), ('DESKTOP_SESSION', 'i3'), ('ZSH', '/home/rob1/.oh-my-zsh'), ('LSCOLORS', 'Gxfxcxdxbxegedabagacad'), ('GTK_MODULES', 'gail:atk-bridge'), ('PAGER', 'less'), ('ROS_PYTHON_VERSION', '3'), ('SYSTEMD_EXEC_PID', '1834'), ('DBUS_SESSION_BUS_ADDRESS', 'unix:path=/run/user/1000/bus'), ('COLORTERM', 'truecolor'), ('_colcon_cd_root', '/opt/ros/humble/'), ('ROS_DISTRO', 'humble'), ('COLCON_PREFIX_PATH', '/home/rob1/eeng_462/lab4/install'), ('GTK_IM_MODULE', 'ibus'), ('LOGNAME', 'rob1'), ('_', '/usr/bin/colcon'), ('XDG_SESSION_CLASS', 'user'), ('ROS_VERSION', '2'), ('XDG_SESSION_ID', '2'), ('USERNAME', 'rob1'), ('TERM', 'xterm-256color'), ('ROS_LOCALHOST_ONLY', '0'), ('WINDOWPATH', '2'), ('PATH', '/opt/ros/humble/bin:/home/rob1/.local/bin:/usr/local/sbin:/usr/local/bin:/usr/sbin:/usr/bin:/sbin:/bin:/usr/games:/usr/local/games:/snap/bin:/snap/bin'), ('GNOME_TERMINAL_SCREEN', '/org/gnome/Terminal/screen/92cff4d8_6204_4e10_b9ca_e1778c430190'), ('XDG_RUNTIME_DIR', '/run/user/1000'), ('DISPLAY', ':1'), ('LANG', 'en_US.UTF-8'), ('XDG_CURRENT_DESKTOP', 'i3'), ('XDG_SESSION_DESKTOP', 'i3'), ('GNOME_TERMINAL_SERVICE', ':1.44'), ('XMODIFIERS', '@im=ibus'), ('XAUTHORITY', '/run/user/1000/gdm/Xauthority'), ('LS_COLORS', 'rs=0:di=01;34:ln=01;36:mh=00:pi=40;33:so=01;35:do=01;35:bd=40;33;01:cd=40;33;01:or=40;31;01:mi=00:su=37;41:sg=30;43:ca=30;41:tw=30;42:ow=34;42:st=37;44:ex=01;32:*.tar=01;31:*.tgz=01;31:*.arc=01;31:*.arj=01;31:*.taz=01;31:*.lha=01;31:*.lz4=01;31:*.lzh=01;31:*.lzma=01;31:*.tlz=01;31:*.txz=01;31:*.tzo=01;31:*.t7z=01;31:*.zip=01;31:*.z=01;31:*.dz=01;31:*.gz=01;31:*.lrz=01;31:*.lz=01;31:*.lzo=01;31:*.xz=01;31:*.zst=01;31:*.tzst=01;31:*.bz2=01;31:*.bz=01;31:*.tbz=01;31:*.tbz2=01;31:*.tz=01;31:*.deb=01;31:*.rpm=01;31:*.jar=01;31:*.war=01;31:*.ear=01;31:*.sar=01;31:*.rar=01;31:*.alz=01;31:*.ace=01;31:*.zoo=01;31:*.cpio=01;31:*.7z=01;31:*.rz=01;31:*.cab=01;31:*.wim=01;31:*.swm=01;31:*.dwm=01;31:*.esd=01;31:*.jpg=01;35:*.jpeg=01;35:*.mjpg=01;35:*.mjpeg=01;35:*.gif=01;35:*.bmp=01;35:*.pbm=01;35:*.pgm=01;35:*.ppm=01;35:*.tga=01;35:*.xbm=01;35:*.xpm=01;35:*.tif=01;35:*.tiff=01;35:*.png=01;35:*.svg=01;35:*.svgz=01;35:*.mng=01;35:*.pcx=01;35:*.mov=01;35:*.mpg=01;35:*.mpeg=01;35:*.m2v=01;35:*.mkv=01;35:*.webm=01;35:*.webp=01;35:*.ogm=01;35:*.mp4=01;35:*.m4v=01;35:*.mp4v=01;35:*.vob=01;35:*.qt=01;35:*.nuv=01;35:*.wmv=01;35:*.asf=01;35:*.rm=01;35:*.rmvb=01;35:*.flc=01;35:*.avi=01;35:*.fli=01;35:*.flv=01;35:*.gl=01;35:*.dl=01;35:*.xcf=01;35:*.xwd=01;35:*.yuv=01;35:*.cgm=01;35:*.emf=01;35:*.ogv=01;35:*.ogx=01;35:*.aac=00;36:*.au=00;36:*.flac=00;36:*.m4a=00;36:*.mid=00;36:*.midi=00;36:*.mka=00;36:*.mp3=00;36:*.mpc=00;36:*.ogg=00;36:*.ra=00;36:*.wav=00;36:*.oga=00;36:*.opus=00;36:*.spx=00;36:*.xspf=00;36:'), ('AMENT_PREFIX_PATH', '/home/rob1/eeng_462/lab4/install/sllidar_ros2:/home/rob1/eeng_462/lab4/install/slam_toolbox:/home/rob1/eeng_462/lab4/install/mecanum_robot:/home/rob1/eeng_462/lab4/install/slam_gmapping:/home/rob1/eeng_462/lab4/install/rplidar_ros:/home/rob1/eeng_462/lab4/install/openslam_gmapping:/opt/ros/humble'), ('ROS_DOMAIN_ID', '101'), ('SHELL', '/usr/bin/zsh'), ('QT_ACCESSIBILITY', '1'), ('GDMSESSION', 'i3'), ('GPG_AGENT_INFO', '/run/user/1000/gnupg/S.gpg-agent:0:1'), ('QT_IM_MODULE', 'ibus'), ('XDG_VTNR', '2'), ('PWD', '/home/rob1/eeng_462/lab4/build/slam_toolbox'), ('XDG_CONFIG_DIRS', '/etc/xdg/xdg-i3:/etc/xdg'), ('XDG_DATA_DIRS', '/usr/share/i3:/usr/share/gnome:/usr/local/share/:/usr/share/:/var/lib/snapd/desktop'), ('CLUTTER_IM_MODULE', 'ibus'), ('PYTHONPATH', '/home/rob1/eeng_462/lab4/install/slam_toolbox/local/lib/python3.10/dist-packages:/home/rob1/eeng_462/lab4/install/mecanum_robot/lib/python3.10/site-packages:/opt/ros/humble/lib/python3.10/site-packages:/opt/ros/humble/local/lib/python3.10/dist-packages'), ('I3SOCK', '/run/user/1000/i3/ipc-socket.1866'), ('COLCON', '1'), ('VTE_VERSION', '6800'), ('CMAKE_PREFIX_PATH', '/home/rob1/eeng_462/lab4/install/sllidar_ros2:/home/rob1/eeng_462/lab4/install/slam_toolbox:/home/rob1/eeng_462/lab4/install/slam_gmapping:/home/rob1/eeng_462/lab4/install/mecanum_robot:/opt/ros/humble:/home/rob1/eeng_462/lab4/install/rplidar_ros:/home/rob1/eeng_462/lab4/install/openslam_gmapping')]), 'shell': False}
[0.099133] (-) TimerEvent: {}
[0.151219] (rplidar_ros) StdoutLine: {'line': b'[  5%] Built target rplidar_client\n'}
[0.160220] (rplidar_ros) StdoutLine: {'line': b'[ 52%] Built target rplidar_node\n'}
[0.166858] (rplidar_ros) StdoutLine: {'line': b'[100%] Built target rplidar_composition\n'}
[0.169305] (slam_toolbox) StdoutLine: {'line': b'[ 10%] Built target slam_toolbox__rosidl_generator_c\n'}
[0.169764] (slam_toolbox) StdoutLine: {'line': b'[ 10%] Built target slam_toolbox__cpp\n'}
[0.179859] (slam_toolbox) StdoutLine: {'line': b'[ 10%] Built target ament_cmake_python_symlink_slam_toolbox\n'}
[0.192906] (rplidar_ros) CommandEnded: {'returncode': 0}
[0.193909] (rplidar_ros) JobProgress: {'identifier': 'rplidar_ros', 'progress': 'install'}
[0.196488] (slam_toolbox) StdoutLine: {'line': b'[ 12%] Built target kartoSlamToolbox\n'}
[0.199239] (-) TimerEvent: {}
[0.209707] (rplidar_ros) Command: {'cmd': ['/usr/bin/cmake', '--install', '/home/rob1/eeng_462/lab4/build/rplidar_ros'], 'cwd': '/home/rob1/eeng_462/lab4/build/rplidar_ros', 'env': OrderedDict([('USER', 'rob1'), ('XDG_SEAT', 'seat0'), ('XDG_SESSION_TYPE', 'x11'), ('SHLVL', '1'), ('LD_LIBRARY_PATH', '/home/rob1/eeng_462/lab4/install/slam_toolbox/lib:/home/rob1/eeng_462/lab4/install/openslam_gmapping/lib:/opt/ros/humble/opt/rviz_ogre_vendor/lib:/opt/ros/humble/lib/aarch64-linux-gnu:/opt/ros/humble/lib'), ('HOME', '/home/rob1'), ('OLDPWD', '/home/rob1'), ('LESS', '-R'), ('DESKTOP_SESSION', 'i3'), ('ZSH', '/home/rob1/.oh-my-zsh'), ('LSCOLORS', 'Gxfxcxdxbxegedabagacad'), ('GTK_MODULES', 'gail:atk-bridge'), ('PAGER', 'less'), ('ROS_PYTHON_VERSION', '3'), ('SYSTEMD_EXEC_PID', '1834'), ('DBUS_SESSION_BUS_ADDRESS', 'unix:path=/run/user/1000/bus'), ('COLORTERM', 'truecolor'), ('_colcon_cd_root', '/opt/ros/humble/'), ('ROS_DISTRO', 'humble'), ('COLCON_PREFIX_PATH', '/home/rob1/eeng_462/lab4/install'), ('GTK_IM_MODULE', 'ibus'), ('LOGNAME', 'rob1'), ('_', '/usr/bin/colcon'), ('XDG_SESSION_CLASS', 'user'), ('ROS_VERSION', '2'), ('XDG_SESSION_ID', '2'), ('USERNAME', 'rob1'), ('TERM', 'xterm-256color'), ('ROS_LOCALHOST_ONLY', '0'), ('WINDOWPATH', '2'), ('PATH', '/opt/ros/humble/bin:/home/rob1/.local/bin:/usr/local/sbin:/usr/local/bin:/usr/sbin:/usr/bin:/sbin:/bin:/usr/games:/usr/local/games:/snap/bin:/snap/bin'), ('GNOME_TERMINAL_SCREEN', '/org/gnome/Terminal/screen/92cff4d8_6204_4e10_b9ca_e1778c430190'), ('XDG_RUNTIME_DIR', '/run/user/1000'), ('DISPLAY', ':1'), ('LANG', 'en_US.UTF-8'), ('XDG_CURRENT_DESKTOP', 'i3'), ('XDG_SESSION_DESKTOP', 'i3'), ('GNOME_TERMINAL_SERVICE', ':1.44'), ('XMODIFIERS', '@im=ibus'), ('XAUTHORITY', '/run/user/1000/gdm/Xauthority'), ('LS_COLORS', 'rs=0:di=01;34:ln=01;36:mh=00:pi=40;33:so=01;35:do=01;35:bd=40;33;01:cd=40;33;01:or=40;31;01:mi=00:su=37;41:sg=30;43:ca=30;41:tw=30;42:ow=34;42:st=37;44:ex=01;32:*.tar=01;31:*.tgz=01;31:*.arc=01;31:*.arj=01;31:*.taz=01;31:*.lha=01;31:*.lz4=01;31:*.lzh=01;31:*.lzma=01;31:*.tlz=01;31:*.txz=01;31:*.tzo=01;31:*.t7z=01;31:*.zip=01;31:*.z=01;31:*.dz=01;31:*.gz=01;31:*.lrz=01;31:*.lz=01;31:*.lzo=01;31:*.xz=01;31:*.zst=01;31:*.tzst=01;31:*.bz2=01;31:*.bz=01;31:*.tbz=01;31:*.tbz2=01;31:*.tz=01;31:*.deb=01;31:*.rpm=01;31:*.jar=01;31:*.war=01;31:*.ear=01;31:*.sar=01;31:*.rar=01;31:*.alz=01;31:*.ace=01;31:*.zoo=01;31:*.cpio=01;31:*.7z=01;31:*.rz=01;31:*.cab=01;31:*.wim=01;31:*.swm=01;31:*.dwm=01;31:*.esd=01;31:*.jpg=01;35:*.jpeg=01;35:*.mjpg=01;35:*.mjpeg=01;35:*.gif=01;35:*.bmp=01;35:*.pbm=01;35:*.pgm=01;35:*.ppm=01;35:*.tga=01;35:*.xbm=01;35:*.xpm=01;35:*.tif=01;35:*.tiff=01;35:*.png=01;35:*.svg=01;35:*.svgz=01;35:*.mng=01;35:*.pcx=01;35:*.mov=01;35:*.mpg=01;35:*.mpeg=01;35:*.m2v=01;35:*.mkv=01;35:*.webm=01;35:*.webp=01;35:*.ogm=01;35:*.mp4=01;35:*.m4v=01;35:*.mp4v=01;35:*.vob=01;35:*.qt=01;35:*.nuv=01;35:*.wmv=01;35:*.asf=01;35:*.rm=01;35:*.rmvb=01;35:*.flc=01;35:*.avi=01;35:*.fli=01;35:*.flv=01;35:*.gl=01;35:*.dl=01;35:*.xcf=01;35:*.xwd=01;35:*.yuv=01;35:*.cgm=01;35:*.emf=01;35:*.ogv=01;35:*.ogx=01;35:*.aac=00;36:*.au=00;36:*.flac=00;36:*.m4a=00;36:*.mid=00;36:*.midi=00;36:*.mka=00;36:*.mp3=00;36:*.mpc=00;36:*.ogg=00;36:*.ra=00;36:*.wav=00;36:*.oga=00;36:*.opus=00;36:*.spx=00;36:*.xspf=00;36:'), ('AMENT_PREFIX_PATH', '/home/rob1/eeng_462/lab4/install/sllidar_ros2:/home/rob1/eeng_462/lab4/install/slam_toolbox:/home/rob1/eeng_462/lab4/install/mecanum_robot:/home/rob1/eeng_462/lab4/install/slam_gmapping:/home/rob1/eeng_462/lab4/install/rplidar_ros:/home/rob1/eeng_462/lab4/install/openslam_gmapping:/opt/ros/humble'), ('ROS_DOMAIN_ID', '101'), ('SHELL', '/usr/bin/zsh'), ('QT_ACCESSIBILITY', '1'), ('GDMSESSION', 'i3'), ('GPG_AGENT_INFO', '/run/user/1000/gnupg/S.gpg-agent:0:1'), ('QT_IM_MODULE', 'ibus'), ('XDG_VTNR', '2'), ('PWD', '/home/rob1/eeng_462/lab4/build/rplidar_ros'), ('XDG_CONFIG_DIRS', '/etc/xdg/xdg-i3:/etc/xdg'), ('XDG_DATA_DIRS', '/usr/share/i3:/usr/share/gnome:/usr/local/share/:/usr/share/:/var/lib/snapd/desktop'), ('CLUTTER_IM_MODULE', 'ibus'), ('PYTHONPATH', '/home/rob1/eeng_462/lab4/install/slam_toolbox/local/lib/python3.10/dist-packages:/home/rob1/eeng_462/lab4/install/mecanum_robot/lib/python3.10/site-packages:/opt/ros/humble/lib/python3.10/site-packages:/opt/ros/humble/local/lib/python3.10/dist-packages'), ('I3SOCK', '/run/user/1000/i3/ipc-socket.1866'), ('COLCON', '1'), ('VTE_VERSION', '6800'), ('CMAKE_PREFIX_PATH', '/home/rob1/eeng_462/lab4/install/sllidar_ros2:/home/rob1/eeng_462/lab4/install/slam_toolbox:/home/rob1/eeng_462/lab4/install/slam_gmapping:/home/rob1/eeng_462/lab4/install/mecanum_robot:/opt/ros/humble:/home/rob1/eeng_462/lab4/install/rplidar_ros:/home/rob1/eeng_462/lab4/install/openslam_gmapping')]), 'shell': False}
[0.224528] (slam_toolbox) StdoutLine: {'line': b'[ 20%] Built target slam_toolbox__rosidl_typesupport_c\n'}
[0.227283] (slam_toolbox) StdoutLine: {'line': b'[ 29%] Built target slam_toolbox__rosidl_typesupport_fastrtps_c\n'}
[0.230368] (rplidar_ros) StdoutLine: {'line': b'-- Install configuration: ""\n'}
[0.232111] (rplidar_ros) StdoutLine: {'line': b'-- Execute custom install script\n'}
[0.233867] (rplidar_ros) StdoutLine: {'line': b'-- Up-to-date symlink: /home/rob1/eeng_462/lab4/install/rplidar_ros/share/rplidar_ros/launch/rplidar_a1_launch.py\n'}
[0.234803] (rplidar_ros) StdoutLine: {'line': b'-- Up-to-date symlink: /home/rob1/eeng_462/lab4/install/rplidar_ros/share/rplidar_ros/launch/rplidar_a2m12_launch.py\n'}
[0.235480] (rplidar_ros) StdoutLine: {'line': b'-- Up-to-date symlink: /home/rob1/eeng_462/lab4/install/rplidar_ros/share/rplidar_ros/launch/rplidar_a2m7_launch.py\n'}
[0.236133] (rplidar_ros) StdoutLine: {'line': b'-- Up-to-date symlink: /home/rob1/eeng_462/lab4/install/rplidar_ros/share/rplidar_ros/launch/rplidar_a2m8_launch.py\n'}
[0.236809] (rplidar_ros) StdoutLine: {'line': b'-- Up-to-date symlink: /home/rob1/eeng_462/lab4/install/rplidar_ros/share/rplidar_ros/launch/rplidar_a3_launch.py\n'}
[0.237470] (rplidar_ros) StdoutLine: {'line': b'-- Up-to-date symlink: /home/rob1/eeng_462/lab4/install/rplidar_ros/share/rplidar_ros/launch/rplidar_c1_launch.py\n'}
[0.238095] (rplidar_ros) StdoutLine: {'line': b'-- Up-to-date symlink: /home/rob1/eeng_462/lab4/install/rplidar_ros/share/rplidar_ros/launch/rplidar_s1_launch.py\n'}
[0.238722] (rplidar_ros) StdoutLine: {'line': b'-- Up-to-date symlink: /home/rob1/eeng_462/lab4/install/rplidar_ros/share/rplidar_ros/launch/rplidar_s1_tcp_launch.py\n'}
[0.239656] (rplidar_ros) StdoutLine: {'line': b'-- Up-to-date symlink: /home/rob1/eeng_462/lab4/install/rplidar_ros/share/rplidar_ros/launch/rplidar_s2_launch.py\n'}
[0.240339] (rplidar_ros) StdoutLine: {'line': b'-- Up-to-date symlink: /home/rob1/eeng_462/lab4/install/rplidar_ros/share/rplidar_ros/launch/rplidar_s2e_launch.py\n'}
[0.241077] (rplidar_ros) StdoutLine: {'line': b'-- Up-to-date symlink: /home/rob1/eeng_462/lab4/install/rplidar_ros/share/rplidar_ros/launch/rplidar_s3_launch.py\n'}
[0.241412] (slam_toolbox) StdoutLine: {'line': b'[ 37%] Built target slam_toolbox__rosidl_typesupport_introspection_c\n'}
[0.242086] (rplidar_ros) StdoutLine: {'line': b'-- Up-to-date symlink: /home/rob1/eeng_462/lab4/install/rplidar_ros/share/rplidar_ros/launch/rplidar_t1_launch.py\n'}
[0.242730] (rplidar_ros) StdoutLine: {'line': b'-- Up-to-date symlink: /home/rob1/eeng_462/lab4/install/rplidar_ros/share/rplidar_ros/launch/view_rplidar_a1_launch.py\n'}
[0.243384] (rplidar_ros) StdoutLine: {'line': b'-- Up-to-date symlink: /home/rob1/eeng_462/lab4/install/rplidar_ros/share/rplidar_ros/launch/view_rplidar_a2m12_launch.py\n'}
[0.244051] (rplidar_ros) StdoutLine: {'line': b'-- Up-to-date symlink: /home/rob1/eeng_462/lab4/install/rplidar_ros/share/rplidar_ros/launch/view_rplidar_a2m7_launch.py\n'}
[0.244713] (rplidar_ros) StdoutLine: {'line': b'-- Up-to-date symlink: /home/rob1/eeng_462/lab4/install/rplidar_ros/share/rplidar_ros/launch/view_rplidar_a2m8_launch.py\n'}
[0.245367] (rplidar_ros) StdoutLine: {'line': b'-- Up-to-date symlink: /home/rob1/eeng_462/lab4/install/rplidar_ros/share/rplidar_ros/launch/view_rplidar_a3_launch.py\n'}
[0.245567] (rplidar_ros) StdoutLine: {'line': b'-- Up-to-date symlink: /home/rob1/eeng_462/lab4/install/rplidar_ros/share/rplidar_ros/launch/view_rplidar_c1_launch.py\n'}
[0.245812] (rplidar_ros) StdoutLine: {'line': b'-- Up-to-date symlink: /home/rob1/eeng_462/lab4/install/rplidar_ros/share/rplidar_ros/launch/view_rplidar_s1_launch.py\n'}
[0.245985] (rplidar_ros) StdoutLine: {'line': b'-- Up-to-date symlink: /home/rob1/eeng_462/lab4/install/rplidar_ros/share/rplidar_ros/launch/view_rplidar_s1_tcp_launch.py\n'}
[0.246281] (slam_toolbox) StdoutLine: {'line': b'[ 45%] Built target slam_toolbox__rosidl_typesupport_introspection_cpp\n'}
[0.246483] (rplidar_ros) StdoutLine: {'line': b'-- Up-to-date symlink: /home/rob1/eeng_462/lab4/install/rplidar_ros/share/rplidar_ros/launch/view_rplidar_s2_launch.py\n'}
[0.246633] (rplidar_ros) StdoutLine: {'line': b'-- Up-to-date symlink: /home/rob1/eeng_462/lab4/install/rplidar_ros/share/rplidar_ros/launch/view_rplidar_s2e_launch.py\n'}
[0.246867] (rplidar_ros) StdoutLine: {'line': b'-- Up-to-date symlink: /home/rob1/eeng_462/lab4/install/rplidar_ros/share/rplidar_ros/launch/view_rplidar_s3_launch.py\n'}
[0.247023] (rplidar_ros) StdoutLine: {'line': b'-- Up-to-date symlink: /home/rob1/eeng_462/lab4/install/rplidar_ros/share/rplidar_ros/launch/view_rplidar_t1_launch.py\n'}
[0.247225] (rplidar_ros) StdoutLine: {'line': b'-- Up-to-date symlink: /home/rob1/eeng_462/lab4/install/rplidar_ros/share/rplidar_ros/rviz/rplidar_ros.rviz\n'}
[0.247818] (rplidar_ros) StdoutLine: {'line': b'-- Up-to-date symlink: /home/rob1/eeng_462/lab4/install/rplidar_ros/lib/rplidar_ros/rplidar_node\n'}
[0.248159] (rplidar_ros) StdoutLine: {'line': b'-- Up-to-date symlink: /home/rob1/eeng_462/lab4/install/rplidar_ros/lib/rplidar_ros/rplidar_composition\n'}
[0.248470] (rplidar_ros) StdoutLine: {'line': b'-- Up-to-date symlink: /home/rob1/eeng_462/lab4/install/rplidar_ros/lib/rplidar_ros/rplidar_client\n'}
[0.248817] (rplidar_ros) StdoutLine: {'line': b'-- Up-to-date symlink: /home/rob1/eeng_462/lab4/install/rplidar_ros/share/ament_index/resource_index/package_run_dependencies/rplidar_ros\n'}
[0.249044] (slam_toolbox) StdoutLine: {'line': b'[ 53%] Built target slam_toolbox__rosidl_typesupport_cpp\n'}
[0.249251] (rplidar_ros) StdoutLine: {'line': b'-- Up-to-date symlink: /home/rob1/eeng_462/lab4/install/rplidar_ros/share/ament_index/resource_index/parent_prefix_path/rplidar_ros\n'}
[0.249501] (rplidar_ros) StdoutLine: {'line': b'-- Up-to-date symlink: /home/rob1/eeng_462/lab4/install/rplidar_ros/share/rplidar_ros/environment/ament_prefix_path.sh\n'}
[0.249805] (rplidar_ros) StdoutLine: {'line': b'-- Up-to-date symlink: /home/rob1/eeng_462/lab4/install/rplidar_ros/share/rplidar_ros/environment/ament_prefix_path.dsv\n'}
[0.250545] (rplidar_ros) StdoutLine: {'line': b'-- Up-to-date symlink: /home/rob1/eeng_462/lab4/install/rplidar_ros/share/rplidar_ros/environment/path.sh\n'}
[0.251525] (rplidar_ros) StdoutLine: {'line': b'-- Up-to-date symlink: /home/rob1/eeng_462/lab4/install/rplidar_ros/share/rplidar_ros/environment/path.dsv\n'}
[0.252138] (rplidar_ros) StdoutLine: {'line': b'-- Up-to-date symlink: /home/rob1/eeng_462/lab4/install/rplidar_ros/share/rplidar_ros/local_setup.bash\n'}
[0.252315] (rplidar_ros) StdoutLine: {'line': b'-- Up-to-date symlink: /home/rob1/eeng_462/lab4/install/rplidar_ros/share/rplidar_ros/local_setup.sh\n'}
[0.252460] (rplidar_ros) StdoutLine: {'line': b'-- Up-to-date symlink: /home/rob1/eeng_462/lab4/install/rplidar_ros/share/rplidar_ros/local_setup.zsh\n'}
[0.252595] (rplidar_ros) StdoutLine: {'line': b'-- Up-to-date symlink: /home/rob1/eeng_462/lab4/install/rplidar_ros/share/rplidar_ros/local_setup.dsv\n'}
[0.252725] (rplidar_ros) StdoutLine: {'line': b'-- Symlinking: /home/rob1/eeng_462/lab4/install/rplidar_ros/share/rplidar_ros/package.dsv\n'}
[0.260101] (slam_toolbox) StdoutLine: {'line': b'[ 62%] Built target slam_toolbox__rosidl_typesupport_fastrtps_cpp\n'}
[0.276093] (rplidar_ros) StdoutLine: {'line': b'-- Up-to-date symlink: /home/rob1/eeng_462/lab4/install/rplidar_ros/share/ament_index/resource_index/packages/rplidar_ros\n'}
[0.276544] (rplidar_ros) StdoutLine: {'line': b'-- Up-to-date symlink: /home/rob1/eeng_462/lab4/install/rplidar_ros/share/rplidar_ros/cmake/ament_cmake_export_dependencies-extras.cmake\n'}
[0.276724] (rplidar_ros) StdoutLine: {'line': b'-- Up-to-date symlink: /home/rob1/eeng_462/lab4/install/rplidar_ros/share/rplidar_ros/cmake/ament_cmake_export_include_directories-extras.cmake\n'}
[0.276933] (rplidar_ros) StdoutLine: {'line': b'-- Up-to-date symlink: /home/rob1/eeng_462/lab4/install/rplidar_ros/share/rplidar_ros/cmake/rplidar_rosConfig.cmake\n'}
[0.277087] (rplidar_ros) StdoutLine: {'line': b'-- Up-to-date symlink: /home/rob1/eeng_462/lab4/install/rplidar_ros/share/rplidar_ros/cmake/rplidar_rosConfig-version.cmake\n'}
[0.277229] (rplidar_ros) StdoutLine: {'line': b'-- Up-to-date symlink: /home/rob1/eeng_462/lab4/install/rplidar_ros/share/rplidar_ros/package.xml\n'}
[0.285002] (rplidar_ros) CommandEnded: {'returncode': 0}
[0.299677] (-) TimerEvent: {}
[0.300619] (slam_toolbox) StdoutLine: {'line': b'[ 62%] Built target slam_toolbox\n'}
[0.319904] (slam_toolbox) StdoutLine: {'line': b'[ 64%] Built target SlamToolboxPlugin\n'}
[0.331627] (slam_toolbox) StdoutLine: {'line': b'[ 66%] Built target ceres_solver_plugin\n'}
[0.333330] (rplidar_ros) JobEnded: {'identifier': 'rplidar_ros', 'rc': 0}
[0.334166] (mecanum_robot) JobStarted: {'identifier': 'mecanum_robot'}
[0.343674] (slam_toolbox) StdoutLine: {'line': b'[ 66%] Built target slam_toolbox__py\n'}
[0.360491] (slam_toolbox) StdoutLine: {'line': b'[ 71%] Built target toolbox_common\n'}
[0.398602] (slam_toolbox) StdoutLine: {'line': b'[ 79%] Built target slam_toolbox__rosidl_generator_py\n'}
[0.399799] (-) TimerEvent: {}
[0.449737] (slam_toolbox) StdoutLine: {'line': b'[ 81%] Built target async_slam_toolbox\n'}
[0.473879] (slam_toolbox) StdoutLine: {'line': b'[ 82%] Built target localization_slam_toolbox\n'}
[0.478005] (slam_toolbox) StdoutLine: {'line': b'[ 84%] Built target sync_slam_toolbox\n'}
[0.483235] (slam_toolbox) StdoutLine: {'line': b'[ 85%] Built target lifelong_slam_toolbox\n'}
[0.499139] (slam_toolbox) StdoutLine: {'line': b'[ 87%] Built target merge_maps_kinematic\n'}
[0.499912] (-) TimerEvent: {}
[0.534025] (slam_toolbox) StdoutLine: {'line': b'[ 88%] Built target slam_toolbox__rosidl_typesupport_fastrtps_c__pyext\n'}
[0.542089] (slam_toolbox) StdoutLine: {'line': b'[ 90%] Built target slam_toolbox__rosidl_typesupport_c__pyext\n'}
[0.549443] (slam_toolbox) StdoutLine: {'line': b'[ 92%] Built target slam_toolbox__rosidl_typesupport_introspection_c__pyext\n'}
[0.595081] (slam_toolbox) StdoutLine: {'line': b'[ 93%] Built target async_slam_toolbox_node\n'}
[0.598680] (slam_toolbox) StdoutLine: {'line': b'[ 94%] Built target sync_slam_toolbox_node\n'}
[0.600120] (-) TimerEvent: {}
[0.624436] (slam_toolbox) StdoutLine: {'line': b'[ 96%] Built target localization_slam_toolbox_node\n'}
[0.632280] (slam_toolbox) StdoutLine: {'line': b'[ 98%] Built target lifelong_slam_toolbox_node\n'}
[0.645298] (slam_toolbox) StdoutLine: {'line': b'[ 99%] Built target map_and_localization_slam_toolbox\n'}
[0.700300] (-) TimerEvent: {}
[0.724143] (slam_toolbox) StdoutLine: {'line': b'[100%] Built target map_and_localization_slam_toolbox_node\n'}
[0.800437] (-) TimerEvent: {}
[0.843028] (slam_toolbox) StdoutLine: {'line': b'running egg_info\n'}
[0.844617] (slam_toolbox) StdoutLine: {'line': b'writing slam_toolbox.egg-info/PKG-INFO\n'}
[0.845224] (slam_toolbox) StdoutLine: {'line': b'writing dependency_links to slam_toolbox.egg-info/dependency_links.txt\n'}
[0.845623] (slam_toolbox) StdoutLine: {'line': b'writing top-level names to slam_toolbox.egg-info/top_level.txt\n'}
[0.851119] (slam_toolbox) StdoutLine: {'line': b"reading manifest file 'slam_toolbox.egg-info/SOURCES.txt'\n"}
[0.852648] (slam_toolbox) StdoutLine: {'line': b"writing manifest file 'slam_toolbox.egg-info/SOURCES.txt'\n"}
[0.900516] (-) TimerEvent: {}
[0.920816] (slam_toolbox) StdoutLine: {'line': b'[100%] Built target ament_cmake_python_build_slam_toolbox_egg\n'}
[1.000698] (-) TimerEvent: {}
[1.053692] (slam_toolbox) CommandEnded: {'returncode': 0}
[1.055705] (slam_toolbox) JobProgress: {'identifier': 'slam_toolbox', 'progress': 'install'}
[1.056717] (slam_toolbox) Command: {'cmd': ['/usr/bin/cmake', '--install', '/home/rob1/eeng_462/lab4/build/slam_toolbox'], 'cwd': '/home/rob1/eeng_462/lab4/build/slam_toolbox', 'env': OrderedDict([('USER', 'rob1'), ('XDG_SEAT', 'seat0'), ('XDG_SESSION_TYPE', 'x11'), ('SHLVL', '1'), ('LD_LIBRARY_PATH', '/home/rob1/eeng_462/lab4/install/slam_toolbox/lib:/home/rob1/eeng_462/lab4/install/openslam_gmapping/lib:/opt/ros/humble/opt/rviz_ogre_vendor/lib:/opt/ros/humble/lib/aarch64-linux-gnu:/opt/ros/humble/lib'), ('HOME', '/home/rob1'), ('OLDPWD', '/home/rob1'), ('LESS', '-R'), ('DESKTOP_SESSION', 'i3'), ('ZSH', '/home/rob1/.oh-my-zsh'), ('LSCOLORS', 'Gxfxcxdxbxegedabagacad'), ('GTK_MODULES', 'gail:atk-bridge'), ('PAGER', 'less'), ('ROS_PYTHON_VERSION', '3'), ('SYSTEMD_EXEC_PID', '1834'), ('DBUS_SESSION_BUS_ADDRESS', 'unix:path=/run/user/1000/bus'), ('COLORTERM', 'truecolor'), ('_colcon_cd_root', '/opt/ros/humble/'), ('ROS_DISTRO', 'humble'), ('COLCON_PREFIX_PATH', '/home/rob1/eeng_462/lab4/install'), ('GTK_IM_MODULE', 'ibus'), ('LOGNAME', 'rob1'), ('_', '/usr/bin/colcon'), ('XDG_SESSION_CLASS', 'user'), ('ROS_VERSION', '2'), ('XDG_SESSION_ID', '2'), ('USERNAME', 'rob1'), ('TERM', 'xterm-256color'), ('ROS_LOCALHOST_ONLY', '0'), ('WINDOWPATH', '2'), ('PATH', '/opt/ros/humble/bin:/home/rob1/.local/bin:/usr/local/sbin:/usr/local/bin:/usr/sbin:/usr/bin:/sbin:/bin:/usr/games:/usr/local/games:/snap/bin:/snap/bin'), ('GNOME_TERMINAL_SCREEN', '/org/gnome/Terminal/screen/92cff4d8_6204_4e10_b9ca_e1778c430190'), ('XDG_RUNTIME_DIR', '/run/user/1000'), ('DISPLAY', ':1'), ('LANG', 'en_US.UTF-8'), ('XDG_CURRENT_DESKTOP', 'i3'), ('XDG_SESSION_DESKTOP', 'i3'), ('GNOME_TERMINAL_SERVICE', ':1.44'), ('XMODIFIERS', '@im=ibus'), ('XAUTHORITY', '/run/user/1000/gdm/Xauthority'), ('LS_COLORS', 'rs=0:di=01;34:ln=01;36:mh=00:pi=40;33:so=01;35:do=01;35:bd=40;33;01:cd=40;33;01:or=40;31;01:mi=00:su=37;41:sg=30;43:ca=30;41:tw=30;42:ow=34;42:st=37;44:ex=01;32:*.tar=01;31:*.tgz=01;31:*.arc=01;31:*.arj=01;31:*.taz=01;31:*.lha=01;31:*.lz4=01;31:*.lzh=01;31:*.lzma=01;31:*.tlz=01;31:*.txz=01;31:*.tzo=01;31:*.t7z=01;31:*.zip=01;31:*.z=01;31:*.dz=01;31:*.gz=01;31:*.lrz=01;31:*.lz=01;31:*.lzo=01;31:*.xz=01;31:*.zst=01;31:*.tzst=01;31:*.bz2=01;31:*.bz=01;31:*.tbz=01;31:*.tbz2=01;31:*.tz=01;31:*.deb=01;31:*.rpm=01;31:*.jar=01;31:*.war=01;31:*.ear=01;31:*.sar=01;31:*.rar=01;31:*.alz=01;31:*.ace=01;31:*.zoo=01;31:*.cpio=01;31:*.7z=01;31:*.rz=01;31:*.cab=01;31:*.wim=01;31:*.swm=01;31:*.dwm=01;31:*.esd=01;31:*.jpg=01;35:*.jpeg=01;35:*.mjpg=01;35:*.mjpeg=01;35:*.gif=01;35:*.bmp=01;35:*.pbm=01;35:*.pgm=01;35:*.ppm=01;35:*.tga=01;35:*.xbm=01;35:*.xpm=01;35:*.tif=01;35:*.tiff=01;35:*.png=01;35:*.svg=01;35:*.svgz=01;35:*.mng=01;35:*.pcx=01;35:*.mov=01;35:*.mpg=01;35:*.mpeg=01;35:*.m2v=01;35:*.mkv=01;35:*.webm=01;35:*.webp=01;35:*.ogm=01;35:*.mp4=01;35:*.m4v=01;35:*.mp4v=01;35:*.vob=01;35:*.qt=01;35:*.nuv=01;35:*.wmv=01;35:*.asf=01;35:*.rm=01;35:*.rmvb=01;35:*.flc=01;35:*.avi=01;35:*.fli=01;35:*.flv=01;35:*.gl=01;35:*.dl=01;35:*.xcf=01;35:*.xwd=01;35:*.yuv=01;35:*.cgm=01;35:*.emf=01;35:*.ogv=01;35:*.ogx=01;35:*.aac=00;36:*.au=00;36:*.flac=00;36:*.m4a=00;36:*.mid=00;36:*.midi=00;36:*.mka=00;36:*.mp3=00;36:*.mpc=00;36:*.ogg=00;36:*.ra=00;36:*.wav=00;36:*.oga=00;36:*.opus=00;36:*.spx=00;36:*.xspf=00;36:'), ('AMENT_PREFIX_PATH', '/home/rob1/eeng_462/lab4/install/sllidar_ros2:/home/rob1/eeng_462/lab4/install/slam_toolbox:/home/rob1/eeng_462/lab4/install/mecanum_robot:/home/rob1/eeng_462/lab4/install/slam_gmapping:/home/rob1/eeng_462/lab4/install/rplidar_ros:/home/rob1/eeng_462/lab4/install/openslam_gmapping:/opt/ros/humble'), ('ROS_DOMAIN_ID', '101'), ('SHELL', '/usr/bin/zsh'), ('QT_ACCESSIBILITY', '1'), ('GDMSESSION', 'i3'), ('GPG_AGENT_INFO', '/run/user/1000/gnupg/S.gpg-agent:0:1'), ('QT_IM_MODULE', 'ibus'), ('XDG_VTNR', '2'), ('PWD', '/home/rob1/eeng_462/lab4/build/slam_toolbox'), ('XDG_CONFIG_DIRS', '/etc/xdg/xdg-i3:/etc/xdg'), ('XDG_DATA_DIRS', '/usr/share/i3:/usr/share/gnome:/usr/local/share/:/usr/share/:/var/lib/snapd/desktop'), ('CLUTTER_IM_MODULE', 'ibus'), ('PYTHONPATH', '/home/rob1/eeng_462/lab4/install/slam_toolbox/local/lib/python3.10/dist-packages:/home/rob1/eeng_462/lab4/install/mecanum_robot/lib/python3.10/site-packages:/opt/ros/humble/lib/python3.10/site-packages:/opt/ros/humble/local/lib/python3.10/dist-packages'), ('I3SOCK', '/run/user/1000/i3/ipc-socket.1866'), ('COLCON', '1'), ('VTE_VERSION', '6800'), ('CMAKE_PREFIX_PATH', '/home/rob1/eeng_462/lab4/install/sllidar_ros2:/home/rob1/eeng_462/lab4/install/slam_toolbox:/home/rob1/eeng_462/lab4/install/slam_gmapping:/home/rob1/eeng_462/lab4/install/mecanum_robot:/opt/ros/humble:/home/rob1/eeng_462/lab4/install/rplidar_ros:/home/rob1/eeng_462/lab4/install/openslam_gmapping')]), 'shell': False}
[1.074329] (slam_toolbox) StdoutLine: {'line': b'-- Install configuration: "Release"\n'}
[1.075934] (slam_toolbox) StdoutLine: {'line': b'-- Execute custom install script\n'}
[1.076803] (slam_toolbox) StdoutLine: {'line': b'-- Up-to-date symlink: /home/rob1/eeng_462/lab4/install/slam_toolbox/include//karto_sdk/Karto.h\n'}
[1.077069] (slam_toolbox) StdoutLine: {'line': b'-- Up-to-date symlink: /home/rob1/eeng_462/lab4/install/slam_toolbox/include//karto_sdk/Macros.h\n'}
[1.077305] (slam_toolbox) StdoutLine: {'line': b'-- Up-to-date symlink: /home/rob1/eeng_462/lab4/install/slam_toolbox/include//karto_sdk/Mapper.h\n'}
[1.077575] (slam_toolbox) StdoutLine: {'line': b'-- Up-to-date symlink: /home/rob1/eeng_462/lab4/install/slam_toolbox/include//karto_sdk/Math.h\n'}
[1.077882] (slam_toolbox) StdoutLine: {'line': b'-- Up-to-date symlink: /home/rob1/eeng_462/lab4/install/slam_toolbox/include//karto_sdk/Types.h\n'}
[1.078105] (slam_toolbox) StdoutLine: {'line': b'-- Up-to-date symlink: /home/rob1/eeng_462/lab4/install/slam_toolbox/include//karto_sdk/nanoflann.hpp\n'}
[1.078306] (slam_toolbox) StdoutLine: {'line': b'-- Up-to-date symlink: /home/rob1/eeng_462/lab4/install/slam_toolbox/include//karto_sdk/nanoflann_adaptors.h\n'}
[1.078699] (slam_toolbox) StdoutLine: {'line': b'-- Up-to-date symlink: /home/rob1/eeng_462/lab4/install/slam_toolbox/share/ament_index/resource_index/rosidl_interfaces/slam_toolbox\n'}
[1.080332] (slam_toolbox) StdoutLine: {'line': b'-- Up-to-date symlink: /home/rob1/eeng_462/lab4/install/slam_toolbox/include/slam_toolbox/slam_toolbox/msg/rosidl_generator_c__visibility_control.h\n'}
[1.080616] (slam_toolbox) StdoutLine: {'line': b'-- Up-to-date symlink: /home/rob1/eeng_462/lab4/install/slam_toolbox/include/slam_toolbox/slam_toolbox/srv/add_submap.h\n'}
[1.080916] (slam_toolbox) StdoutLine: {'line': b'-- Up-to-date symlink: /home/rob1/eeng_462/lab4/install/slam_toolbox/include/slam_toolbox/slam_toolbox/srv/clear.h\n'}
[1.081157] (slam_toolbox) StdoutLine: {'line': b'-- Up-to-date symlink: /home/rob1/eeng_462/lab4/install/slam_toolbox/include/slam_toolbox/slam_toolbox/srv/clear_queue.h\n'}
[1.081398] (slam_toolbox) StdoutLine: {'line': b'-- Up-to-date symlink: /home/rob1/eeng_462/lab4/install/slam_toolbox/include/slam_toolbox/slam_toolbox/srv/deserialize_pose_graph.h\n'}
[1.081646] (slam_toolbox) StdoutLine: {'line': b'-- Up-to-date symlink: /home/rob1/eeng_462/lab4/install/slam_toolbox/include/slam_toolbox/slam_toolbox/srv/detail/add_submap__functions.h\n'}
[1.081886] (slam_toolbox) StdoutLine: {'line': b'-- Up-to-date symlink: /home/rob1/eeng_462/lab4/install/slam_toolbox/include/slam_toolbox/slam_toolbox/srv/detail/add_submap__struct.h\n'}
[1.082186] (slam_toolbox) StdoutLine: {'line': b'-- Up-to-date symlink: /home/rob1/eeng_462/lab4/install/slam_toolbox/include/slam_toolbox/slam_toolbox/srv/detail/add_submap__type_support.h\n'}
[1.082412] (slam_toolbox) StdoutLine: {'line': b'-- Up-to-date symlink: /home/rob1/eeng_462/lab4/install/slam_toolbox/include/slam_toolbox/slam_toolbox/srv/detail/clear__functions.h\n'}
[1.082620] (slam_toolbox) StdoutLine: {'line': b'-- Up-to-date symlink: /home/rob1/eeng_462/lab4/install/slam_toolbox/include/slam_toolbox/slam_toolbox/srv/detail/clear__struct.h\n'}
[1.082860] (slam_toolbox) StdoutLine: {'line': b'-- Up-to-date symlink: /home/rob1/eeng_462/lab4/install/slam_toolbox/include/slam_toolbox/slam_toolbox/srv/detail/clear__type_support.h\n'}
[1.083097] (slam_toolbox) StdoutLine: {'line': b'-- Up-to-date symlink: /home/rob1/eeng_462/lab4/install/slam_toolbox/include/slam_toolbox/slam_toolbox/srv/detail/clear_queue__functions.h\n'}
[1.083333] (slam_toolbox) StdoutLine: {'line': b'-- Up-to-date symlink: /home/rob1/eeng_462/lab4/install/slam_toolbox/include/slam_toolbox/slam_toolbox/srv/detail/clear_queue__struct.h\n'}
[1.083568] (slam_toolbox) StdoutLine: {'line': b'-- Up-to-date symlink: /home/rob1/eeng_462/lab4/install/slam_toolbox/include/slam_toolbox/slam_toolbox/srv/detail/clear_queue__type_support.h\n'}
[1.083814] (slam_toolbox) StdoutLine: {'line': b'-- Up-to-date symlink: /home/rob1/eeng_462/lab4/install/slam_toolbox/include/slam_toolbox/slam_toolbox/srv/detail/deserialize_pose_graph__functions.h\n'}
[1.084052] (slam_toolbox) StdoutLine: {'line': b'-- Up-to-date symlink: /home/rob1/eeng_462/lab4/install/slam_toolbox/include/slam_toolbox/slam_toolbox/srv/detail/deserialize_pose_graph__struct.h\n'}
[1.084431] (slam_toolbox) StdoutLine: {'line': b'-- Up-to-date symlink: /home/rob1/eeng_462/lab4/install/slam_toolbox/include/slam_toolbox/slam_toolbox/srv/detail/deserialize_pose_graph__type_support.h\n'}
[1.084624] (slam_toolbox) StdoutLine: {'line': b'-- Up-to-date symlink: /home/rob1/eeng_462/lab4/install/slam_toolbox/include/slam_toolbox/slam_toolbox/srv/detail/loop_closure__functions.h\n'}
[1.084911] (slam_toolbox) StdoutLine: {'line': b'-- Up-to-date symlink: /home/rob1/eeng_462/lab4/install/slam_toolbox/include/slam_toolbox/slam_toolbox/srv/detail/loop_closure__struct.h\n'}
[1.085139] (slam_toolbox) StdoutLine: {'line': b'-- Up-to-date symlink: /home/rob1/eeng_462/lab4/install/slam_toolbox/include/slam_toolbox/slam_toolbox/srv/detail/loop_closure__type_support.h\n'}
[1.085382] (slam_toolbox) StdoutLine: {'line': b'-- Up-to-date symlink: /home/rob1/eeng_462/lab4/install/slam_toolbox/include/slam_toolbox/slam_toolbox/srv/detail/merge_maps__functions.h\n'}
[1.085624] (slam_toolbox) StdoutLine: {'line': b'-- Up-to-date symlink: /home/rob1/eeng_462/lab4/install/slam_toolbox/include/slam_toolbox/slam_toolbox/srv/detail/merge_maps__struct.h\n'}
[1.085858] (slam_toolbox) StdoutLine: {'line': b'-- Up-to-date symlink: /home/rob1/eeng_462/lab4/install/slam_toolbox/include/slam_toolbox/slam_toolbox/srv/detail/merge_maps__type_support.h\n'}
[1.086102] (slam_toolbox) StdoutLine: {'line': b'-- Up-to-date symlink: /home/rob1/eeng_462/lab4/install/slam_toolbox/include/slam_toolbox/slam_toolbox/srv/detail/pause__functions.h\n'}
[1.086338] (slam_toolbox) StdoutLine: {'line': b'-- Up-to-date symlink: /home/rob1/eeng_462/lab4/install/slam_toolbox/include/slam_toolbox/slam_toolbox/srv/detail/pause__struct.h\n'}
[1.086576] (slam_toolbox) StdoutLine: {'line': b'-- Up-to-date symlink: /home/rob1/eeng_462/lab4/install/slam_toolbox/include/slam_toolbox/slam_toolbox/srv/detail/pause__type_support.h\n'}
[1.086810] (slam_toolbox) StdoutLine: {'line': b'-- Up-to-date symlink: /home/rob1/eeng_462/lab4/install/slam_toolbox/include/slam_toolbox/slam_toolbox/srv/detail/save_map__functions.h\n'}
[1.087403] (slam_toolbox) StdoutLine: {'line': b'-- Up-to-date symlink: /home/rob1/eeng_462/lab4/install/slam_toolbox/include/slam_toolbox/slam_toolbox/srv/detail/save_map__struct.h\n'}
[1.087660] (slam_toolbox) StdoutLine: {'line': b'-- Up-to-date symlink: /home/rob1/eeng_462/lab4/install/slam_toolbox/include/slam_toolbox/slam_toolbox/srv/detail/save_map__type_support.h\n'}
[1.087820] (slam_toolbox) StdoutLine: {'line': b'-- Up-to-date symlink: /home/rob1/eeng_462/lab4/install/slam_toolbox/include/slam_toolbox/slam_toolbox/srv/detail/serialize_pose_graph__functions.h\n'}
[1.088027] (slam_toolbox) StdoutLine: {'line': b'-- Up-to-date symlink: /home/rob1/eeng_462/lab4/install/slam_toolbox/include/slam_toolbox/slam_toolbox/srv/detail/serialize_pose_graph__struct.h\n'}
[1.088219] (slam_toolbox) StdoutLine: {'line': b'-- Up-to-date symlink: /home/rob1/eeng_462/lab4/install/slam_toolbox/include/slam_toolbox/slam_toolbox/srv/detail/serialize_pose_graph__type_support.h\n'}
[1.088440] (slam_toolbox) StdoutLine: {'line': b'-- Up-to-date symlink: /home/rob1/eeng_462/lab4/install/slam_toolbox/include/slam_toolbox/slam_toolbox/srv/detail/toggle_interactive__functions.h\n'}
[1.088693] (slam_toolbox) StdoutLine: {'line': b'-- Up-to-date symlink: /home/rob1/eeng_462/lab4/install/slam_toolbox/include/slam_toolbox/slam_toolbox/srv/detail/toggle_interactive__struct.h\n'}
[1.089002] (slam_toolbox) StdoutLine: {'line': b'-- Up-to-date symlink: /home/rob1/eeng_462/lab4/install/slam_toolbox/include/slam_toolbox/slam_toolbox/srv/detail/toggle_interactive__type_support.h\n'}
[1.089216] (slam_toolbox) StdoutLine: {'line': b'-- Up-to-date symlink: /home/rob1/eeng_462/lab4/install/slam_toolbox/include/slam_toolbox/slam_toolbox/srv/loop_closure.h\n'}
[1.089439] (slam_toolbox) StdoutLine: {'line': b'-- Up-to-date symlink: /home/rob1/eeng_462/lab4/install/slam_toolbox/include/slam_toolbox/slam_toolbox/srv/merge_maps.h\n'}
[1.089687] (slam_toolbox) StdoutLine: {'line': b'-- Up-to-date symlink: /home/rob1/eeng_462/lab4/install/slam_toolbox/include/slam_toolbox/slam_toolbox/srv/pause.h\n'}
[1.089897] (slam_toolbox) StdoutLine: {'line': b'-- Up-to-date symlink: /home/rob1/eeng_462/lab4/install/slam_toolbox/include/slam_toolbox/slam_toolbox/srv/save_map.h\n'}
[1.090111] (slam_toolbox) StdoutLine: {'line': b'-- Up-to-date symlink: /home/rob1/eeng_462/lab4/install/slam_toolbox/include/slam_toolbox/slam_toolbox/srv/serialize_pose_graph.h\n'}
[1.090357] (slam_toolbox) StdoutLine: {'line': b'-- Up-to-date symlink: /home/rob1/eeng_462/lab4/install/slam_toolbox/include/slam_toolbox/slam_toolbox/srv/toggle_interactive.h\n'}
[1.090689] (slam_toolbox) StdoutLine: {'line': b'-- Up-to-date symlink: /home/rob1/eeng_462/lab4/install/slam_toolbox/share/slam_toolbox/environment/library_path.sh\n'}
[1.091002] (slam_toolbox) StdoutLine: {'line': b'-- Up-to-date symlink: /home/rob1/eeng_462/lab4/install/slam_toolbox/share/slam_toolbox/environment/library_path.dsv\n'}
[1.092483] (slam_toolbox) StdoutLine: {'line': b'-- Up-to-date symlink: /home/rob1/eeng_462/lab4/install/slam_toolbox/include/slam_toolbox/slam_toolbox/msg/rosidl_typesupport_fastrtps_c__visibility_control.h\n'}
[1.092741] (slam_toolbox) StdoutLine: {'line': b'-- Up-to-date symlink: /home/rob1/eeng_462/lab4/install/slam_toolbox/include/slam_toolbox/slam_toolbox/srv/detail/add_submap__rosidl_typesupport_fastrtps_c.h\n'}
[1.093023] (slam_toolbox) StdoutLine: {'line': b'-- Up-to-date symlink: /home/rob1/eeng_462/lab4/install/slam_toolbox/include/slam_toolbox/slam_toolbox/srv/detail/clear__rosidl_typesupport_fastrtps_c.h\n'}
[1.093267] (slam_toolbox) StdoutLine: {'line': b'-- Up-to-date symlink: /home/rob1/eeng_462/lab4/install/slam_toolbox/include/slam_toolbox/slam_toolbox/srv/detail/clear_queue__rosidl_typesupport_fastrtps_c.h\n'}
[1.093516] (slam_toolbox) StdoutLine: {'line': b'-- Up-to-date symlink: /home/rob1/eeng_462/lab4/install/slam_toolbox/include/slam_toolbox/slam_toolbox/srv/detail/deserialize_pose_graph__rosidl_typesupport_fastrtps_c.h\n'}
[1.093763] (slam_toolbox) StdoutLine: {'line': b'-- Up-to-date symlink: /home/rob1/eeng_462/lab4/install/slam_toolbox/include/slam_toolbox/slam_toolbox/srv/detail/loop_closure__rosidl_typesupport_fastrtps_c.h\n'}
[1.094003] (slam_toolbox) StdoutLine: {'line': b'-- Up-to-date symlink: /home/rob1/eeng_462/lab4/install/slam_toolbox/include/slam_toolbox/slam_toolbox/srv/detail/merge_maps__rosidl_typesupport_fastrtps_c.h\n'}
[1.094247] (slam_toolbox) StdoutLine: {'line': b'-- Up-to-date symlink: /home/rob1/eeng_462/lab4/install/slam_toolbox/include/slam_toolbox/slam_toolbox/srv/detail/pause__rosidl_typesupport_fastrtps_c.h\n'}
[1.094488] (slam_toolbox) StdoutLine: {'line': b'-- Up-to-date symlink: /home/rob1/eeng_462/lab4/install/slam_toolbox/include/slam_toolbox/slam_toolbox/srv/detail/save_map__rosidl_typesupport_fastrtps_c.h\n'}
[1.094732] (slam_toolbox) StdoutLine: {'line': b'-- Up-to-date symlink: /home/rob1/eeng_462/lab4/install/slam_toolbox/include/slam_toolbox/slam_toolbox/srv/detail/serialize_pose_graph__rosidl_typesupport_fastrtps_c.h\n'}
[1.094969] (slam_toolbox) StdoutLine: {'line': b'-- Up-to-date symlink: /home/rob1/eeng_462/lab4/install/slam_toolbox/include/slam_toolbox/slam_toolbox/srv/detail/toggle_interactive__rosidl_typesupport_fastrtps_c.h\n'}
[1.096500] (slam_toolbox) StdoutLine: {'line': b'-- Up-to-date symlink: /home/rob1/eeng_462/lab4/install/slam_toolbox/include/slam_toolbox/slam_toolbox/msg/rosidl_generator_cpp__visibility_control.hpp\n'}
[1.096785] (slam_toolbox) StdoutLine: {'line': b'-- Up-to-date symlink: /home/rob1/eeng_462/lab4/install/slam_toolbox/include/slam_toolbox/slam_toolbox/srv/add_submap.hpp\n'}
[1.097016] (slam_toolbox) StdoutLine: {'line': b'-- Up-to-date symlink: /home/rob1/eeng_462/lab4/install/slam_toolbox/include/slam_toolbox/slam_toolbox/srv/clear.hpp\n'}
[1.097272] (slam_toolbox) StdoutLine: {'line': b'-- Up-to-date symlink: /home/rob1/eeng_462/lab4/install/slam_toolbox/include/slam_toolbox/slam_toolbox/srv/clear_queue.hpp\n'}
[1.097515] (slam_toolbox) StdoutLine: {'line': b'-- Up-to-date symlink: /home/rob1/eeng_462/lab4/install/slam_toolbox/include/slam_toolbox/slam_toolbox/srv/deserialize_pose_graph.hpp\n'}
[1.097743] (slam_toolbox) StdoutLine: {'line': b'-- Up-to-date symlink: /home/rob1/eeng_462/lab4/install/slam_toolbox/include/slam_toolbox/slam_toolbox/srv/detail/add_submap__builder.hpp\n'}
[1.097981] (slam_toolbox) StdoutLine: {'line': b'-- Up-to-date symlink: /home/rob1/eeng_462/lab4/install/slam_toolbox/include/slam_toolbox/slam_toolbox/srv/detail/add_submap__struct.hpp\n'}
[1.098215] (slam_toolbox) StdoutLine: {'line': b'-- Up-to-date symlink: /home/rob1/eeng_462/lab4/install/slam_toolbox/include/slam_toolbox/slam_toolbox/srv/detail/add_submap__traits.hpp\n'}
[1.098452] (slam_toolbox) StdoutLine: {'line': b'-- Up-to-date symlink: /home/rob1/eeng_462/lab4/install/slam_toolbox/include/slam_toolbox/slam_toolbox/srv/detail/add_submap__type_support.hpp\n'}
[1.098788] (slam_toolbox) StdoutLine: {'line': b'-- Up-to-date symlink: /home/rob1/eeng_462/lab4/install/slam_toolbox/include/slam_toolbox/slam_toolbox/srv/detail/clear__builder.hpp\n'}
[1.099022] (slam_toolbox) StdoutLine: {'line': b'-- Up-to-date symlink: /home/rob1/eeng_462/lab4/install/slam_toolbox/include/slam_toolbox/slam_toolbox/srv/detail/clear__struct.hpp\n'}
[1.099259] (slam_toolbox) StdoutLine: {'line': b'-- Up-to-date symlink: /home/rob1/eeng_462/lab4/install/slam_toolbox/include/slam_toolbox/slam_toolbox/srv/detail/clear__traits.hpp\n'}
[1.099477] (slam_toolbox) StdoutLine: {'line': b'-- Up-to-date symlink: /home/rob1/eeng_462/lab4/install/slam_toolbox/include/slam_toolbox/slam_toolbox/srv/detail/clear__type_support.hpp\n'}
[1.099711] (slam_toolbox) StdoutLine: {'line': b'-- Up-to-date symlink: /home/rob1/eeng_462/lab4/install/slam_toolbox/include/slam_toolbox/slam_toolbox/srv/detail/clear_queue__builder.hpp\n'}
[1.099944] (slam_toolbox) StdoutLine: {'line': b'-- Up-to-date symlink: /home/rob1/eeng_462/lab4/install/slam_toolbox/include/slam_toolbox/slam_toolbox/srv/detail/clear_queue__struct.hpp\n'}
[1.100180] (slam_toolbox) StdoutLine: {'line': b'-- Up-to-date symlink: /home/rob1/eeng_462/lab4/install/slam_toolbox/include/slam_toolbox/slam_toolbox/srv/detail/clear_queue__traits.hpp\n'}
[1.100419] (slam_toolbox) StdoutLine: {'line': b'-- Up-to-date symlink: /home/rob1/eeng_462/lab4/install/slam_toolbox/include/slam_toolbox/slam_toolbox/srv/detail/clear_queue__type_support.hpp\n'}
[1.100661] (slam_toolbox) StdoutLine: {'line': b'-- Up-to-date symlink: /home/rob1/eeng_462/lab4/install/slam_toolbox/include/slam_toolbox/slam_toolbox/srv/detail/deserialize_pose_graph__builder.hpp\n'}
[1.100836] (-) TimerEvent: {}
[1.101262] (slam_toolbox) StdoutLine: {'line': b'-- Up-to-date symlink: /home/rob1/eeng_462/lab4/install/slam_toolbox/include/slam_toolbox/slam_toolbox/srv/detail/deserialize_pose_graph__struct.hpp\n'}
[1.101529] (slam_toolbox) StdoutLine: {'line': b'-- Up-to-date symlink: /home/rob1/eeng_462/lab4/install/slam_toolbox/include/slam_toolbox/slam_toolbox/srv/detail/deserialize_pose_graph__traits.hpp\n'}
[1.101759] (slam_toolbox) StdoutLine: {'line': b'-- Up-to-date symlink: /home/rob1/eeng_462/lab4/install/slam_toolbox/include/slam_toolbox/slam_toolbox/srv/detail/deserialize_pose_graph__type_support.hpp\n'}
[1.102002] (slam_toolbox) StdoutLine: {'line': b'-- Up-to-date symlink: /home/rob1/eeng_462/lab4/install/slam_toolbox/include/slam_toolbox/slam_toolbox/srv/detail/loop_closure__builder.hpp\n'}
[1.102240] (slam_toolbox) StdoutLine: {'line': b'-- Up-to-date symlink: /home/rob1/eeng_462/lab4/install/slam_toolbox/include/slam_toolbox/slam_toolbox/srv/detail/loop_closure__struct.hpp\n'}
[1.102479] (slam_toolbox) StdoutLine: {'line': b'-- Up-to-date symlink: /home/rob1/eeng_462/lab4/install/slam_toolbox/include/slam_toolbox/slam_toolbox/srv/detail/loop_closure__traits.hpp\n'}
[1.102713] (slam_toolbox) StdoutLine: {'line': b'-- Up-to-date symlink: /home/rob1/eeng_462/lab4/install/slam_toolbox/include/slam_toolbox/slam_toolbox/srv/detail/loop_closure__type_support.hpp\n'}
[1.102953] (slam_toolbox) StdoutLine: {'line': b'-- Up-to-date symlink: /home/rob1/eeng_462/lab4/install/slam_toolbox/include/slam_toolbox/slam_toolbox/srv/detail/merge_maps__builder.hpp\n'}
[1.103193] (slam_toolbox) StdoutLine: {'line': b'-- Up-to-date symlink: /home/rob1/eeng_462/lab4/install/slam_toolbox/include/slam_toolbox/slam_toolbox/srv/detail/merge_maps__struct.hpp\n'}
[1.103511] (slam_toolbox) StdoutLine: {'line': b'-- Up-to-date symlink: /home/rob1/eeng_462/lab4/install/slam_toolbox/include/slam_toolbox/slam_toolbox/srv/detail/merge_maps__traits.hpp\n'}
[1.103739] (slam_toolbox) StdoutLine: {'line': b'-- Up-to-date symlink: /home/rob1/eeng_462/lab4/install/slam_toolbox/include/slam_toolbox/slam_toolbox/srv/detail/merge_maps__type_support.hpp\n'}
[1.103933] (slam_toolbox) StdoutLine: {'line': b'-- Up-to-date symlink: /home/rob1/eeng_462/lab4/install/slam_toolbox/include/slam_toolbox/slam_toolbox/srv/detail/pause__builder.hpp\n'}
[1.104139] (slam_toolbox) StdoutLine: {'line': b'-- Up-to-date symlink: /home/rob1/eeng_462/lab4/install/slam_toolbox/include/slam_toolbox/slam_toolbox/srv/detail/pause__struct.hpp\n'}
[1.104370] (slam_toolbox) StdoutLine: {'line': b'-- Up-to-date symlink: /home/rob1/eeng_462/lab4/install/slam_toolbox/include/slam_toolbox/slam_toolbox/srv/detail/pause__traits.hpp\n'}
[1.104603] (slam_toolbox) StdoutLine: {'line': b'-- Up-to-date symlink: /home/rob1/eeng_462/lab4/install/slam_toolbox/include/slam_toolbox/slam_toolbox/srv/detail/pause__type_support.hpp\n'}
[1.104865] (slam_toolbox) StdoutLine: {'line': b'-- Up-to-date symlink: /home/rob1/eeng_462/lab4/install/slam_toolbox/include/slam_toolbox/slam_toolbox/srv/detail/save_map__builder.hpp\n'}
[1.105104] (slam_toolbox) StdoutLine: {'line': b'-- Up-to-date symlink: /home/rob1/eeng_462/lab4/install/slam_toolbox/include/slam_toolbox/slam_toolbox/srv/detail/save_map__struct.hpp\n'}
[1.105335] (slam_toolbox) StdoutLine: {'line': b'-- Up-to-date symlink: /home/rob1/eeng_462/lab4/install/slam_toolbox/include/slam_toolbox/slam_toolbox/srv/detail/save_map__traits.hpp\n'}
[1.105570] (slam_toolbox) StdoutLine: {'line': b'-- Up-to-date symlink: /home/rob1/eeng_462/lab4/install/slam_toolbox/include/slam_toolbox/slam_toolbox/srv/detail/save_map__type_support.hpp\n'}
[1.105811] (slam_toolbox) StdoutLine: {'line': b'-- Up-to-date symlink: /home/rob1/eeng_462/lab4/install/slam_toolbox/include/slam_toolbox/slam_toolbox/srv/detail/serialize_pose_graph__builder.hpp\n'}
[1.106047] (slam_toolbox) StdoutLine: {'line': b'-- Up-to-date symlink: /home/rob1/eeng_462/lab4/install/slam_toolbox/include/slam_toolbox/slam_toolbox/srv/detail/serialize_pose_graph__struct.hpp\n'}
[1.106283] (slam_toolbox) StdoutLine: {'line': b'-- Up-to-date symlink: /home/rob1/eeng_462/lab4/install/slam_toolbox/include/slam_toolbox/slam_toolbox/srv/detail/serialize_pose_graph__traits.hpp\n'}
[1.106528] (slam_toolbox) StdoutLine: {'line': b'-- Up-to-date symlink: /home/rob1/eeng_462/lab4/install/slam_toolbox/include/slam_toolbox/slam_toolbox/srv/detail/serialize_pose_graph__type_support.hpp\n'}
[1.106767] (slam_toolbox) StdoutLine: {'line': b'-- Up-to-date symlink: /home/rob1/eeng_462/lab4/install/slam_toolbox/include/slam_toolbox/slam_toolbox/srv/detail/toggle_interactive__builder.hpp\n'}
[1.107059] (slam_toolbox) StdoutLine: {'line': b'-- Up-to-date symlink: /home/rob1/eeng_462/lab4/install/slam_toolbox/include/slam_toolbox/slam_toolbox/srv/detail/toggle_interactive__struct.hpp\n'}
[1.107299] (slam_toolbox) StdoutLine: {'line': b'-- Up-to-date symlink: /home/rob1/eeng_462/lab4/install/slam_toolbox/include/slam_toolbox/slam_toolbox/srv/detail/toggle_interactive__traits.hpp\n'}
[1.107536] (slam_toolbox) StdoutLine: {'line': b'-- Up-to-date symlink: /home/rob1/eeng_462/lab4/install/slam_toolbox/include/slam_toolbox/slam_toolbox/srv/detail/toggle_interactive__type_support.hpp\n'}
[1.107784] (slam_toolbox) StdoutLine: {'line': b'-- Up-to-date symlink: /home/rob1/eeng_462/lab4/install/slam_toolbox/include/slam_toolbox/slam_toolbox/srv/loop_closure.hpp\n'}
[1.108012] (slam_toolbox) StdoutLine: {'line': b'-- Up-to-date symlink: /home/rob1/eeng_462/lab4/install/slam_toolbox/include/slam_toolbox/slam_toolbox/srv/merge_maps.hpp\n'}
[1.108236] (slam_toolbox) StdoutLine: {'line': b'-- Up-to-date symlink: /home/rob1/eeng_462/lab4/install/slam_toolbox/include/slam_toolbox/slam_toolbox/srv/pause.hpp\n'}
[1.108460] (slam_toolbox) StdoutLine: {'line': b'-- Up-to-date symlink: /home/rob1/eeng_462/lab4/install/slam_toolbox/include/slam_toolbox/slam_toolbox/srv/save_map.hpp\n'}
[1.108689] (slam_toolbox) StdoutLine: {'line': b'-- Up-to-date symlink: /home/rob1/eeng_462/lab4/install/slam_toolbox/include/slam_toolbox/slam_toolbox/srv/serialize_pose_graph.hpp\n'}
[1.109247] (slam_toolbox) StdoutLine: {'line': b'-- Up-to-date symlink: /home/rob1/eeng_462/lab4/install/slam_toolbox/include/slam_toolbox/slam_toolbox/srv/toggle_interactive.hpp\n'}
[1.112049] (slam_toolbox) StdoutLine: {'line': b'-- Up-to-date symlink: /home/rob1/eeng_462/lab4/install/slam_toolbox/include/slam_toolbox/slam_toolbox/msg/rosidl_typesupport_fastrtps_cpp__visibility_control.h\n'}
[1.112478] (slam_toolbox) StdoutLine: {'line': b'-- Up-to-date symlink: /home/rob1/eeng_462/lab4/install/slam_toolbox/include/slam_toolbox/slam_toolbox/srv/detail/add_submap__rosidl_typesupport_fastrtps_cpp.hpp\n'}
[1.112781] (slam_toolbox) StdoutLine: {'line': b'-- Up-to-date symlink: /home/rob1/eeng_462/lab4/install/slam_toolbox/include/slam_toolbox/slam_toolbox/srv/detail/clear__rosidl_typesupport_fastrtps_cpp.hpp\n'}
[1.113042] (slam_toolbox) StdoutLine: {'line': b'-- Up-to-date symlink: /home/rob1/eeng_462/lab4/install/slam_toolbox/include/slam_toolbox/slam_toolbox/srv/detail/clear_queue__rosidl_typesupport_fastrtps_cpp.hpp\n'}
[1.113286] (slam_toolbox) StdoutLine: {'line': b'-- Up-to-date symlink: /home/rob1/eeng_462/lab4/install/slam_toolbox/include/slam_toolbox/slam_toolbox/srv/detail/deserialize_pose_graph__rosidl_typesupport_fastrtps_cpp.hpp\n'}
[1.113529] (slam_toolbox) StdoutLine: {'line': b'-- Up-to-date symlink: /home/rob1/eeng_462/lab4/install/slam_toolbox/include/slam_toolbox/slam_toolbox/srv/detail/loop_closure__rosidl_typesupport_fastrtps_cpp.hpp\n'}
[1.113772] (slam_toolbox) StdoutLine: {'line': b'-- Up-to-date symlink: /home/rob1/eeng_462/lab4/install/slam_toolbox/include/slam_toolbox/slam_toolbox/srv/detail/merge_maps__rosidl_typesupport_fastrtps_cpp.hpp\n'}
[1.114014] (slam_toolbox) StdoutLine: {'line': b'-- Up-to-date symlink: /home/rob1/eeng_462/lab4/install/slam_toolbox/include/slam_toolbox/slam_toolbox/srv/detail/pause__rosidl_typesupport_fastrtps_cpp.hpp\n'}
[1.114254] (slam_toolbox) StdoutLine: {'line': b'-- Up-to-date symlink: /home/rob1/eeng_462/lab4/install/slam_toolbox/include/slam_toolbox/slam_toolbox/srv/detail/save_map__rosidl_typesupport_fastrtps_cpp.hpp\n'}
[1.114493] (slam_toolbox) StdoutLine: {'line': b'-- Up-to-date symlink: /home/rob1/eeng_462/lab4/install/slam_toolbox/include/slam_toolbox/slam_toolbox/srv/detail/serialize_pose_graph__rosidl_typesupport_fastrtps_cpp.hpp\n'}
[1.114726] (slam_toolbox) StdoutLine: {'line': b'-- Up-to-date symlink: /home/rob1/eeng_462/lab4/install/slam_toolbox/include/slam_toolbox/slam_toolbox/srv/detail/toggle_interactive__rosidl_typesupport_fastrtps_cpp.hpp\n'}
[1.115687] (slam_toolbox) StdoutLine: {'line': b'-- Up-to-date symlink: /home/rob1/eeng_462/lab4/install/slam_toolbox/include/slam_toolbox/slam_toolbox/msg/rosidl_typesupport_introspection_c__visibility_control.h\n'}
[1.115930] (slam_toolbox) StdoutLine: {'line': b'-- Up-to-date symlink: /home/rob1/eeng_462/lab4/install/slam_toolbox/include/slam_toolbox/slam_toolbox/srv/detail/add_submap__rosidl_typesupport_introspection_c.h\n'}
[1.116169] (slam_toolbox) StdoutLine: {'line': b'-- Up-to-date symlink: /home/rob1/eeng_462/lab4/install/slam_toolbox/include/slam_toolbox/slam_toolbox/srv/detail/clear__rosidl_typesupport_introspection_c.h\n'}
[1.116402] (slam_toolbox) StdoutLine: {'line': b'-- Up-to-date symlink: /home/rob1/eeng_462/lab4/install/slam_toolbox/include/slam_toolbox/slam_toolbox/srv/detail/clear_queue__rosidl_typesupport_introspection_c.h\n'}
[1.116645] (slam_toolbox) StdoutLine: {'line': b'-- Up-to-date symlink: /home/rob1/eeng_462/lab4/install/slam_toolbox/include/slam_toolbox/slam_toolbox/srv/detail/deserialize_pose_graph__rosidl_typesupport_introspection_c.h\n'}
[1.116899] (slam_toolbox) StdoutLine: {'line': b'-- Up-to-date symlink: /home/rob1/eeng_462/lab4/install/slam_toolbox/include/slam_toolbox/slam_toolbox/srv/detail/loop_closure__rosidl_typesupport_introspection_c.h\n'}
[1.117139] (slam_toolbox) StdoutLine: {'line': b'-- Up-to-date symlink: /home/rob1/eeng_462/lab4/install/slam_toolbox/include/slam_toolbox/slam_toolbox/srv/detail/merge_maps__rosidl_typesupport_introspection_c.h\n'}
[1.117376] (slam_toolbox) StdoutLine: {'line': b'-- Up-to-date symlink: /home/rob1/eeng_462/lab4/install/slam_toolbox/include/slam_toolbox/slam_toolbox/srv/detail/pause__rosidl_typesupport_introspection_c.h\n'}
[1.117606] (slam_toolbox) StdoutLine: {'line': b'-- Up-to-date symlink: /home/rob1/eeng_462/lab4/install/slam_toolbox/include/slam_toolbox/slam_toolbox/srv/detail/save_map__rosidl_typesupport_introspection_c.h\n'}
[1.117844] (slam_toolbox) StdoutLine: {'line': b'-- Up-to-date symlink: /home/rob1/eeng_462/lab4/install/slam_toolbox/include/slam_toolbox/slam_toolbox/srv/detail/serialize_pose_graph__rosidl_typesupport_introspection_c.h\n'}
[1.118077] (slam_toolbox) StdoutLine: {'line': b'-- Up-to-date symlink: /home/rob1/eeng_462/lab4/install/slam_toolbox/include/slam_toolbox/slam_toolbox/srv/detail/toggle_interactive__rosidl_typesupport_introspection_c.h\n'}
[1.118976] (slam_toolbox) StdoutLine: {'line': b'-- Up-to-date symlink: /home/rob1/eeng_462/lab4/install/slam_toolbox/include/slam_toolbox/slam_toolbox/srv/detail/add_submap__rosidl_typesupport_introspection_cpp.hpp\n'}
[1.119205] (slam_toolbox) StdoutLine: {'line': b'-- Up-to-date symlink: /home/rob1/eeng_462/lab4/install/slam_toolbox/include/slam_toolbox/slam_toolbox/srv/detail/clear__rosidl_typesupport_introspection_cpp.hpp\n'}
[1.119438] (slam_toolbox) StdoutLine: {'line': b'-- Up-to-date symlink: /home/rob1/eeng_462/lab4/install/slam_toolbox/include/slam_toolbox/slam_toolbox/srv/detail/clear_queue__rosidl_typesupport_introspection_cpp.hpp\n'}
[1.119706] (slam_toolbox) StdoutLine: {'line': b'-- Up-to-date symlink: /home/rob1/eeng_462/lab4/install/slam_toolbox/include/slam_toolbox/slam_toolbox/srv/detail/deserialize_pose_graph__rosidl_typesupport_introspection_cpp.hpp\n'}
[1.119949] (slam_toolbox) StdoutLine: {'line': b'-- Up-to-date symlink: /home/rob1/eeng_462/lab4/install/slam_toolbox/include/slam_toolbox/slam_toolbox/srv/detail/loop_closure__rosidl_typesupport_introspection_cpp.hpp\n'}
[1.120182] (slam_toolbox) StdoutLine: {'line': b'-- Up-to-date symlink: /home/rob1/eeng_462/lab4/install/slam_toolbox/include/slam_toolbox/slam_toolbox/srv/detail/merge_maps__rosidl_typesupport_introspection_cpp.hpp\n'}
[1.120416] (slam_toolbox) StdoutLine: {'line': b'-- Up-to-date symlink: /home/rob1/eeng_462/lab4/install/slam_toolbox/include/slam_toolbox/slam_toolbox/srv/detail/pause__rosidl_typesupport_introspection_cpp.hpp\n'}
[1.120645] (slam_toolbox) StdoutLine: {'line': b'-- Up-to-date symlink: /home/rob1/eeng_462/lab4/install/slam_toolbox/include/slam_toolbox/slam_toolbox/srv/detail/save_map__rosidl_typesupport_introspection_cpp.hpp\n'}
[1.120905] (slam_toolbox) StdoutLine: {'line': b'-- Up-to-date symlink: /home/rob1/eeng_462/lab4/install/slam_toolbox/include/slam_toolbox/slam_toolbox/srv/detail/serialize_pose_graph__rosidl_typesupport_introspection_cpp.hpp\n'}
[1.121147] (slam_toolbox) StdoutLine: {'line': b'-- Up-to-date symlink: /home/rob1/eeng_462/lab4/install/slam_toolbox/include/slam_toolbox/slam_toolbox/srv/detail/toggle_interactive__rosidl_typesupport_introspection_cpp.hpp\n'}
[1.121474] (slam_toolbox) StdoutLine: {'line': b'-- Up-to-date symlink: /home/rob1/eeng_462/lab4/install/slam_toolbox/share/slam_toolbox/environment/pythonpath.sh\n'}
[1.121776] (slam_toolbox) StdoutLine: {'line': b'-- Up-to-date symlink: /home/rob1/eeng_462/lab4/install/slam_toolbox/share/slam_toolbox/environment/pythonpath.dsv\n'}
[1.122374] (slam_toolbox) StdoutLine: {'line': b'-- Up-to-date symlink: /home/rob1/eeng_462/lab4/install/slam_toolbox/local/lib/python3.10/dist-packages/slam_toolbox-2.6.10-py3.10.egg-info/PKG-INFO\n'}
[1.122618] (slam_toolbox) StdoutLine: {'line': b'-- Up-to-date symlink: /home/rob1/eeng_462/lab4/install/slam_toolbox/local/lib/python3.10/dist-packages/slam_toolbox-2.6.10-py3.10.egg-info/SOURCES.txt\n'}
[1.122851] (slam_toolbox) StdoutLine: {'line': b'-- Up-to-date symlink: /home/rob1/eeng_462/lab4/install/slam_toolbox/local/lib/python3.10/dist-packages/slam_toolbox-2.6.10-py3.10.egg-info/dependency_links.txt\n'}
[1.123078] (slam_toolbox) StdoutLine: {'line': b'-- Up-to-date symlink: /home/rob1/eeng_462/lab4/install/slam_toolbox/local/lib/python3.10/dist-packages/slam_toolbox-2.6.10-py3.10.egg-info/top_level.txt\n'}
[1.124644] (slam_toolbox) StdoutLine: {'line': b'-- Up-to-date symlink: /home/rob1/eeng_462/lab4/install/slam_toolbox/local/lib/python3.10/dist-packages/slam_toolbox/__init__.py\n'}
[1.124899] (slam_toolbox) StdoutLine: {'line': b'-- Up-to-date symlink: /home/rob1/eeng_462/lab4/install/slam_toolbox/local/lib/python3.10/dist-packages/slam_toolbox/_slam_toolbox_s.ep.rosidl_typesupport_c.c\n'}
[1.125144] (slam_toolbox) StdoutLine: {'line': b'-- Up-to-date symlink: /home/rob1/eeng_462/lab4/install/slam_toolbox/local/lib/python3.10/dist-packages/slam_toolbox/_slam_toolbox_s.ep.rosidl_typesupport_fastrtps_c.c\n'}
[1.125382] (slam_toolbox) StdoutLine: {'line': b'-- Up-to-date symlink: /home/rob1/eeng_462/lab4/install/slam_toolbox/local/lib/python3.10/dist-packages/slam_toolbox/_slam_toolbox_s.ep.rosidl_typesupport_introspection_c.c\n'}
[1.125612] (slam_toolbox) StdoutLine: {'line': b'-- Up-to-date symlink: /home/rob1/eeng_462/lab4/install/slam_toolbox/local/lib/python3.10/dist-packages/slam_toolbox/libslam_toolbox__rosidl_generator_py.so\n'}
[1.125843] (slam_toolbox) StdoutLine: {'line': b'-- Up-to-date symlink: /home/rob1/eeng_462/lab4/install/slam_toolbox/local/lib/python3.10/dist-packages/slam_toolbox/slam_toolbox_s__rosidl_typesupport_c.cpython-310-aarch64-linux-gnu.so\n'}
[1.126068] (slam_toolbox) StdoutLine: {'line': b'-- Up-to-date symlink: /home/rob1/eeng_462/lab4/install/slam_toolbox/local/lib/python3.10/dist-packages/slam_toolbox/slam_toolbox_s__rosidl_typesupport_fastrtps_c.cpython-310-aarch64-linux-gnu.so\n'}
[1.126299] (slam_toolbox) StdoutLine: {'line': b'-- Up-to-date symlink: /home/rob1/eeng_462/lab4/install/slam_toolbox/local/lib/python3.10/dist-packages/slam_toolbox/slam_toolbox_s__rosidl_typesupport_introspection_c.cpython-310-aarch64-linux-gnu.so\n'}
[1.126532] (slam_toolbox) StdoutLine: {'line': b'-- Up-to-date symlink: /home/rob1/eeng_462/lab4/install/slam_toolbox/local/lib/python3.10/dist-packages/slam_toolbox/srv/__init__.py\n'}
[1.126764] (slam_toolbox) StdoutLine: {'line': b'-- Up-to-date symlink: /home/rob1/eeng_462/lab4/install/slam_toolbox/local/lib/python3.10/dist-packages/slam_toolbox/srv/_add_submap.py\n'}
[1.127005] (slam_toolbox) StdoutLine: {'line': b'-- Up-to-date symlink: /home/rob1/eeng_462/lab4/install/slam_toolbox/local/lib/python3.10/dist-packages/slam_toolbox/srv/_add_submap_s.c\n'}
[1.127228] (slam_toolbox) StdoutLine: {'line': b'-- Up-to-date symlink: /home/rob1/eeng_462/lab4/install/slam_toolbox/local/lib/python3.10/dist-packages/slam_toolbox/srv/_clear.py\n'}
[1.127452] (slam_toolbox) StdoutLine: {'line': b'-- Up-to-date symlink: /home/rob1/eeng_462/lab4/install/slam_toolbox/local/lib/python3.10/dist-packages/slam_toolbox/srv/_clear_queue.py\n'}
[1.127679] (slam_toolbox) StdoutLine: {'line': b'-- Up-to-date symlink: /home/rob1/eeng_462/lab4/install/slam_toolbox/local/lib/python3.10/dist-packages/slam_toolbox/srv/_clear_queue_s.c\n'}
[1.127901] (slam_toolbox) StdoutLine: {'line': b'-- Up-to-date symlink: /home/rob1/eeng_462/lab4/install/slam_toolbox/local/lib/python3.10/dist-packages/slam_toolbox/srv/_clear_s.c\n'}
[1.128130] (slam_toolbox) StdoutLine: {'line': b'-- Up-to-date symlink: /home/rob1/eeng_462/lab4/install/slam_toolbox/local/lib/python3.10/dist-packages/slam_toolbox/srv/_deserialize_pose_graph.py\n'}
[1.128355] (slam_toolbox) StdoutLine: {'line': b'-- Up-to-date symlink: /home/rob1/eeng_462/lab4/install/slam_toolbox/local/lib/python3.10/dist-packages/slam_toolbox/srv/_deserialize_pose_graph_s.c\n'}
[1.128581] (slam_toolbox) StdoutLine: {'line': b'-- Up-to-date symlink: /home/rob1/eeng_462/lab4/install/slam_toolbox/local/lib/python3.10/dist-packages/slam_toolbox/srv/_loop_closure.py\n'}
[1.128873] (slam_toolbox) StdoutLine: {'line': b'-- Up-to-date symlink: /home/rob1/eeng_462/lab4/install/slam_toolbox/local/lib/python3.10/dist-packages/slam_toolbox/srv/_loop_closure_s.c\n'}
[1.129083] (slam_toolbox) StdoutLine: {'line': b'-- Up-to-date symlink: /home/rob1/eeng_462/lab4/install/slam_toolbox/local/lib/python3.10/dist-packages/slam_toolbox/srv/_merge_maps.py\n'}
[1.129305] (slam_toolbox) StdoutLine: {'line': b'-- Up-to-date symlink: /home/rob1/eeng_462/lab4/install/slam_toolbox/local/lib/python3.10/dist-packages/slam_toolbox/srv/_merge_maps_s.c\n'}
[1.129585] (slam_toolbox) StdoutLine: {'line': b'-- Up-to-date symlink: /home/rob1/eeng_462/lab4/install/slam_toolbox/local/lib/python3.10/dist-packages/slam_toolbox/srv/_pause.py\n'}
[1.129802] (slam_toolbox) StdoutLine: {'line': b'-- Up-to-date symlink: /home/rob1/eeng_462/lab4/install/slam_toolbox/local/lib/python3.10/dist-packages/slam_toolbox/srv/_pause_s.c\n'}
[1.129996] (slam_toolbox) StdoutLine: {'line': b'-- Up-to-date symlink: /home/rob1/eeng_462/lab4/install/slam_toolbox/local/lib/python3.10/dist-packages/slam_toolbox/srv/_save_map.py\n'}
[1.130215] (slam_toolbox) StdoutLine: {'line': b'-- Up-to-date symlink: /home/rob1/eeng_462/lab4/install/slam_toolbox/local/lib/python3.10/dist-packages/slam_toolbox/srv/_save_map_s.c\n'}
[1.130440] (slam_toolbox) StdoutLine: {'line': b'-- Up-to-date symlink: /home/rob1/eeng_462/lab4/install/slam_toolbox/local/lib/python3.10/dist-packages/slam_toolbox/srv/_serialize_pose_graph.py\n'}
[1.130667] (slam_toolbox) StdoutLine: {'line': b'-- Up-to-date symlink: /home/rob1/eeng_462/lab4/install/slam_toolbox/local/lib/python3.10/dist-packages/slam_toolbox/srv/_serialize_pose_graph_s.c\n'}
[1.130891] (slam_toolbox) StdoutLine: {'line': b'-- Up-to-date symlink: /home/rob1/eeng_462/lab4/install/slam_toolbox/local/lib/python3.10/dist-packages/slam_toolbox/srv/_toggle_interactive.py\n'}
[1.131116] (slam_toolbox) StdoutLine: {'line': b'-- Up-to-date symlink: /home/rob1/eeng_462/lab4/install/slam_toolbox/local/lib/python3.10/dist-packages/slam_toolbox/srv/_toggle_interactive_s.c\n'}
[1.131664] (slam_toolbox) StdoutLine: {'line': b'-- Up-to-date symlink: /home/rob1/eeng_462/lab4/install/slam_toolbox/local/lib/python3.10/dist-packages/slam_toolbox/slam_toolbox_s__rosidl_typesupport_fastrtps_c.cpython-310-aarch64-linux-gnu.so\n'}
[1.132180] (slam_toolbox) StdoutLine: {'line': b'-- Up-to-date symlink: /home/rob1/eeng_462/lab4/install/slam_toolbox/local/lib/python3.10/dist-packages/slam_toolbox/slam_toolbox_s__rosidl_typesupport_introspection_c.cpython-310-aarch64-linux-gnu.so\n'}
[1.132634] (slam_toolbox) StdoutLine: {'line': b'-- Up-to-date symlink: /home/rob1/eeng_462/lab4/install/slam_toolbox/local/lib/python3.10/dist-packages/slam_toolbox/slam_toolbox_s__rosidl_typesupport_c.cpython-310-aarch64-linux-gnu.so\n'}
[1.132995] (slam_toolbox) StdoutLine: {'line': b'-- Up-to-date symlink: /home/rob1/eeng_462/lab4/install/slam_toolbox/share/slam_toolbox/srv/Pause.idl\n'}
[1.133310] (slam_toolbox) StdoutLine: {'line': b'-- Up-to-date symlink: /home/rob1/eeng_462/lab4/install/slam_toolbox/share/slam_toolbox/srv/ClearQueue.idl\n'}
[1.133616] (slam_toolbox) StdoutLine: {'line': b'-- Up-to-date symlink: /home/rob1/eeng_462/lab4/install/slam_toolbox/share/slam_toolbox/srv/ToggleInteractive.idl\n'}
[1.133930] (slam_toolbox) StdoutLine: {'line': b'-- Up-to-date symlink: /home/rob1/eeng_462/lab4/install/slam_toolbox/share/slam_toolbox/srv/Clear.idl\n'}
[1.134231] (slam_toolbox) StdoutLine: {'line': b'-- Up-to-date symlink: /home/rob1/eeng_462/lab4/install/slam_toolbox/share/slam_toolbox/srv/SaveMap.idl\n'}
[1.134533] (slam_toolbox) StdoutLine: {'line': b'-- Up-to-date symlink: /home/rob1/eeng_462/lab4/install/slam_toolbox/share/slam_toolbox/srv/LoopClosure.idl\n'}
[1.134835] (slam_toolbox) StdoutLine: {'line': b'-- Up-to-date symlink: /home/rob1/eeng_462/lab4/install/slam_toolbox/share/slam_toolbox/srv/MergeMaps.idl\n'}
[1.135134] (slam_toolbox) StdoutLine: {'line': b'-- Up-to-date symlink: /home/rob1/eeng_462/lab4/install/slam_toolbox/share/slam_toolbox/srv/AddSubmap.idl\n'}
[1.135437] (slam_toolbox) StdoutLine: {'line': b'-- Up-to-date symlink: /home/rob1/eeng_462/lab4/install/slam_toolbox/share/slam_toolbox/srv/DeserializePoseGraph.idl\n'}
[1.135737] (slam_toolbox) StdoutLine: {'line': b'-- Up-to-date symlink: /home/rob1/eeng_462/lab4/install/slam_toolbox/share/slam_toolbox/srv/SerializePoseGraph.idl\n'}
[1.136034] (slam_toolbox) StdoutLine: {'line': b'-- Up-to-date symlink: /home/rob1/eeng_462/lab4/install/slam_toolbox/share/slam_toolbox/srv/Pause.srv\n'}
[1.136335] (slam_toolbox) StdoutLine: {'line': b'-- Up-to-date symlink: /home/rob1/eeng_462/lab4/install/slam_toolbox/share/slam_toolbox/srv/Pause_Request.msg\n'}
[1.136629] (slam_toolbox) StdoutLine: {'line': b'-- Up-to-date symlink: /home/rob1/eeng_462/lab4/install/slam_toolbox/share/slam_toolbox/srv/Pause_Response.msg\n'}
[1.136949] (slam_toolbox) StdoutLine: {'line': b'-- Up-to-date symlink: /home/rob1/eeng_462/lab4/install/slam_toolbox/share/slam_toolbox/srv/ClearQueue.srv\n'}
[1.137250] (slam_toolbox) StdoutLine: {'line': b'-- Up-to-date symlink: /home/rob1/eeng_462/lab4/install/slam_toolbox/share/slam_toolbox/srv/ClearQueue_Request.msg\n'}
[1.137543] (slam_toolbox) StdoutLine: {'line': b'-- Up-to-date symlink: /home/rob1/eeng_462/lab4/install/slam_toolbox/share/slam_toolbox/srv/ClearQueue_Response.msg\n'}
[1.137837] (slam_toolbox) StdoutLine: {'line': b'-- Up-to-date symlink: /home/rob1/eeng_462/lab4/install/slam_toolbox/share/slam_toolbox/srv/ToggleInteractive.srv\n'}
[1.138124] (slam_toolbox) StdoutLine: {'line': b'-- Up-to-date symlink: /home/rob1/eeng_462/lab4/install/slam_toolbox/share/slam_toolbox/srv/ToggleInteractive_Request.msg\n'}
[1.138417] (slam_toolbox) StdoutLine: {'line': b'-- Up-to-date symlink: /home/rob1/eeng_462/lab4/install/slam_toolbox/share/slam_toolbox/srv/ToggleInteractive_Response.msg\n'}
[1.138703] (slam_toolbox) StdoutLine: {'line': b'-- Up-to-date symlink: /home/rob1/eeng_462/lab4/install/slam_toolbox/share/slam_toolbox/srv/Clear.srv\n'}
[1.138993] (slam_toolbox) StdoutLine: {'line': b'-- Up-to-date symlink: /home/rob1/eeng_462/lab4/install/slam_toolbox/share/slam_toolbox/srv/Clear_Request.msg\n'}
[1.139285] (slam_toolbox) StdoutLine: {'line': b'-- Up-to-date symlink: /home/rob1/eeng_462/lab4/install/slam_toolbox/share/slam_toolbox/srv/Clear_Response.msg\n'}
[1.139571] (slam_toolbox) StdoutLine: {'line': b'-- Up-to-date symlink: /home/rob1/eeng_462/lab4/install/slam_toolbox/share/slam_toolbox/srv/SaveMap.srv\n'}
[1.139892] (slam_toolbox) StdoutLine: {'line': b'-- Up-to-date symlink: /home/rob1/eeng_462/lab4/install/slam_toolbox/share/slam_toolbox/srv/SaveMap_Request.msg\n'}
[1.140165] (slam_toolbox) StdoutLine: {'line': b'-- Up-to-date symlink: /home/rob1/eeng_462/lab4/install/slam_toolbox/share/slam_toolbox/srv/SaveMap_Response.msg\n'}
[1.140445] (slam_toolbox) StdoutLine: {'line': b'-- Up-to-date symlink: /home/rob1/eeng_462/lab4/install/slam_toolbox/share/slam_toolbox/srv/LoopClosure.srv\n'}
[1.140736] (slam_toolbox) StdoutLine: {'line': b'-- Up-to-date symlink: /home/rob1/eeng_462/lab4/install/slam_toolbox/share/slam_toolbox/srv/LoopClosure_Request.msg\n'}
[1.141061] (slam_toolbox) StdoutLine: {'line': b'-- Up-to-date symlink: /home/rob1/eeng_462/lab4/install/slam_toolbox/share/slam_toolbox/srv/LoopClosure_Response.msg\n'}
[1.141349] (slam_toolbox) StdoutLine: {'line': b'-- Up-to-date symlink: /home/rob1/eeng_462/lab4/install/slam_toolbox/share/slam_toolbox/srv/MergeMaps.srv\n'}
[1.141642] (slam_toolbox) StdoutLine: {'line': b'-- Up-to-date symlink: /home/rob1/eeng_462/lab4/install/slam_toolbox/share/slam_toolbox/srv/MergeMaps_Request.msg\n'}
[1.141932] (slam_toolbox) StdoutLine: {'line': b'-- Up-to-date symlink: /home/rob1/eeng_462/lab4/install/slam_toolbox/share/slam_toolbox/srv/MergeMaps_Response.msg\n'}
[1.142219] (slam_toolbox) StdoutLine: {'line': b'-- Up-to-date symlink: /home/rob1/eeng_462/lab4/install/slam_toolbox/share/slam_toolbox/srv/AddSubmap.srv\n'}
[1.142509] (slam_toolbox) StdoutLine: {'line': b'-- Up-to-date symlink: /home/rob1/eeng_462/lab4/install/slam_toolbox/share/slam_toolbox/srv/AddSubmap_Request.msg\n'}
[1.142798] (slam_toolbox) StdoutLine: {'line': b'-- Up-to-date symlink: /home/rob1/eeng_462/lab4/install/slam_toolbox/share/slam_toolbox/srv/AddSubmap_Response.msg\n'}
[1.143085] (slam_toolbox) StdoutLine: {'line': b'-- Up-to-date symlink: /home/rob1/eeng_462/lab4/install/slam_toolbox/share/slam_toolbox/srv/DeserializePoseGraph.srv\n'}
[1.143378] (slam_toolbox) StdoutLine: {'line': b'-- Up-to-date symlink: /home/rob1/eeng_462/lab4/install/slam_toolbox/share/slam_toolbox/srv/DeserializePoseGraph_Request.msg\n'}
[1.143672] (slam_toolbox) StdoutLine: {'line': b'-- Up-to-date symlink: /home/rob1/eeng_462/lab4/install/slam_toolbox/share/slam_toolbox/srv/DeserializePoseGraph_Response.msg\n'}
[1.143959] (slam_toolbox) StdoutLine: {'line': b'-- Up-to-date symlink: /home/rob1/eeng_462/lab4/install/slam_toolbox/share/slam_toolbox/srv/SerializePoseGraph.srv\n'}
[1.144248] (slam_toolbox) StdoutLine: {'line': b'-- Up-to-date symlink: /home/rob1/eeng_462/lab4/install/slam_toolbox/share/slam_toolbox/srv/SerializePoseGraph_Request.msg\n'}
[1.144540] (slam_toolbox) StdoutLine: {'line': b'-- Up-to-date symlink: /home/rob1/eeng_462/lab4/install/slam_toolbox/share/slam_toolbox/srv/SerializePoseGraph_Response.msg\n'}
[1.144843] (slam_toolbox) StdoutLine: {'line': b'-- Up-to-date symlink: /home/rob1/eeng_462/lab4/install/slam_toolbox/share/slam_toolbox//rviz_plugins.xml\n'}
[1.145134] (slam_toolbox) StdoutLine: {'line': b'-- Up-to-date symlink: /home/rob1/eeng_462/lab4/install/slam_toolbox/share/slam_toolbox//solver_plugins.xml\n'}
[1.145731] (slam_toolbox) StdoutLine: {'line': b'-- Up-to-date symlink: /home/rob1/eeng_462/lab4/install/slam_toolbox/lib/slam_toolbox/async_slam_toolbox_node\n'}
[1.146026] (slam_toolbox) StdoutLine: {'line': b'-- Up-to-date symlink: /home/rob1/eeng_462/lab4/install/slam_toolbox/lib/slam_toolbox/sync_slam_toolbox_node\n'}
[1.146308] (slam_toolbox) StdoutLine: {'line': b'-- Up-to-date symlink: /home/rob1/eeng_462/lab4/install/slam_toolbox/lib/slam_toolbox/localization_slam_toolbox_node\n'}
[1.146588] (slam_toolbox) StdoutLine: {'line': b'-- Up-to-date symlink: /home/rob1/eeng_462/lab4/install/slam_toolbox/lib/slam_toolbox/map_and_localization_slam_toolbox_node\n'}
[1.146869] (slam_toolbox) StdoutLine: {'line': b'-- Up-to-date symlink: /home/rob1/eeng_462/lab4/install/slam_toolbox/lib/slam_toolbox/merge_maps_kinematic\n'}
[1.147139] (slam_toolbox) StdoutLine: {'line': b'-- Up-to-date symlink: /home/rob1/eeng_462/lab4/install/slam_toolbox/lib/libtoolbox_common.so\n'}
[1.147400] (slam_toolbox) StdoutLine: {'line': b'-- Up-to-date symlink: /home/rob1/eeng_462/lab4/install/slam_toolbox/lib/libSlamToolboxPlugin.so\n'}
[1.147661] (slam_toolbox) StdoutLine: {'line': b'-- Up-to-date symlink: /home/rob1/eeng_462/lab4/install/slam_toolbox/lib/libceres_solver_plugin.so\n'}
[1.147926] (slam_toolbox) StdoutLine: {'line': b'-- Up-to-date symlink: /home/rob1/eeng_462/lab4/install/slam_toolbox/lib/libasync_slam_toolbox.so\n'}
[1.148186] (slam_toolbox) StdoutLine: {'line': b'-- Up-to-date symlink: /home/rob1/eeng_462/lab4/install/slam_toolbox/lib/libsync_slam_toolbox.so\n'}
[1.148446] (slam_toolbox) StdoutLine: {'line': b'-- Up-to-date symlink: /home/rob1/eeng_462/lab4/install/slam_toolbox/lib/liblocalization_slam_toolbox.so\n'}
[1.148705] (slam_toolbox) StdoutLine: {'line': b'-- Up-to-date symlink: /home/rob1/eeng_462/lab4/install/slam_toolbox/lib/liblifelong_slam_toolbox.so\n'}
[1.148994] (slam_toolbox) StdoutLine: {'line': b'-- Up-to-date symlink: /home/rob1/eeng_462/lab4/install/slam_toolbox/lib/libmap_and_localization_slam_toolbox.so\n'}
[1.149272] (slam_toolbox) StdoutLine: {'line': b'-- Up-to-date symlink: /home/rob1/eeng_462/lab4/install/slam_toolbox/lib/libkartoSlamToolbox.so\n'}
[1.150201] (slam_toolbox) StdoutLine: {'line': b'-- Up-to-date symlink: /home/rob1/eeng_462/lab4/install/slam_toolbox/include/slam_toolbox/experimental/slam_toolbox_lifelong.hpp\n'}
[1.150439] (slam_toolbox) StdoutLine: {'line': b'-- Up-to-date symlink: /home/rob1/eeng_462/lab4/install/slam_toolbox/include/slam_toolbox/experimental/slam_toolbox_map_and_localization.hpp\n'}
[1.150749] (slam_toolbox) StdoutLine: {'line': b'-- Up-to-date symlink: /home/rob1/eeng_462/lab4/install/slam_toolbox/include/slam_toolbox/get_pose_helper.hpp\n'}
[1.150944] (slam_toolbox) StdoutLine: {'line': b'-- Up-to-date symlink: /home/rob1/eeng_462/lab4/install/slam_toolbox/include/slam_toolbox/laser_utils.hpp\n'}
[1.151137] (slam_toolbox) StdoutLine: {'line': b'-- Up-to-date symlink: /home/rob1/eeng_462/lab4/install/slam_toolbox/include/slam_toolbox/loop_closure_assistant.hpp\n'}
[1.151329] (slam_toolbox) StdoutLine: {'line': b'-- Up-to-date symlink: /home/rob1/eeng_462/lab4/install/slam_toolbox/include/slam_toolbox/map_saver.hpp\n'}
[1.151520] (slam_toolbox) StdoutLine: {'line': b'-- Up-to-date symlink: /home/rob1/eeng_462/lab4/install/slam_toolbox/include/slam_toolbox/merge_maps_kinematic.hpp\n'}
[1.151727] (slam_toolbox) StdoutLine: {'line': b'-- Up-to-date symlink: /home/rob1/eeng_462/lab4/install/slam_toolbox/include/slam_toolbox/serialization.hpp\n'}
[1.151934] (slam_toolbox) StdoutLine: {'line': b'-- Up-to-date symlink: /home/rob1/eeng_462/lab4/install/slam_toolbox/include/slam_toolbox/slam_mapper.hpp\n'}
[1.152150] (slam_toolbox) StdoutLine: {'line': b'-- Up-to-date symlink: /home/rob1/eeng_462/lab4/install/slam_toolbox/include/slam_toolbox/slam_toolbox_async.hpp\n'}
[1.152362] (slam_toolbox) StdoutLine: {'line': b'-- Up-to-date symlink: /home/rob1/eeng_462/lab4/install/slam_toolbox/include/slam_toolbox/slam_toolbox_common.hpp\n'}
[1.152571] (slam_toolbox) StdoutLine: {'line': b'-- Up-to-date symlink: /home/rob1/eeng_462/lab4/install/slam_toolbox/include/slam_toolbox/slam_toolbox_localization.hpp\n'}
[1.152794] (slam_toolbox) StdoutLine: {'line': b'-- Up-to-date symlink: /home/rob1/eeng_462/lab4/install/slam_toolbox/include/slam_toolbox/slam_toolbox_sync.hpp\n'}
[1.153060] (slam_toolbox) StdoutLine: {'line': b'-- Up-to-date symlink: /home/rob1/eeng_462/lab4/install/slam_toolbox/include/slam_toolbox/snap_utils.hpp\n'}
[1.153269] (slam_toolbox) StdoutLine: {'line': b'-- Up-to-date symlink: /home/rob1/eeng_462/lab4/install/slam_toolbox/include/slam_toolbox/toolbox_msgs.hpp\n'}
[1.153477] (slam_toolbox) StdoutLine: {'line': b'-- Up-to-date symlink: /home/rob1/eeng_462/lab4/install/slam_toolbox/include/slam_toolbox/toolbox_types.hpp\n'}
[1.153685] (slam_toolbox) StdoutLine: {'line': b'-- Up-to-date symlink: /home/rob1/eeng_462/lab4/install/slam_toolbox/include/slam_toolbox/visualization_utils.hpp\n'}
[1.154433] (slam_toolbox) StdoutLine: {'line': b'-- Up-to-date symlink: /home/rob1/eeng_462/lab4/install/slam_toolbox/share/slam_toolbox/launch/localization_launch.py\n'}
[1.154655] (slam_toolbox) StdoutLine: {'line': b'-- Up-to-date symlink: /home/rob1/eeng_462/lab4/install/slam_toolbox/share/slam_toolbox/launch/merge_maps_kinematic_launch.py\n'}
[1.154862] (slam_toolbox) StdoutLine: {'line': b'-- Up-to-date symlink: /home/rob1/eeng_462/lab4/install/slam_toolbox/share/slam_toolbox/launch/offline_launch.py\n'}
[1.155071] (slam_toolbox) StdoutLine: {'line': b'-- Up-to-date symlink: /home/rob1/eeng_462/lab4/install/slam_toolbox/share/slam_toolbox/launch/online_async_launch.py\n'}
[1.155310] (slam_toolbox) StdoutLine: {'line': b'-- Up-to-date symlink: /home/rob1/eeng_462/lab4/install/slam_toolbox/share/slam_toolbox/launch/online_sync_launch.py\n'}
[1.155886] (slam_toolbox) StdoutLine: {'line': b'-- Up-to-date symlink: /home/rob1/eeng_462/lab4/install/slam_toolbox/share/slam_toolbox/config/mapper_params_lifelong.yaml\n'}
[1.156101] (slam_toolbox) StdoutLine: {'line': b'-- Up-to-date symlink: /home/rob1/eeng_462/lab4/install/slam_toolbox/share/slam_toolbox/config/mapper_params_localization.yaml\n'}
[1.156312] (slam_toolbox) StdoutLine: {'line': b'-- Up-to-date symlink: /home/rob1/eeng_462/lab4/install/slam_toolbox/share/slam_toolbox/config/mapper_params_offline.yaml\n'}
[1.156515] (slam_toolbox) StdoutLine: {'line': b'-- Up-to-date symlink: /home/rob1/eeng_462/lab4/install/slam_toolbox/share/slam_toolbox/config/mapper_params_online_async.yaml\n'}
[1.156720] (slam_toolbox) StdoutLine: {'line': b'-- Up-to-date symlink: /home/rob1/eeng_462/lab4/install/slam_toolbox/share/slam_toolbox/config/mapper_params_online_sync.yaml\n'}
[1.156948] (slam_toolbox) StdoutLine: {'line': b'-- Up-to-date symlink: /home/rob1/eeng_462/lab4/install/slam_toolbox/share/slam_toolbox/config/slam_toolbox_default.rviz\n'}
[1.157261] (slam_toolbox) StdoutLine: {'line': b'-- Up-to-date symlink: /home/rob1/eeng_462/lab4/install/slam_toolbox/share/solver_plugins.xml\n'}
[1.157475] (slam_toolbox) StdoutLine: {'line': b'-- Up-to-date symlink: /home/rob1/eeng_462/lab4/install/slam_toolbox/share/rviz_plugins.xml\n'}
[1.157836] (slam_toolbox) StdoutLine: {'line': b'-- Up-to-date symlink: /home/rob1/eeng_462/lab4/install/slam_toolbox/share/ament_index/resource_index/package_run_dependencies/slam_toolbox\n'}
[1.158165] (slam_toolbox) StdoutLine: {'line': b'-- Up-to-date symlink: /home/rob1/eeng_462/lab4/install/slam_toolbox/share/ament_index/resource_index/parent_prefix_path/slam_toolbox\n'}
[1.158489] (slam_toolbox) StdoutLine: {'line': b'-- Up-to-date symlink: /home/rob1/eeng_462/lab4/install/slam_toolbox/share/slam_toolbox/environment/ament_prefix_path.sh\n'}
[1.158790] (slam_toolbox) StdoutLine: {'line': b'-- Up-to-date symlink: /home/rob1/eeng_462/lab4/install/slam_toolbox/share/slam_toolbox/environment/ament_prefix_path.dsv\n'}
[1.159094] (slam_toolbox) StdoutLine: {'line': b'-- Up-to-date symlink: /home/rob1/eeng_462/lab4/install/slam_toolbox/share/slam_toolbox/environment/path.sh\n'}
[1.159390] (slam_toolbox) StdoutLine: {'line': b'-- Up-to-date symlink: /home/rob1/eeng_462/lab4/install/slam_toolbox/share/slam_toolbox/environment/path.dsv\n'}
[1.159725] (slam_toolbox) StdoutLine: {'line': b'-- Up-to-date symlink: /home/rob1/eeng_462/lab4/install/slam_toolbox/share/slam_toolbox/local_setup.bash\n'}
[1.159981] (slam_toolbox) StdoutLine: {'line': b'-- Up-to-date symlink: /home/rob1/eeng_462/lab4/install/slam_toolbox/share/slam_toolbox/local_setup.sh\n'}
[1.160260] (slam_toolbox) StdoutLine: {'line': b'-- Up-to-date symlink: /home/rob1/eeng_462/lab4/install/slam_toolbox/share/slam_toolbox/local_setup.zsh\n'}
[1.160541] (slam_toolbox) StdoutLine: {'line': b'-- Up-to-date symlink: /home/rob1/eeng_462/lab4/install/slam_toolbox/share/slam_toolbox/local_setup.dsv\n'}
[1.160794] (slam_toolbox) StdoutLine: {'line': b'-- Symlinking: /home/rob1/eeng_462/lab4/install/slam_toolbox/share/slam_toolbox/package.dsv\n'}
[1.178651] (slam_toolbox) StdoutLine: {'line': b'-- Up-to-date symlink: /home/rob1/eeng_462/lab4/install/slam_toolbox/share/ament_index/resource_index/packages/slam_toolbox\n'}
[1.178991] (slam_toolbox) StdoutLine: {'line': b'-- Up-to-date symlink: /home/rob1/eeng_462/lab4/install/slam_toolbox/share/ament_index/resource_index/rviz_common__pluginlib__plugin/slam_toolbox\n'}
[1.179335] (slam_toolbox) StdoutLine: {'line': b'-- Up-to-date symlink: /home/rob1/eeng_462/lab4/install/slam_toolbox/share/ament_index/resource_index/slam_toolbox__pluginlib__plugin/slam_toolbox\n'}
[1.179716] (slam_toolbox) StdoutLine: {'line': b'-- Up-to-date symlink: /home/rob1/eeng_462/lab4/install/slam_toolbox/share/ament_index/resource_index/rclcpp_components/slam_toolbox\n'}
[1.180247] (slam_toolbox) StdoutLine: {'line': b'-- Up-to-date symlink: /home/rob1/eeng_462/lab4/install/slam_toolbox/share/slam_toolbox/cmake/rosidl_cmake-extras.cmake\n'}
[1.180624] (slam_toolbox) StdoutLine: {'line': b'-- Up-to-date symlink: /home/rob1/eeng_462/lab4/install/slam_toolbox/share/slam_toolbox/cmake/ament_cmake_export_dependencies-extras.cmake\n'}
[1.180940] (slam_toolbox) StdoutLine: {'line': b'-- Up-to-date symlink: /home/rob1/eeng_462/lab4/install/slam_toolbox/share/slam_toolbox/cmake/ament_cmake_export_include_directories-extras.cmake\n'}
[1.181240] (slam_toolbox) StdoutLine: {'line': b'-- Up-to-date symlink: /home/rob1/eeng_462/lab4/install/slam_toolbox/share/slam_toolbox/cmake/ament_cmake_export_libraries-extras.cmake\n'}
[1.181549] (slam_toolbox) StdoutLine: {'line': b'-- Up-to-date symlink: /home/rob1/eeng_462/lab4/install/slam_toolbox/share/slam_toolbox/cmake/ament_cmake_export_targets-extras.cmake\n'}
[1.181846] (slam_toolbox) StdoutLine: {'line': b'-- Up-to-date symlink: /home/rob1/eeng_462/lab4/install/slam_toolbox/share/slam_toolbox/cmake/rosidl_cmake_export_typesupport_targets-extras.cmake\n'}
[1.182139] (slam_toolbox) StdoutLine: {'line': b'-- Up-to-date symlink: /home/rob1/eeng_462/lab4/install/slam_toolbox/share/slam_toolbox/cmake/rosidl_cmake_export_typesupport_libraries-extras.cmake\n'}
[1.182448] (slam_toolbox) StdoutLine: {'line': b'-- Up-to-date symlink: /home/rob1/eeng_462/lab4/install/slam_toolbox/share/slam_toolbox/cmake/slam_toolboxConfig.cmake\n'}
[1.182669] (slam_toolbox) StdoutLine: {'line': b'-- Up-to-date symlink: /home/rob1/eeng_462/lab4/install/slam_toolbox/share/slam_toolbox/cmake/slam_toolboxConfig-version.cmake\n'}
[1.182959] (slam_toolbox) StdoutLine: {'line': b'-- Up-to-date symlink: /home/rob1/eeng_462/lab4/install/slam_toolbox/share/slam_toolbox/package.xml\n'}
[1.183471] (slam_toolbox) StdoutLine: {'line': b'-- Up-to-date: /home/rob1/eeng_462/lab4/install/slam_toolbox/lib/libslam_toolbox__rosidl_generator_c.so\n'}
[1.184035] (slam_toolbox) StdoutLine: {'line': b'-- Up-to-date: /home/rob1/eeng_462/lab4/install/slam_toolbox/lib/libslam_toolbox__rosidl_typesupport_fastrtps_c.so\n'}
[1.184547] (slam_toolbox) StdoutLine: {'line': b'-- Up-to-date: /home/rob1/eeng_462/lab4/install/slam_toolbox/lib/libslam_toolbox__rosidl_typesupport_fastrtps_cpp.so\n'}
[1.185119] (slam_toolbox) StdoutLine: {'line': b'-- Up-to-date: /home/rob1/eeng_462/lab4/install/slam_toolbox/lib/libslam_toolbox__rosidl_typesupport_introspection_c.so\n'}
[1.185584] (slam_toolbox) StdoutLine: {'line': b'-- Up-to-date: /home/rob1/eeng_462/lab4/install/slam_toolbox/lib/libslam_toolbox__rosidl_typesupport_c.so\n'}
[1.186055] (slam_toolbox) StdoutLine: {'line': b'-- Up-to-date: /home/rob1/eeng_462/lab4/install/slam_toolbox/lib/libslam_toolbox__rosidl_typesupport_introspection_cpp.so\n'}
[1.186531] (slam_toolbox) StdoutLine: {'line': b'-- Up-to-date: /home/rob1/eeng_462/lab4/install/slam_toolbox/lib/libslam_toolbox__rosidl_typesupport_cpp.so\n'}
[1.201002] (-) TimerEvent: {}
[1.258665] (slam_toolbox) StdoutLine: {'line': b"Listing '/home/rob1/eeng_462/lab4/install/slam_toolbox/local/lib/python3.10/dist-packages/slam_toolbox'...\n"}
[1.259167] (slam_toolbox) StdoutLine: {'line': b"Listing '/home/rob1/eeng_462/lab4/install/slam_toolbox/local/lib/python3.10/dist-packages/slam_toolbox/srv'...\n"}
[1.270239] (slam_toolbox) StdoutLine: {'line': b'-- Up-to-date: /home/rob1/eeng_462/lab4/install/slam_toolbox/lib/libslam_toolbox__rosidl_generator_py.so\n'}
[1.270795] (slam_toolbox) StdoutLine: {'line': b'-- Up-to-date: /home/rob1/eeng_462/lab4/install/slam_toolbox/share/slam_toolbox/cmake/export_slam_toolbox__rosidl_generator_cExport.cmake\n'}
[1.271043] (slam_toolbox) StdoutLine: {'line': b'-- Up-to-date: /home/rob1/eeng_462/lab4/install/slam_toolbox/share/slam_toolbox/cmake/export_slam_toolbox__rosidl_generator_cExport-release.cmake\n'}
[1.271278] (slam_toolbox) StdoutLine: {'line': b'-- Up-to-date: /home/rob1/eeng_462/lab4/install/slam_toolbox/share/slam_toolbox/cmake/export_slam_toolbox__rosidl_typesupport_fastrtps_cExport.cmake\n'}
[1.271473] (slam_toolbox) StdoutLine: {'line': b'-- Up-to-date: /home/rob1/eeng_462/lab4/install/slam_toolbox/share/slam_toolbox/cmake/export_slam_toolbox__rosidl_typesupport_fastrtps_cExport-release.cmake\n'}
[1.271659] (slam_toolbox) StdoutLine: {'line': b'-- Up-to-date: /home/rob1/eeng_462/lab4/install/slam_toolbox/share/slam_toolbox/cmake/export_slam_toolbox__rosidl_generator_cppExport.cmake\n'}
[1.272112] (slam_toolbox) StdoutLine: {'line': b'-- Up-to-date: /home/rob1/eeng_462/lab4/install/slam_toolbox/share/slam_toolbox/cmake/export_slam_toolbox__rosidl_typesupport_fastrtps_cppExport.cmake\n'}
[1.272303] (slam_toolbox) StdoutLine: {'line': b'-- Up-to-date: /home/rob1/eeng_462/lab4/install/slam_toolbox/share/slam_toolbox/cmake/export_slam_toolbox__rosidl_typesupport_fastrtps_cppExport-release.cmake\n'}
[1.272544] (slam_toolbox) StdoutLine: {'line': b'-- Up-to-date: /home/rob1/eeng_462/lab4/install/slam_toolbox/share/slam_toolbox/cmake/slam_toolbox__rosidl_typesupport_introspection_cExport.cmake\n'}
[1.272770] (slam_toolbox) StdoutLine: {'line': b'-- Up-to-date: /home/rob1/eeng_462/lab4/install/slam_toolbox/share/slam_toolbox/cmake/slam_toolbox__rosidl_typesupport_introspection_cExport-release.cmake\n'}
[1.272972] (slam_toolbox) StdoutLine: {'line': b'-- Up-to-date: /home/rob1/eeng_462/lab4/install/slam_toolbox/share/slam_toolbox/cmake/slam_toolbox__rosidl_typesupport_cExport.cmake\n'}
[1.273196] (slam_toolbox) StdoutLine: {'line': b'-- Up-to-date: /home/rob1/eeng_462/lab4/install/slam_toolbox/share/slam_toolbox/cmake/slam_toolbox__rosidl_typesupport_cExport-release.cmake\n'}
[1.273341] (slam_toolbox) StdoutLine: {'line': b'-- Up-to-date: /home/rob1/eeng_462/lab4/install/slam_toolbox/share/slam_toolbox/cmake/slam_toolbox__rosidl_typesupport_introspection_cppExport.cmake\n'}
[1.273478] (slam_toolbox) StdoutLine: {'line': b'-- Up-to-date: /home/rob1/eeng_462/lab4/install/slam_toolbox/share/slam_toolbox/cmake/slam_toolbox__rosidl_typesupport_introspection_cppExport-release.cmake\n'}
[1.273735] (slam_toolbox) StdoutLine: {'line': b'-- Up-to-date: /home/rob1/eeng_462/lab4/install/slam_toolbox/share/slam_toolbox/cmake/slam_toolbox__rosidl_typesupport_cppExport.cmake\n'}
[1.273870] (slam_toolbox) StdoutLine: {'line': b'-- Up-to-date: /home/rob1/eeng_462/lab4/install/slam_toolbox/share/slam_toolbox/cmake/slam_toolbox__rosidl_typesupport_cppExport-release.cmake\n'}
[1.274000] (slam_toolbox) StdoutLine: {'line': b'-- Up-to-date: /home/rob1/eeng_462/lab4/install/slam_toolbox/share/slam_toolbox/cmake/export_slam_toolbox__rosidl_generator_pyExport.cmake\n'}
[1.274154] (slam_toolbox) StdoutLine: {'line': b'-- Up-to-date: /home/rob1/eeng_462/lab4/install/slam_toolbox/share/slam_toolbox/cmake/export_slam_toolbox__rosidl_generator_pyExport-release.cmake\n'}
[1.274290] (slam_toolbox) StdoutLine: {'line': b'-- Up-to-date: /home/rob1/eeng_462/lab4/install/slam_toolbox/share/slam_toolbox/cmake/SlamToolboxPluginExport.cmake\n'}
[1.274422] (slam_toolbox) StdoutLine: {'line': b'-- Up-to-date: /home/rob1/eeng_462/lab4/install/slam_toolbox/share/slam_toolbox/cmake/SlamToolboxPluginExport-release.cmake\n'}
[1.278730] (slam_toolbox) CommandEnded: {'returncode': 0}
[1.301092] (-) TimerEvent: {}
[1.344227] (slam_toolbox) JobEnded: {'identifier': 'slam_toolbox', 'rc': 0}
[1.401257] (-) TimerEvent: {}
[1.501826] (-) TimerEvent: {}
[1.602371] (-) TimerEvent: {}
[1.702904] (-) TimerEvent: {}
[1.803483] (-) TimerEvent: {}
[1.904201] (-) TimerEvent: {}
[1.932221] (mecanum_robot) Command: {'cmd': ['/usr/bin/python3', '-W', 'ignore:setup.py install is deprecated', '-W', 'ignore:easy_install command is deprecated', 'setup.py', 'egg_info', '--egg-base', '../../build/mecanum_robot', 'build', '--build-base', '/home/rob1/eeng_462/lab4/build/mecanum_robot/build', 'install', '--record', '/home/rob1/eeng_462/lab4/build/mecanum_robot/install.log', '--single-version-externally-managed', 'install_data'], 'cwd': '/home/rob1/eeng_462/lab4/src/mecanum_robot', 'env': {'USER': 'rob1', 'XDG_SEAT': 'seat0', 'XDG_SESSION_TYPE': 'x11', 'SHLVL': '1', 'LD_LIBRARY_PATH': '/home/rob1/eeng_462/lab4/install/slam_toolbox/lib:/home/rob1/eeng_462/lab4/install/openslam_gmapping/lib:/opt/ros/humble/opt/rviz_ogre_vendor/lib:/opt/ros/humble/lib/aarch64-linux-gnu:/opt/ros/humble/lib', 'HOME': '/home/rob1', 'OLDPWD': '/home/rob1', 'LESS': '-R', 'DESKTOP_SESSION': 'i3', 'ZSH': '/home/rob1/.oh-my-zsh', 'LSCOLORS': 'Gxfxcxdxbxegedabagacad', 'GTK_MODULES': 'gail:atk-bridge', 'PAGER': 'less', 'ROS_PYTHON_VERSION': '3', 'SYSTEMD_EXEC_PID': '1834', 'DBUS_SESSION_BUS_ADDRESS': 'unix:path=/run/user/1000/bus', 'COLORTERM': 'truecolor', '_colcon_cd_root': '/opt/ros/humble/', 'ROS_DISTRO': 'humble', 'COLCON_PREFIX_PATH': '/home/rob1/eeng_462/lab4/install', 'GTK_IM_MODULE': 'ibus', 'LOGNAME': 'rob1', '_': '/usr/bin/colcon', 'XDG_SESSION_CLASS': 'user', 'ROS_VERSION': '2', 'XDG_SESSION_ID': '2', 'USERNAME': 'rob1', 'TERM': 'xterm-256color', 'ROS_LOCALHOST_ONLY': '0', 'WINDOWPATH': '2', 'PATH': '/opt/ros/humble/bin:/home/rob1/.local/bin:/usr/local/sbin:/usr/local/bin:/usr/sbin:/usr/bin:/sbin:/bin:/usr/games:/usr/local/games:/snap/bin:/snap/bin', 'GNOME_TERMINAL_SCREEN': '/org/gnome/Terminal/screen/92cff4d8_6204_4e10_b9ca_e1778c430190', 'XDG_RUNTIME_DIR': '/run/user/1000', 'DISPLAY': ':1', 'LANG': 'en_US.UTF-8', 'XDG_CURRENT_DESKTOP': 'i3', 'XDG_SESSION_DESKTOP': 'i3', 'GNOME_TERMINAL_SERVICE': ':1.44', 'XMODIFIERS': '@im=ibus', 'XAUTHORITY': '/run/user/1000/gdm/Xauthority', 'LS_COLORS': 'rs=0:di=01;34:ln=01;36:mh=00:pi=40;33:so=01;35:do=01;35:bd=40;33;01:cd=40;33;01:or=40;31;01:mi=00:su=37;41:sg=30;43:ca=30;41:tw=30;42:ow=34;42:st=37;44:ex=01;32:*.tar=01;31:*.tgz=01;31:*.arc=01;31:*.arj=01;31:*.taz=01;31:*.lha=01;31:*.lz4=01;31:*.lzh=01;31:*.lzma=01;31:*.tlz=01;31:*.txz=01;31:*.tzo=01;31:*.t7z=01;31:*.zip=01;31:*.z=01;31:*.dz=01;31:*.gz=01;31:*.lrz=01;31:*.lz=01;31:*.lzo=01;31:*.xz=01;31:*.zst=01;31:*.tzst=01;31:*.bz2=01;31:*.bz=01;31:*.tbz=01;31:*.tbz2=01;31:*.tz=01;31:*.deb=01;31:*.rpm=01;31:*.jar=01;31:*.war=01;31:*.ear=01;31:*.sar=01;31:*.rar=01;31:*.alz=01;31:*.ace=01;31:*.zoo=01;31:*.cpio=01;31:*.7z=01;31:*.rz=01;31:*.cab=01;31:*.wim=01;31:*.swm=01;31:*.dwm=01;31:*.esd=01;31:*.jpg=01;35:*.jpeg=01;35:*.mjpg=01;35:*.mjpeg=01;35:*.gif=01;35:*.bmp=01;35:*.pbm=01;35:*.pgm=01;35:*.ppm=01;35:*.tga=01;35:*.xbm=01;35:*.xpm=01;35:*.tif=01;35:*.tiff=01;35:*.png=01;35:*.svg=01;35:*.svgz=01;35:*.mng=01;35:*.pcx=01;35:*.mov=01;35:*.mpg=01;35:*.mpeg=01;35:*.m2v=01;35:*.mkv=01;35:*.webm=01;35:*.webp=01;35:*.ogm=01;35:*.mp4=01;35:*.m4v=01;35:*.mp4v=01;35:*.vob=01;35:*.qt=01;35:*.nuv=01;35:*.wmv=01;35:*.asf=01;35:*.rm=01;35:*.rmvb=01;35:*.flc=01;35:*.avi=01;35:*.fli=01;35:*.flv=01;35:*.gl=01;35:*.dl=01;35:*.xcf=01;35:*.xwd=01;35:*.yuv=01;35:*.cgm=01;35:*.emf=01;35:*.ogv=01;35:*.ogx=01;35:*.aac=00;36:*.au=00;36:*.flac=00;36:*.m4a=00;36:*.mid=00;36:*.midi=00;36:*.mka=00;36:*.mp3=00;36:*.mpc=00;36:*.ogg=00;36:*.ra=00;36:*.wav=00;36:*.oga=00;36:*.opus=00;36:*.spx=00;36:*.xspf=00;36:', 'AMENT_PREFIX_PATH': '/home/rob1/eeng_462/lab4/install/sllidar_ros2:/home/rob1/eeng_462/lab4/install/slam_toolbox:/home/rob1/eeng_462/lab4/install/mecanum_robot:/home/rob1/eeng_462/lab4/install/slam_gmapping:/home/rob1/eeng_462/lab4/install/rplidar_ros:/home/rob1/eeng_462/lab4/install/openslam_gmapping:/opt/ros/humble', 'ROS_DOMAIN_ID': '101', 'SHELL': '/usr/bin/zsh', 'QT_ACCESSIBILITY': '1', 'GDMSESSION': 'i3', 'GPG_AGENT_INFO': '/run/user/1000/gnupg/S.gpg-agent:0:1', 'QT_IM_MODULE': 'ibus', 'XDG_VTNR': '2', 'PWD': '/home/rob1/eeng_462/lab4/build/mecanum_robot', 'XDG_CONFIG_DIRS': '/etc/xdg/xdg-i3:/etc/xdg', 'XDG_DATA_DIRS': '/usr/share/i3:/usr/share/gnome:/usr/local/share/:/usr/share/:/var/lib/snapd/desktop', 'CLUTTER_IM_MODULE': 'ibus', 'PYTHONPATH': '/home/rob1/eeng_462/lab4/build/mecanum_robot/prefix_override:/usr/lib/python3/dist-packages/colcon_core/task/python/colcon_distutils_commands:/home/rob1/eeng_462/lab4/install/mecanum_robot/lib/python3.10/site-packages:/home/rob1/eeng_462/lab4/install/slam_toolbox/local/lib/python3.10/dist-packages:/home/rob1/eeng_462/lab4/install/mecanum_robot/lib/python3.10/site-packages:/opt/ros/humble/lib/python3.10/site-packages:/opt/ros/humble/local/lib/python3.10/dist-packages', 'I3SOCK': '/run/user/1000/i3/ipc-socket.1866', 'COLCON': '1', 'VTE_VERSION': '6800', 'CMAKE_PREFIX_PATH': '/home/rob1/eeng_462/lab4/install/rplidar_ros:/home/rob1/eeng_462/lab4/install/sllidar_ros2:/home/rob1/eeng_462/lab4/install/slam_toolbox:/home/rob1/eeng_462/lab4/install/slam_gmapping:/home/rob1/eeng_462/lab4/install/openslam_gmapping'}, 'shell': False}
[2.004303] (-) TimerEvent: {}
[2.105023] (-) TimerEvent: {}
[2.205714] (-) TimerEvent: {}
[2.306218] (-) TimerEvent: {}
[2.406765] (-) TimerEvent: {}
[2.507237] (-) TimerEvent: {}
[2.547986] (mecanum_robot) StdoutLine: {'line': b'running egg_info\n'}
[2.549509] (mecanum_robot) StdoutLine: {'line': b'writing ../../build/mecanum_robot/mecanum_robot.egg-info/PKG-INFO\n'}
[2.550076] (mecanum_robot) StdoutLine: {'line': b'writing dependency_links to ../../build/mecanum_robot/mecanum_robot.egg-info/dependency_links.txt\n'}
[2.550438] (mecanum_robot) StdoutLine: {'line': b'writing entry points to ../../build/mecanum_robot/mecanum_robot.egg-info/entry_points.txt\n'}
[2.550738] (mecanum_robot) StdoutLine: {'line': b'writing requirements to ../../build/mecanum_robot/mecanum_robot.egg-info/requires.txt\n'}
[2.550983] (mecanum_robot) StdoutLine: {'line': b'writing top-level names to ../../build/mecanum_robot/mecanum_robot.egg-info/top_level.txt\n'}
[2.555055] (mecanum_robot) StdoutLine: {'line': b"reading manifest file '../../build/mecanum_robot/mecanum_robot.egg-info/SOURCES.txt'\n"}
[2.555521] (mecanum_robot) StdoutLine: {'line': b"adding license file 'LICENSE'\n"}
[2.557238] (mecanum_robot) StdoutLine: {'line': b"writing manifest file '../../build/mecanum_robot/mecanum_robot.egg-info/SOURCES.txt'\n"}
[2.557485] (mecanum_robot) StdoutLine: {'line': b'running build\n'}
[2.557671] (mecanum_robot) StdoutLine: {'line': b'running build_py\n'}
[2.558229] (mecanum_robot) StdoutLine: {'line': b'running install\n'}
[2.558929] (mecanum_robot) StdoutLine: {'line': b'running install_lib\n'}
[2.561524] (mecanum_robot) StdoutLine: {'line': b'running install_data\n'}
[2.561908] (mecanum_robot) StdoutLine: {'line': b'copying launch/mecanum_robot_launch.py -> /home/rob1/eeng_462/lab4/install/mecanum_robot/share/mecanum_robot/launch\n'}
[2.562276] (mecanum_robot) StdoutLine: {'line': b'running install_egg_info\n'}
[2.566197] (mecanum_robot) StdoutLine: {'line': b"removing '/home/rob1/eeng_462/lab4/install/mecanum_robot/lib/python3.10/site-packages/mecanum_robot-0.0.0-py3.10.egg-info' (and everything under it)\n"}
[2.566967] (mecanum_robot) StdoutLine: {'line': b'Copying ../../build/mecanum_robot/mecanum_robot.egg-info to /home/rob1/eeng_462/lab4/install/mecanum_robot/lib/python3.10/site-packages/mecanum_robot-0.0.0-py3.10.egg-info\n'}
[2.569055] (mecanum_robot) StdoutLine: {'line': b'running install_scripts\n'}
[2.607350] (-) TimerEvent: {}
[2.615035] (mecanum_robot) StdoutLine: {'line': b'Installing mecanum_robot script to /home/rob1/eeng_462/lab4/install/mecanum_robot/lib/mecanum_robot\n'}
[2.615922] (mecanum_robot) StdoutLine: {'line': b"writing list of installed files to '/home/rob1/eeng_462/lab4/build/mecanum_robot/install.log'\n"}
[2.686240] (mecanum_robot) CommandEnded: {'returncode': 0}
[2.706844] (mecanum_robot) JobEnded: {'identifier': 'mecanum_robot', 'rc': 0}
[2.709488] (-) TimerEvent: {}
[2.709695] (-) EventReactorShutdown: {}
