[0.000000] (-) TimerEvent: {}
[0.001057] (rplidar_ros) JobQueued: {'identifier': 'rplidar_ros', 'dependencies': OrderedDict()}
[0.001383] (slam_toolbox) JobQueued: {'identifier': 'slam_toolbox', 'dependencies': OrderedDict()}
[0.001502] (mecanum_robot) JobQueued: {'identifier': 'mecanum_robot', 'dependencies': OrderedDict([('rplidar_ros', '/home/rob1/eeng_462/lab4/install/rplidar_ros')])}
[0.001693] (rplidar_ros) JobStarted: {'identifier': 'rplidar_ros'}
[0.017948] (slam_toolbox) JobStarted: {'identifier': 'slam_toolbox'}
[0.029931] (rplidar_ros) JobProgress: {'identifier': 'rplidar_ros', 'progress': 'cmake'}
[0.030975] (rplidar_ros) JobProgress: {'identifier': 'rplidar_ros', 'progress': 'build'}
[0.032533] (rplidar_ros) Command: {'cmd': ['/usr/bin/cmake', '--build', '/home/rob1/eeng_462/lab4/build/rplidar_ros', '--', '-j6', '-l6'], 'cwd': '/home/rob1/eeng_462/lab4/build/rplidar_ros', 'env': OrderedDict([('USER', 'rob1'), ('XDG_SEAT', 'seat0'), ('XDG_SESSION_TYPE', 'x11'), ('SHLVL', '1'), ('LD_LIBRARY_PATH', '/home/rob1/eeng_462/lab4/install/slam_toolbox/lib:/home/rob1/eeng_462/lab4/install/openslam_gmapping/lib:/opt/ros/humble/opt/rviz_ogre_vendor/lib:/opt/ros/humble/lib/aarch64-linux-gnu:/opt/ros/humble/lib'), ('HOME', '/home/rob1'), ('OLDPWD', '/home/rob1/eeng_462'), ('LESS', '-R'), ('DESKTOP_SESSION', 'i3'), ('ZSH', '/home/rob1/.oh-my-zsh'), ('LSCOLORS', 'Gxfxcxdxbxegedabagacad'), ('GTK_MODULES', 'gail:atk-bridge'), ('PAGER', 'less'), ('ROS_PYTHON_VERSION', '3'), ('SYSTEMD_EXEC_PID', '1839'), ('DBUS_SESSION_BUS_ADDRESS', 'unix:path=/run/user/1000/bus'), ('COLORTERM', 'truecolor'), ('_colcon_cd_root', '/opt/ros/humble/'), ('ROS_DISTRO', 'humble'), ('COLCON_PREFIX_PATH', '/home/rob1/eeng_462/lab4/install'), ('GTK_IM_MODULE', 'ibus'), ('LOGNAME', 'rob1'), ('_', '/usr/bin/colcon'), ('XDG_SESSION_CLASS', 'user'), ('ROS_VERSION', '2'), ('XDG_SESSION_ID', '2'), ('USERNAME', 'rob1'), ('TERM', 'xterm-256color'), ('ROS_LOCALHOST_ONLY', '0'), ('WINDOWPATH', '2'), ('PATH', '/opt/ros/humble/bin:/home/rob1/.local/bin:/usr/local/sbin:/usr/local/bin:/usr/sbin:/usr/bin:/sbin:/bin:/usr/games:/usr/local/games:/snap/bin:/snap/bin'), ('GNOME_TERMINAL_SCREEN', '/org/gnome/Terminal/screen/5b3aaf95_5539_44c3_9ed1_359fd9d6f4f9'), ('XDG_RUNTIME_DIR', '/run/user/1000'), ('DISPLAY', ':1'), ('LANG', 'en_US.UTF-8'), ('XDG_CURRENT_DESKTOP', 'i3'), ('XDG_SESSION_DESKTOP', 'i3'), ('GNOME_TERMINAL_SERVICE', ':1.45'), ('XMODIFIERS', '@im=ibus'), ('XAUTHORITY', '/run/user/1000/gdm/Xauthority'), ('LS_COLORS', 'rs=0:di=01;34:ln=01;36:mh=00:pi=40;33:so=01;35:do=01;35:bd=40;33;01:cd=40;33;01:or=40;31;01:mi=00:su=37;41:sg=30;43:ca=30;41:tw=30;42:ow=34;42:st=37;44:ex=01;32:*.tar=01;31:*.tgz=01;31:*.arc=01;31:*.arj=01;31:*.taz=01;31:*.lha=01;31:*.lz4=01;31:*.lzh=01;31:*.lzma=01;31:*.tlz=01;31:*.txz=01;31:*.tzo=01;31:*.t7z=01;31:*.zip=01;31:*.z=01;31:*.dz=01;31:*.gz=01;31:*.lrz=01;31:*.lz=01;31:*.lzo=01;31:*.xz=01;31:*.zst=01;31:*.tzst=01;31:*.bz2=01;31:*.bz=01;31:*.tbz=01;31:*.tbz2=01;31:*.tz=01;31:*.deb=01;31:*.rpm=01;31:*.jar=01;31:*.war=01;31:*.ear=01;31:*.sar=01;31:*.rar=01;31:*.alz=01;31:*.ace=01;31:*.zoo=01;31:*.cpio=01;31:*.7z=01;31:*.rz=01;31:*.cab=01;31:*.wim=01;31:*.swm=01;31:*.dwm=01;31:*.esd=01;31:*.jpg=01;35:*.jpeg=01;35:*.mjpg=01;35:*.mjpeg=01;35:*.gif=01;35:*.bmp=01;35:*.pbm=01;35:*.pgm=01;35:*.ppm=01;35:*.tga=01;35:*.xbm=01;35:*.xpm=01;35:*.tif=01;35:*.tiff=01;35:*.png=01;35:*.svg=01;35:*.svgz=01;35:*.mng=01;35:*.pcx=01;35:*.mov=01;35:*.mpg=01;35:*.mpeg=01;35:*.m2v=01;35:*.mkv=01;35:*.webm=01;35:*.webp=01;35:*.ogm=01;35:*.mp4=01;35:*.m4v=01;35:*.mp4v=01;35:*.vob=01;35:*.qt=01;35:*.nuv=01;35:*.wmv=01;35:*.asf=01;35:*.rm=01;35:*.rmvb=01;35:*.flc=01;35:*.avi=01;35:*.fli=01;35:*.flv=01;35:*.gl=01;35:*.dl=01;35:*.xcf=01;35:*.xwd=01;35:*.yuv=01;35:*.cgm=01;35:*.emf=01;35:*.ogv=01;35:*.ogx=01;35:*.aac=00;36:*.au=00;36:*.flac=00;36:*.m4a=00;36:*.mid=00;36:*.midi=00;36:*.mka=00;36:*.mp3=00;36:*.mpc=00;36:*.ogg=00;36:*.ra=00;36:*.wav=00;36:*.oga=00;36:*.opus=00;36:*.spx=00;36:*.xspf=00;36:'), ('AMENT_PREFIX_PATH', '/home/rob1/eeng_462/lab4/install/sllidar_ros2:/home/rob1/eeng_462/lab4/install/slam_toolbox:/home/rob1/eeng_462/lab4/install/mecanum_robot:/home/rob1/eeng_462/lab4/install/slam_gmapping:/home/rob1/eeng_462/lab4/install/rplidar_ros:/home/rob1/eeng_462/lab4/install/openslam_gmapping:/opt/ros/humble'), ('ROS_DOMAIN_ID', '101'), ('SHELL', '/usr/bin/zsh'), ('QT_ACCESSIBILITY', '1'), ('GDMSESSION', 'i3'), ('GPG_AGENT_INFO', '/run/user/1000/gnupg/S.gpg-agent:0:1'), ('QT_IM_MODULE', 'ibus'), ('XDG_VTNR', '2'), ('PWD', '/home/rob1/eeng_462/lab4/build/rplidar_ros'), ('XDG_CONFIG_DIRS', '/etc/xdg/xdg-i3:/etc/xdg'), ('XDG_DATA_DIRS', '/usr/share/i3:/usr/share/gnome:/usr/local/share/:/usr/share/:/var/lib/snapd/desktop'), ('CLUTTER_IM_MODULE', 'ibus'), ('PYTHONPATH', '/home/rob1/eeng_462/lab4/install/slam_toolbox/local/lib/python3.10/dist-packages:/home/rob1/eeng_462/lab4/install/mecanum_robot/lib/python3.10/site-packages:/opt/ros/humble/lib/python3.10/site-packages:/opt/ros/humble/local/lib/python3.10/dist-packages'), ('I3SOCK', '/run/user/1000/i3/ipc-socket.1870'), ('COLCON', '1'), ('VTE_VERSION', '6800'), ('CMAKE_PREFIX_PATH', '/home/rob1/eeng_462/lab4/install/sllidar_ros2:/home/rob1/eeng_462/lab4/install/slam_toolbox:/home/rob1/eeng_462/lab4/install/slam_gmapping:/home/rob1/eeng_462/lab4/install/mecanum_robot:/opt/ros/humble:/home/rob1/eeng_462/lab4/install/rplidar_ros:/home/rob1/eeng_462/lab4/install/openslam_gmapping')]), 'shell': False}
[0.041348] (slam_toolbox) JobProgress: {'identifier': 'slam_toolbox', 'progress': 'cmake'}
[0.043763] (slam_toolbox) JobProgress: {'identifier': 'slam_toolbox', 'progress': 'build'}
[0.044667] (slam_toolbox) Command: {'cmd': ['/usr/bin/cmake', '--build', '/home/rob1/eeng_462/lab4/build/slam_toolbox', '--', '-j6', '-l6'], 'cwd': '/home/rob1/eeng_462/lab4/build/slam_toolbox', 'env': OrderedDict([('USER', 'rob1'), ('XDG_SEAT', 'seat0'), ('XDG_SESSION_TYPE', 'x11'), ('SHLVL', '1'), ('LD_LIBRARY_PATH', '/home/rob1/eeng_462/lab4/install/slam_toolbox/lib:/home/rob1/eeng_462/lab4/install/openslam_gmapping/lib:/opt/ros/humble/opt/rviz_ogre_vendor/lib:/opt/ros/humble/lib/aarch64-linux-gnu:/opt/ros/humble/lib'), ('HOME', '/home/rob1'), ('OLDPWD', '/home/rob1/eeng_462'), ('LESS', '-R'), ('DESKTOP_SESSION', 'i3'), ('ZSH', '/home/rob1/.oh-my-zsh'), ('LSCOLORS', 'Gxfxcxdxbxegedabagacad'), ('GTK_MODULES', 'gail:atk-bridge'), ('PAGER', 'less'), ('ROS_PYTHON_VERSION', '3'), ('SYSTEMD_EXEC_PID', '1839'), ('DBUS_SESSION_BUS_ADDRESS', 'unix:path=/run/user/1000/bus'), ('COLORTERM', 'truecolor'), ('_colcon_cd_root', '/opt/ros/humble/'), ('ROS_DISTRO', 'humble'), ('COLCON_PREFIX_PATH', '/home/rob1/eeng_462/lab4/install'), ('GTK_IM_MODULE', 'ibus'), ('LOGNAME', 'rob1'), ('_', '/usr/bin/colcon'), ('XDG_SESSION_CLASS', 'user'), ('ROS_VERSION', '2'), ('XDG_SESSION_ID', '2'), ('USERNAME', 'rob1'), ('TERM', 'xterm-256color'), ('ROS_LOCALHOST_ONLY', '0'), ('WINDOWPATH', '2'), ('PATH', '/opt/ros/humble/bin:/home/rob1/.local/bin:/usr/local/sbin:/usr/local/bin:/usr/sbin:/usr/bin:/sbin:/bin:/usr/games:/usr/local/games:/snap/bin:/snap/bin'), ('GNOME_TERMINAL_SCREEN', '/org/gnome/Terminal/screen/5b3aaf95_5539_44c3_9ed1_359fd9d6f4f9'), ('XDG_RUNTIME_DIR', '/run/user/1000'), ('DISPLAY', ':1'), ('LANG', 'en_US.UTF-8'), ('XDG_CURRENT_DESKTOP', 'i3'), ('XDG_SESSION_DESKTOP', 'i3'), ('GNOME_TERMINAL_SERVICE', ':1.45'), ('XMODIFIERS', '@im=ibus'), ('XAUTHORITY', '/run/user/1000/gdm/Xauthority'), ('LS_COLORS', 'rs=0:di=01;34:ln=01;36:mh=00:pi=40;33:so=01;35:do=01;35:bd=40;33;01:cd=40;33;01:or=40;31;01:mi=00:su=37;41:sg=30;43:ca=30;41:tw=30;42:ow=34;42:st=37;44:ex=01;32:*.tar=01;31:*.tgz=01;31:*.arc=01;31:*.arj=01;31:*.taz=01;31:*.lha=01;31:*.lz4=01;31:*.lzh=01;31:*.lzma=01;31:*.tlz=01;31:*.txz=01;31:*.tzo=01;31:*.t7z=01;31:*.zip=01;31:*.z=01;31:*.dz=01;31:*.gz=01;31:*.lrz=01;31:*.lz=01;31:*.lzo=01;31:*.xz=01;31:*.zst=01;31:*.tzst=01;31:*.bz2=01;31:*.bz=01;31:*.tbz=01;31:*.tbz2=01;31:*.tz=01;31:*.deb=01;31:*.rpm=01;31:*.jar=01;31:*.war=01;31:*.ear=01;31:*.sar=01;31:*.rar=01;31:*.alz=01;31:*.ace=01;31:*.zoo=01;31:*.cpio=01;31:*.7z=01;31:*.rz=01;31:*.cab=01;31:*.wim=01;31:*.swm=01;31:*.dwm=01;31:*.esd=01;31:*.jpg=01;35:*.jpeg=01;35:*.mjpg=01;35:*.mjpeg=01;35:*.gif=01;35:*.bmp=01;35:*.pbm=01;35:*.pgm=01;35:*.ppm=01;35:*.tga=01;35:*.xbm=01;35:*.xpm=01;35:*.tif=01;35:*.tiff=01;35:*.png=01;35:*.svg=01;35:*.svgz=01;35:*.mng=01;35:*.pcx=01;35:*.mov=01;35:*.mpg=01;35:*.mpeg=01;35:*.m2v=01;35:*.mkv=01;35:*.webm=01;35:*.webp=01;35:*.ogm=01;35:*.mp4=01;35:*.m4v=01;35:*.mp4v=01;35:*.vob=01;35:*.qt=01;35:*.nuv=01;35:*.wmv=01;35:*.asf=01;35:*.rm=01;35:*.rmvb=01;35:*.flc=01;35:*.avi=01;35:*.fli=01;35:*.flv=01;35:*.gl=01;35:*.dl=01;35:*.xcf=01;35:*.xwd=01;35:*.yuv=01;35:*.cgm=01;35:*.emf=01;35:*.ogv=01;35:*.ogx=01;35:*.aac=00;36:*.au=00;36:*.flac=00;36:*.m4a=00;36:*.mid=00;36:*.midi=00;36:*.mka=00;36:*.mp3=00;36:*.mpc=00;36:*.ogg=00;36:*.ra=00;36:*.wav=00;36:*.oga=00;36:*.opus=00;36:*.spx=00;36:*.xspf=00;36:'), ('AMENT_PREFIX_PATH', '/home/rob1/eeng_462/lab4/install/sllidar_ros2:/home/rob1/eeng_462/lab4/install/slam_toolbox:/home/rob1/eeng_462/lab4/install/mecanum_robot:/home/rob1/eeng_462/lab4/install/slam_gmapping:/home/rob1/eeng_462/lab4/install/rplidar_ros:/home/rob1/eeng_462/lab4/install/openslam_gmapping:/opt/ros/humble'), ('ROS_DOMAIN_ID', '101'), ('SHELL', '/usr/bin/zsh'), ('QT_ACCESSIBILITY', '1'), ('GDMSESSION', 'i3'), ('GPG_AGENT_INFO', '/run/user/1000/gnupg/S.gpg-agent:0:1'), ('QT_IM_MODULE', 'ibus'), ('XDG_VTNR', '2'), ('PWD', '/home/rob1/eeng_462/lab4/build/slam_toolbox'), ('XDG_CONFIG_DIRS', '/etc/xdg/xdg-i3:/etc/xdg'), ('XDG_DATA_DIRS', '/usr/share/i3:/usr/share/gnome:/usr/local/share/:/usr/share/:/var/lib/snapd/desktop'), ('CLUTTER_IM_MODULE', 'ibus'), ('PYTHONPATH', '/home/rob1/eeng_462/lab4/install/slam_toolbox/local/lib/python3.10/dist-packages:/home/rob1/eeng_462/lab4/install/mecanum_robot/lib/python3.10/site-packages:/opt/ros/humble/lib/python3.10/site-packages:/opt/ros/humble/local/lib/python3.10/dist-packages'), ('I3SOCK', '/run/user/1000/i3/ipc-socket.1870'), ('COLCON', '1'), ('VTE_VERSION', '6800'), ('CMAKE_PREFIX_PATH', '/home/rob1/eeng_462/lab4/install/sllidar_ros2:/home/rob1/eeng_462/lab4/install/slam_toolbox:/home/rob1/eeng_462/lab4/install/slam_gmapping:/home/rob1/eeng_462/lab4/install/mecanum_robot:/opt/ros/humble:/home/rob1/eeng_462/lab4/install/rplidar_ros:/home/rob1/eeng_462/lab4/install/openslam_gmapping')]), 'shell': False}
[0.098857] (-) TimerEvent: {}
[0.197904] (slam_toolbox) StdoutLine: {'line': b'[  9%] Built target slam_toolbox__rosidl_generator_c\n'}
[0.198940] (-) TimerEvent: {}
[0.203296] (slam_toolbox) StdoutLine: {'line': b'[ 10%] Built target slam_toolbox__cpp\n'}
[0.208889] (slam_toolbox) StdoutLine: {'line': b'[ 10%] Built target ament_cmake_python_symlink_slam_toolbox\n'}
[0.217583] (rplidar_ros) StdoutLine: {'line': b'[ 28%] Built target rplidar_client\n'}
[0.218235] (rplidar_ros) StdoutLine: {'line': b'[ 52%] Built target rplidar_node\n'}
[0.223892] (rplidar_ros) StdoutLine: {'line': b'[100%] Built target rplidar_composition\n'}
[0.250423] (rplidar_ros) CommandEnded: {'returncode': 0}
[0.252053] (rplidar_ros) JobProgress: {'identifier': 'rplidar_ros', 'progress': 'install'}
[0.268405] (slam_toolbox) StdoutLine: {'line': b'[ 14%] Built target kartoSlamToolbox\n'}
[0.269027] (slam_toolbox) StdoutLine: {'line': b'[ 20%] Built target slam_toolbox__rosidl_typesupport_introspection_c\n'}
[0.273229] (rplidar_ros) Command: {'cmd': ['/usr/bin/cmake', '--install', '/home/rob1/eeng_462/lab4/build/rplidar_ros'], 'cwd': '/home/rob1/eeng_462/lab4/build/rplidar_ros', 'env': OrderedDict([('USER', 'rob1'), ('XDG_SEAT', 'seat0'), ('XDG_SESSION_TYPE', 'x11'), ('SHLVL', '1'), ('LD_LIBRARY_PATH', '/home/rob1/eeng_462/lab4/install/slam_toolbox/lib:/home/rob1/eeng_462/lab4/install/openslam_gmapping/lib:/opt/ros/humble/opt/rviz_ogre_vendor/lib:/opt/ros/humble/lib/aarch64-linux-gnu:/opt/ros/humble/lib'), ('HOME', '/home/rob1'), ('OLDPWD', '/home/rob1/eeng_462'), ('LESS', '-R'), ('DESKTOP_SESSION', 'i3'), ('ZSH', '/home/rob1/.oh-my-zsh'), ('LSCOLORS', 'Gxfxcxdxbxegedabagacad'), ('GTK_MODULES', 'gail:atk-bridge'), ('PAGER', 'less'), ('ROS_PYTHON_VERSION', '3'), ('SYSTEMD_EXEC_PID', '1839'), ('DBUS_SESSION_BUS_ADDRESS', 'unix:path=/run/user/1000/bus'), ('COLORTERM', 'truecolor'), ('_colcon_cd_root', '/opt/ros/humble/'), ('ROS_DISTRO', 'humble'), ('COLCON_PREFIX_PATH', '/home/rob1/eeng_462/lab4/install'), ('GTK_IM_MODULE', 'ibus'), ('LOGNAME', 'rob1'), ('_', '/usr/bin/colcon'), ('XDG_SESSION_CLASS', 'user'), ('ROS_VERSION', '2'), ('XDG_SESSION_ID', '2'), ('USERNAME', 'rob1'), ('TERM', 'xterm-256color'), ('ROS_LOCALHOST_ONLY', '0'), ('WINDOWPATH', '2'), ('PATH', '/opt/ros/humble/bin:/home/rob1/.local/bin:/usr/local/sbin:/usr/local/bin:/usr/sbin:/usr/bin:/sbin:/bin:/usr/games:/usr/local/games:/snap/bin:/snap/bin'), ('GNOME_TERMINAL_SCREEN', '/org/gnome/Terminal/screen/5b3aaf95_5539_44c3_9ed1_359fd9d6f4f9'), ('XDG_RUNTIME_DIR', '/run/user/1000'), ('DISPLAY', ':1'), ('LANG', 'en_US.UTF-8'), ('XDG_CURRENT_DESKTOP', 'i3'), ('XDG_SESSION_DESKTOP', 'i3'), ('GNOME_TERMINAL_SERVICE', ':1.45'), ('XMODIFIERS', '@im=ibus'), ('XAUTHORITY', '/run/user/1000/gdm/Xauthority'), ('LS_COLORS', 'rs=0:di=01;34:ln=01;36:mh=00:pi=40;33:so=01;35:do=01;35:bd=40;33;01:cd=40;33;01:or=40;31;01:mi=00:su=37;41:sg=30;43:ca=30;41:tw=30;42:ow=34;42:st=37;44:ex=01;32:*.tar=01;31:*.tgz=01;31:*.arc=01;31:*.arj=01;31:*.taz=01;31:*.lha=01;31:*.lz4=01;31:*.lzh=01;31:*.lzma=01;31:*.tlz=01;31:*.txz=01;31:*.tzo=01;31:*.t7z=01;31:*.zip=01;31:*.z=01;31:*.dz=01;31:*.gz=01;31:*.lrz=01;31:*.lz=01;31:*.lzo=01;31:*.xz=01;31:*.zst=01;31:*.tzst=01;31:*.bz2=01;31:*.bz=01;31:*.tbz=01;31:*.tbz2=01;31:*.tz=01;31:*.deb=01;31:*.rpm=01;31:*.jar=01;31:*.war=01;31:*.ear=01;31:*.sar=01;31:*.rar=01;31:*.alz=01;31:*.ace=01;31:*.zoo=01;31:*.cpio=01;31:*.7z=01;31:*.rz=01;31:*.cab=01;31:*.wim=01;31:*.swm=01;31:*.dwm=01;31:*.esd=01;31:*.jpg=01;35:*.jpeg=01;35:*.mjpg=01;35:*.mjpeg=01;35:*.gif=01;35:*.bmp=01;35:*.pbm=01;35:*.pgm=01;35:*.ppm=01;35:*.tga=01;35:*.xbm=01;35:*.xpm=01;35:*.tif=01;35:*.tiff=01;35:*.png=01;35:*.svg=01;35:*.svgz=01;35:*.mng=01;35:*.pcx=01;35:*.mov=01;35:*.mpg=01;35:*.mpeg=01;35:*.m2v=01;35:*.mkv=01;35:*.webm=01;35:*.webp=01;35:*.ogm=01;35:*.mp4=01;35:*.m4v=01;35:*.mp4v=01;35:*.vob=01;35:*.qt=01;35:*.nuv=01;35:*.wmv=01;35:*.asf=01;35:*.rm=01;35:*.rmvb=01;35:*.flc=01;35:*.avi=01;35:*.fli=01;35:*.flv=01;35:*.gl=01;35:*.dl=01;35:*.xcf=01;35:*.xwd=01;35:*.yuv=01;35:*.cgm=01;35:*.emf=01;35:*.ogv=01;35:*.ogx=01;35:*.aac=00;36:*.au=00;36:*.flac=00;36:*.m4a=00;36:*.mid=00;36:*.midi=00;36:*.mka=00;36:*.mp3=00;36:*.mpc=00;36:*.ogg=00;36:*.ra=00;36:*.wav=00;36:*.oga=00;36:*.opus=00;36:*.spx=00;36:*.xspf=00;36:'), ('AMENT_PREFIX_PATH', '/home/rob1/eeng_462/lab4/install/sllidar_ros2:/home/rob1/eeng_462/lab4/install/slam_toolbox:/home/rob1/eeng_462/lab4/install/mecanum_robot:/home/rob1/eeng_462/lab4/install/slam_gmapping:/home/rob1/eeng_462/lab4/install/rplidar_ros:/home/rob1/eeng_462/lab4/install/openslam_gmapping:/opt/ros/humble'), ('ROS_DOMAIN_ID', '101'), ('SHELL', '/usr/bin/zsh'), ('QT_ACCESSIBILITY', '1'), ('GDMSESSION', 'i3'), ('GPG_AGENT_INFO', '/run/user/1000/gnupg/S.gpg-agent:0:1'), ('QT_IM_MODULE', 'ibus'), ('XDG_VTNR', '2'), ('PWD', '/home/rob1/eeng_462/lab4/build/rplidar_ros'), ('XDG_CONFIG_DIRS', '/etc/xdg/xdg-i3:/etc/xdg'), ('XDG_DATA_DIRS', '/usr/share/i3:/usr/share/gnome:/usr/local/share/:/usr/share/:/var/lib/snapd/desktop'), ('CLUTTER_IM_MODULE', 'ibus'), ('PYTHONPATH', '/home/rob1/eeng_462/lab4/install/slam_toolbox/local/lib/python3.10/dist-packages:/home/rob1/eeng_462/lab4/install/mecanum_robot/lib/python3.10/site-packages:/opt/ros/humble/lib/python3.10/site-packages:/opt/ros/humble/local/lib/python3.10/dist-packages'), ('I3SOCK', '/run/user/1000/i3/ipc-socket.1870'), ('COLCON', '1'), ('VTE_VERSION', '6800'), ('CMAKE_PREFIX_PATH', '/home/rob1/eeng_462/lab4/install/sllidar_ros2:/home/rob1/eeng_462/lab4/install/slam_toolbox:/home/rob1/eeng_462/lab4/install/slam_gmapping:/home/rob1/eeng_462/lab4/install/mecanum_robot:/opt/ros/humble:/home/rob1/eeng_462/lab4/install/rplidar_ros:/home/rob1/eeng_462/lab4/install/openslam_gmapping')]), 'shell': False}
[0.274268] (slam_toolbox) StdoutLine: {'line': b'[ 29%] Built target slam_toolbox__rosidl_typesupport_fastrtps_c\n'}
[0.283762] (slam_toolbox) StdoutLine: {'line': b'[ 37%] Built target slam_toolbox__rosidl_typesupport_introspection_cpp\n'}
[0.288338] (rplidar_ros) StdoutLine: {'line': b'-- Install configuration: ""\n'}
[0.288787] (slam_toolbox) StdoutLine: {'line': b'[ 45%] Built target slam_toolbox__rosidl_typesupport_c\n'}
[0.290060] (rplidar_ros) StdoutLine: {'line': b'-- Execute custom install script\n'}
[0.291806] (rplidar_ros) StdoutLine: {'line': b'-- Symlinking: /home/rob1/eeng_462/lab4/install/rplidar_ros/share/rplidar_ros/launch/.rplidar_a1_launch.py.swp\n'}
[0.299173] (-) TimerEvent: {}
[0.313357] (rplidar_ros) StdoutLine: {'line': b'-- Up-to-date symlink: /home/rob1/eeng_462/lab4/install/rplidar_ros/share/rplidar_ros/launch/rplidar_a1_launch.py\n'}
[0.314435] (rplidar_ros) StdoutLine: {'line': b'-- Up-to-date symlink: /home/rob1/eeng_462/lab4/install/rplidar_ros/share/rplidar_ros/launch/rplidar_a2m12_launch.py\n'}
[0.315340] (rplidar_ros) StdoutLine: {'line': b'-- Up-to-date symlink: /home/rob1/eeng_462/lab4/install/rplidar_ros/share/rplidar_ros/launch/rplidar_a2m7_launch.py\n'}
[0.316174] (rplidar_ros) StdoutLine: {'line': b'-- Up-to-date symlink: /home/rob1/eeng_462/lab4/install/rplidar_ros/share/rplidar_ros/launch/rplidar_a2m8_launch.py\n'}
[0.316524] (rplidar_ros) StdoutLine: {'line': b'-- Up-to-date symlink: /home/rob1/eeng_462/lab4/install/rplidar_ros/share/rplidar_ros/launch/rplidar_a3_launch.py\n'}
[0.316821] (rplidar_ros) StdoutLine: {'line': b'-- Up-to-date symlink: /home/rob1/eeng_462/lab4/install/rplidar_ros/share/rplidar_ros/launch/rplidar_c1_launch.py\n'}
[0.317141] (rplidar_ros) StdoutLine: {'line': b'-- Up-to-date symlink: /home/rob1/eeng_462/lab4/install/rplidar_ros/share/rplidar_ros/launch/rplidar_s1_launch.py\n'}
[0.317450] (rplidar_ros) StdoutLine: {'line': b'-- Up-to-date symlink: /home/rob1/eeng_462/lab4/install/rplidar_ros/share/rplidar_ros/launch/rplidar_s1_tcp_launch.py\n'}
[0.317747] (rplidar_ros) StdoutLine: {'line': b'-- Up-to-date symlink: /home/rob1/eeng_462/lab4/install/rplidar_ros/share/rplidar_ros/launch/rplidar_s2_launch.py\n'}
[0.318090] (rplidar_ros) StdoutLine: {'line': b'-- Up-to-date symlink: /home/rob1/eeng_462/lab4/install/rplidar_ros/share/rplidar_ros/launch/rplidar_s2e_launch.py\n'}
[0.318412] (rplidar_ros) StdoutLine: {'line': b'-- Up-to-date symlink: /home/rob1/eeng_462/lab4/install/rplidar_ros/share/rplidar_ros/launch/rplidar_s3_launch.py\n'}
[0.318713] (rplidar_ros) StdoutLine: {'line': b'-- Up-to-date symlink: /home/rob1/eeng_462/lab4/install/rplidar_ros/share/rplidar_ros/launch/rplidar_t1_launch.py\n'}
[0.319009] (rplidar_ros) StdoutLine: {'line': b'-- Up-to-date symlink: /home/rob1/eeng_462/lab4/install/rplidar_ros/share/rplidar_ros/launch/view_rplidar_a1_launch.py\n'}
[0.319371] (rplidar_ros) StdoutLine: {'line': b'-- Up-to-date symlink: /home/rob1/eeng_462/lab4/install/rplidar_ros/share/rplidar_ros/launch/view_rplidar_a2m12_launch.py\n'}
[0.319697] (rplidar_ros) StdoutLine: {'line': b'-- Up-to-date symlink: /home/rob1/eeng_462/lab4/install/rplidar_ros/share/rplidar_ros/launch/view_rplidar_a2m7_launch.py\n'}
[0.319997] (rplidar_ros) StdoutLine: {'line': b'-- Up-to-date symlink: /home/rob1/eeng_462/lab4/install/rplidar_ros/share/rplidar_ros/launch/view_rplidar_a2m8_launch.py\n'}
[0.320301] (rplidar_ros) StdoutLine: {'line': b'-- Up-to-date symlink: /home/rob1/eeng_462/lab4/install/rplidar_ros/share/rplidar_ros/launch/view_rplidar_a3_launch.py\n'}
[0.320604] (rplidar_ros) StdoutLine: {'line': b'-- Up-to-date symlink: /home/rob1/eeng_462/lab4/install/rplidar_ros/share/rplidar_ros/launch/view_rplidar_c1_launch.py\n'}
[0.320891] (rplidar_ros) StdoutLine: {'line': b'-- Up-to-date symlink: /home/rob1/eeng_462/lab4/install/rplidar_ros/share/rplidar_ros/launch/view_rplidar_s1_launch.py\n'}
[0.321192] (rplidar_ros) StdoutLine: {'line': b'-- Up-to-date symlink: /home/rob1/eeng_462/lab4/install/rplidar_ros/share/rplidar_ros/launch/view_rplidar_s1_tcp_launch.py\n'}
[0.321471] (rplidar_ros) StdoutLine: {'line': b'-- Up-to-date symlink: /home/rob1/eeng_462/lab4/install/rplidar_ros/share/rplidar_ros/launch/view_rplidar_s2_launch.py\n'}
[0.321755] (rplidar_ros) StdoutLine: {'line': b'-- Up-to-date symlink: /home/rob1/eeng_462/lab4/install/rplidar_ros/share/rplidar_ros/launch/view_rplidar_s2e_launch.py\n'}
[0.322045] (rplidar_ros) StdoutLine: {'line': b'-- Up-to-date symlink: /home/rob1/eeng_462/lab4/install/rplidar_ros/share/rplidar_ros/launch/view_rplidar_s3_launch.py\n'}
[0.322334] (rplidar_ros) StdoutLine: {'line': b'-- Up-to-date symlink: /home/rob1/eeng_462/lab4/install/rplidar_ros/share/rplidar_ros/launch/view_rplidar_t1_launch.py\n'}
[0.323002] (rplidar_ros) StdoutLine: {'line': b'-- Up-to-date symlink: /home/rob1/eeng_462/lab4/install/rplidar_ros/share/rplidar_ros/rviz/rplidar_ros.rviz\n'}
[0.323865] (rplidar_ros) StdoutLine: {'line': b'-- Up-to-date symlink: /home/rob1/eeng_462/lab4/install/rplidar_ros/lib/rplidar_ros/rplidar_node\n'}
[0.324266] (rplidar_ros) StdoutLine: {'line': b'-- Up-to-date symlink: /home/rob1/eeng_462/lab4/install/rplidar_ros/lib/rplidar_ros/rplidar_composition\n'}
[0.324580] (rplidar_ros) StdoutLine: {'line': b'-- Up-to-date symlink: /home/rob1/eeng_462/lab4/install/rplidar_ros/lib/rplidar_ros/rplidar_client\n'}
[0.324991] (rplidar_ros) StdoutLine: {'line': b'-- Up-to-date symlink: /home/rob1/eeng_462/lab4/install/rplidar_ros/share/ament_index/resource_index/package_run_dependencies/rplidar_ros\n'}
[0.325466] (rplidar_ros) StdoutLine: {'line': b'-- Up-to-date symlink: /home/rob1/eeng_462/lab4/install/rplidar_ros/share/ament_index/resource_index/parent_prefix_path/rplidar_ros\n'}
[0.327522] (rplidar_ros) StdoutLine: {'line': b'-- Up-to-date symlink: /home/rob1/eeng_462/lab4/install/rplidar_ros/share/rplidar_ros/environment/ament_prefix_path.sh\n'}
[0.327960] (rplidar_ros) StdoutLine: {'line': b'-- Up-to-date symlink: /home/rob1/eeng_462/lab4/install/rplidar_ros/share/rplidar_ros/environment/ament_prefix_path.dsv\n'}
[0.329473] (rplidar_ros) StdoutLine: {'line': b'-- Up-to-date symlink: /home/rob1/eeng_462/lab4/install/rplidar_ros/share/rplidar_ros/environment/path.sh\n'}
[0.329817] (rplidar_ros) StdoutLine: {'line': b'-- Up-to-date symlink: /home/rob1/eeng_462/lab4/install/rplidar_ros/share/rplidar_ros/environment/path.dsv\n'}
[0.330270] (rplidar_ros) StdoutLine: {'line': b'-- Up-to-date symlink: /home/rob1/eeng_462/lab4/install/rplidar_ros/share/rplidar_ros/local_setup.bash\n'}
[0.330703] (rplidar_ros) StdoutLine: {'line': b'-- Up-to-date symlink: /home/rob1/eeng_462/lab4/install/rplidar_ros/share/rplidar_ros/local_setup.sh\n'}
[0.331283] (rplidar_ros) StdoutLine: {'line': b'-- Up-to-date symlink: /home/rob1/eeng_462/lab4/install/rplidar_ros/share/rplidar_ros/local_setup.zsh\n'}
[0.331500] (rplidar_ros) StdoutLine: {'line': b'-- Up-to-date symlink: /home/rob1/eeng_462/lab4/install/rplidar_ros/share/rplidar_ros/local_setup.dsv\n'}
[0.331719] (rplidar_ros) StdoutLine: {'line': b'-- Symlinking: /home/rob1/eeng_462/lab4/install/rplidar_ros/share/rplidar_ros/package.dsv\n'}
[0.332561] (slam_toolbox) StdoutLine: {'line': b'[ 61%] Built target slam_toolbox__rosidl_typesupport_cpp\n'}
[0.332873] (slam_toolbox) StdoutLine: {'line': b'[ 62%] Built target slam_toolbox__rosidl_typesupport_fastrtps_cpp\n'}
[0.352078] (rplidar_ros) StdoutLine: {'line': b'-- Up-to-date symlink: /home/rob1/eeng_462/lab4/install/rplidar_ros/share/ament_index/resource_index/packages/rplidar_ros\n'}
[0.352775] (rplidar_ros) StdoutLine: {'line': b'-- Up-to-date symlink: /home/rob1/eeng_462/lab4/install/rplidar_ros/share/rplidar_ros/cmake/ament_cmake_export_dependencies-extras.cmake\n'}
[0.353499] (rplidar_ros) StdoutLine: {'line': b'-- Up-to-date symlink: /home/rob1/eeng_462/lab4/install/rplidar_ros/share/rplidar_ros/cmake/ament_cmake_export_include_directories-extras.cmake\n'}
[0.354099] (rplidar_ros) StdoutLine: {'line': b'-- Up-to-date symlink: /home/rob1/eeng_462/lab4/install/rplidar_ros/share/rplidar_ros/cmake/rplidar_rosConfig.cmake\n'}
[0.354581] (rplidar_ros) StdoutLine: {'line': b'-- Up-to-date symlink: /home/rob1/eeng_462/lab4/install/rplidar_ros/share/rplidar_ros/cmake/rplidar_rosConfig-version.cmake\n'}
[0.354905] (rplidar_ros) StdoutLine: {'line': b'-- Up-to-date symlink: /home/rob1/eeng_462/lab4/install/rplidar_ros/share/rplidar_ros/package.xml\n'}
[0.360561] (rplidar_ros) CommandEnded: {'returncode': 0}
[0.399658] (-) TimerEvent: {}
[0.410357] (rplidar_ros) JobEnded: {'identifier': 'rplidar_ros', 'rc': 0}
[0.411693] (mecanum_robot) JobStarted: {'identifier': 'mecanum_robot'}
[0.419138] (slam_toolbox) StdoutLine: {'line': b'[ 66%] Built target ceres_solver_plugin\n'}
[0.419936] (slam_toolbox) StdoutLine: {'line': b'[ 66%] Built target SlamToolboxPlugin\n'}
[0.454016] (slam_toolbox) StdoutLine: {'line': b'[ 71%] Built target toolbox_common\n'}
[0.467684] (slam_toolbox) StdoutLine: {'line': b'[ 71%] Built target slam_toolbox\n'}
[0.499854] (-) TimerEvent: {}
[0.546929] (slam_toolbox) StdoutLine: {'line': b'[ 73%] Built target sync_slam_toolbox\n'}
[0.569900] (slam_toolbox) StdoutLine: {'line': b'[ 77%] Built target lifelong_slam_toolbox\n'}
[0.570501] (slam_toolbox) StdoutLine: {'line': b'[ 78%] Built target async_slam_toolbox\n'}
[0.570938] (slam_toolbox) StdoutLine: {'line': b'[ 78%] Built target merge_maps_kinematic\n'}
[0.590045] (slam_toolbox) StdoutLine: {'line': b'[ 79%] Built target localization_slam_toolbox\n'}
[0.600013] (-) TimerEvent: {}
[0.601940] (slam_toolbox) StdoutLine: {'line': b'[ 79%] Built target slam_toolbox__py\n'}
[0.673052] (slam_toolbox) StdoutLine: {'line': b'[ 80%] Built target sync_slam_toolbox_node\n'}
[0.676389] (slam_toolbox) StdoutLine: {'line': b'[ 81%] Built target async_slam_toolbox_node\n'}
[0.677657] (slam_toolbox) StdoutLine: {'line': b'[ 83%] Built target lifelong_slam_toolbox_node\n'}
[0.700177] (-) TimerEvent: {}
[0.707417] (slam_toolbox) StdoutLine: {'line': b'[ 85%] Built target localization_slam_toolbox_node\n'}
[0.722365] (slam_toolbox) StdoutLine: {'line': b'[ 86%] Built target map_and_localization_slam_toolbox\n'}
[0.734429] (slam_toolbox) StdoutLine: {'line': b'[ 94%] Built target slam_toolbox__rosidl_generator_py\n'}
[0.783797] (slam_toolbox) StdoutLine: {'line': b'[ 96%] Built target slam_toolbox__rosidl_typesupport_fastrtps_c__pyext\n'}
[0.784488] (slam_toolbox) StdoutLine: {'line': b'[ 98%] Built target slam_toolbox__rosidl_typesupport_c__pyext\n'}
[0.784976] (slam_toolbox) StdoutLine: {'line': b'[ 99%] Built target slam_toolbox__rosidl_typesupport_introspection_c__pyext\n'}
[0.800321] (-) TimerEvent: {}
[0.804966] (slam_toolbox) StdoutLine: {'line': b'[100%] Built target map_and_localization_slam_toolbox_node\n'}
[0.888155] (slam_toolbox) StdoutLine: {'line': b'running egg_info\n'}
[0.889748] (slam_toolbox) StdoutLine: {'line': b'writing slam_toolbox.egg-info/PKG-INFO\n'}
[0.890312] (slam_toolbox) StdoutLine: {'line': b'writing dependency_links to slam_toolbox.egg-info/dependency_links.txt\n'}
[0.890759] (slam_toolbox) StdoutLine: {'line': b'writing top-level names to slam_toolbox.egg-info/top_level.txt\n'}
[0.896800] (slam_toolbox) StdoutLine: {'line': b"reading manifest file 'slam_toolbox.egg-info/SOURCES.txt'\n"}
[0.898359] (slam_toolbox) StdoutLine: {'line': b"writing manifest file 'slam_toolbox.egg-info/SOURCES.txt'\n"}
[0.900371] (-) TimerEvent: {}
[0.967950] (slam_toolbox) StdoutLine: {'line': b'[100%] Built target ament_cmake_python_build_slam_toolbox_egg\n'}
[1.000563] (-) TimerEvent: {}
[1.101316] (-) TimerEvent: {}
[1.129049] (slam_toolbox) CommandEnded: {'returncode': 0}
[1.131399] (slam_toolbox) JobProgress: {'identifier': 'slam_toolbox', 'progress': 'install'}
[1.133153] (slam_toolbox) Command: {'cmd': ['/usr/bin/cmake', '--install', '/home/rob1/eeng_462/lab4/build/slam_toolbox'], 'cwd': '/home/rob1/eeng_462/lab4/build/slam_toolbox', 'env': OrderedDict([('USER', 'rob1'), ('XDG_SEAT', 'seat0'), ('XDG_SESSION_TYPE', 'x11'), ('SHLVL', '1'), ('LD_LIBRARY_PATH', '/home/rob1/eeng_462/lab4/install/slam_toolbox/lib:/home/rob1/eeng_462/lab4/install/openslam_gmapping/lib:/opt/ros/humble/opt/rviz_ogre_vendor/lib:/opt/ros/humble/lib/aarch64-linux-gnu:/opt/ros/humble/lib'), ('HOME', '/home/rob1'), ('OLDPWD', '/home/rob1/eeng_462'), ('LESS', '-R'), ('DESKTOP_SESSION', 'i3'), ('ZSH', '/home/rob1/.oh-my-zsh'), ('LSCOLORS', 'Gxfxcxdxbxegedabagacad'), ('GTK_MODULES', 'gail:atk-bridge'), ('PAGER', 'less'), ('ROS_PYTHON_VERSION', '3'), ('SYSTEMD_EXEC_PID', '1839'), ('DBUS_SESSION_BUS_ADDRESS', 'unix:path=/run/user/1000/bus'), ('COLORTERM', 'truecolor'), ('_colcon_cd_root', '/opt/ros/humble/'), ('ROS_DISTRO', 'humble'), ('COLCON_PREFIX_PATH', '/home/rob1/eeng_462/lab4/install'), ('GTK_IM_MODULE', 'ibus'), ('LOGNAME', 'rob1'), ('_', '/usr/bin/colcon'), ('XDG_SESSION_CLASS', 'user'), ('ROS_VERSION', '2'), ('XDG_SESSION_ID', '2'), ('USERNAME', 'rob1'), ('TERM', 'xterm-256color'), ('ROS_LOCALHOST_ONLY', '0'), ('WINDOWPATH', '2'), ('PATH', '/opt/ros/humble/bin:/home/rob1/.local/bin:/usr/local/sbin:/usr/local/bin:/usr/sbin:/usr/bin:/sbin:/bin:/usr/games:/usr/local/games:/snap/bin:/snap/bin'), ('GNOME_TERMINAL_SCREEN', '/org/gnome/Terminal/screen/5b3aaf95_5539_44c3_9ed1_359fd9d6f4f9'), ('XDG_RUNTIME_DIR', '/run/user/1000'), ('DISPLAY', ':1'), ('LANG', 'en_US.UTF-8'), ('XDG_CURRENT_DESKTOP', 'i3'), ('XDG_SESSION_DESKTOP', 'i3'), ('GNOME_TERMINAL_SERVICE', ':1.45'), ('XMODIFIERS', '@im=ibus'), ('XAUTHORITY', '/run/user/1000/gdm/Xauthority'), ('LS_COLORS', 'rs=0:di=01;34:ln=01;36:mh=00:pi=40;33:so=01;35:do=01;35:bd=40;33;01:cd=40;33;01:or=40;31;01:mi=00:su=37;41:sg=30;43:ca=30;41:tw=30;42:ow=34;42:st=37;44:ex=01;32:*.tar=01;31:*.tgz=01;31:*.arc=01;31:*.arj=01;31:*.taz=01;31:*.lha=01;31:*.lz4=01;31:*.lzh=01;31:*.lzma=01;31:*.tlz=01;31:*.txz=01;31:*.tzo=01;31:*.t7z=01;31:*.zip=01;31:*.z=01;31:*.dz=01;31:*.gz=01;31:*.lrz=01;31:*.lz=01;31:*.lzo=01;31:*.xz=01;31:*.zst=01;31:*.tzst=01;31:*.bz2=01;31:*.bz=01;31:*.tbz=01;31:*.tbz2=01;31:*.tz=01;31:*.deb=01;31:*.rpm=01;31:*.jar=01;31:*.war=01;31:*.ear=01;31:*.sar=01;31:*.rar=01;31:*.alz=01;31:*.ace=01;31:*.zoo=01;31:*.cpio=01;31:*.7z=01;31:*.rz=01;31:*.cab=01;31:*.wim=01;31:*.swm=01;31:*.dwm=01;31:*.esd=01;31:*.jpg=01;35:*.jpeg=01;35:*.mjpg=01;35:*.mjpeg=01;35:*.gif=01;35:*.bmp=01;35:*.pbm=01;35:*.pgm=01;35:*.ppm=01;35:*.tga=01;35:*.xbm=01;35:*.xpm=01;35:*.tif=01;35:*.tiff=01;35:*.png=01;35:*.svg=01;35:*.svgz=01;35:*.mng=01;35:*.pcx=01;35:*.mov=01;35:*.mpg=01;35:*.mpeg=01;35:*.m2v=01;35:*.mkv=01;35:*.webm=01;35:*.webp=01;35:*.ogm=01;35:*.mp4=01;35:*.m4v=01;35:*.mp4v=01;35:*.vob=01;35:*.qt=01;35:*.nuv=01;35:*.wmv=01;35:*.asf=01;35:*.rm=01;35:*.rmvb=01;35:*.flc=01;35:*.avi=01;35:*.fli=01;35:*.flv=01;35:*.gl=01;35:*.dl=01;35:*.xcf=01;35:*.xwd=01;35:*.yuv=01;35:*.cgm=01;35:*.emf=01;35:*.ogv=01;35:*.ogx=01;35:*.aac=00;36:*.au=00;36:*.flac=00;36:*.m4a=00;36:*.mid=00;36:*.midi=00;36:*.mka=00;36:*.mp3=00;36:*.mpc=00;36:*.ogg=00;36:*.ra=00;36:*.wav=00;36:*.oga=00;36:*.opus=00;36:*.spx=00;36:*.xspf=00;36:'), ('AMENT_PREFIX_PATH', '/home/rob1/eeng_462/lab4/install/sllidar_ros2:/home/rob1/eeng_462/lab4/install/slam_toolbox:/home/rob1/eeng_462/lab4/install/mecanum_robot:/home/rob1/eeng_462/lab4/install/slam_gmapping:/home/rob1/eeng_462/lab4/install/rplidar_ros:/home/rob1/eeng_462/lab4/install/openslam_gmapping:/opt/ros/humble'), ('ROS_DOMAIN_ID', '101'), ('SHELL', '/usr/bin/zsh'), ('QT_ACCESSIBILITY', '1'), ('GDMSESSION', 'i3'), ('GPG_AGENT_INFO', '/run/user/1000/gnupg/S.gpg-agent:0:1'), ('QT_IM_MODULE', 'ibus'), ('XDG_VTNR', '2'), ('PWD', '/home/rob1/eeng_462/lab4/build/slam_toolbox'), ('XDG_CONFIG_DIRS', '/etc/xdg/xdg-i3:/etc/xdg'), ('XDG_DATA_DIRS', '/usr/share/i3:/usr/share/gnome:/usr/local/share/:/usr/share/:/var/lib/snapd/desktop'), ('CLUTTER_IM_MODULE', 'ibus'), ('PYTHONPATH', '/home/rob1/eeng_462/lab4/install/slam_toolbox/local/lib/python3.10/dist-packages:/home/rob1/eeng_462/lab4/install/mecanum_robot/lib/python3.10/site-packages:/opt/ros/humble/lib/python3.10/site-packages:/opt/ros/humble/local/lib/python3.10/dist-packages'), ('I3SOCK', '/run/user/1000/i3/ipc-socket.1870'), ('COLCON', '1'), ('VTE_VERSION', '6800'), ('CMAKE_PREFIX_PATH', '/home/rob1/eeng_462/lab4/install/sllidar_ros2:/home/rob1/eeng_462/lab4/install/slam_toolbox:/home/rob1/eeng_462/lab4/install/slam_gmapping:/home/rob1/eeng_462/lab4/install/mecanum_robot:/opt/ros/humble:/home/rob1/eeng_462/lab4/install/rplidar_ros:/home/rob1/eeng_462/lab4/install/openslam_gmapping')]), 'shell': False}
[1.150743] (slam_toolbox) StdoutLine: {'line': b'-- Install configuration: "Release"\n'}
[1.152532] (slam_toolbox) StdoutLine: {'line': b'-- Execute custom install script\n'}
[1.153712] (slam_toolbox) StdoutLine: {'line': b'-- Up-to-date symlink: /home/rob1/eeng_462/lab4/install/slam_toolbox/include//karto_sdk/Karto.h\n'}
[1.154047] (slam_toolbox) StdoutLine: {'line': b'-- Up-to-date symlink: /home/rob1/eeng_462/lab4/install/slam_toolbox/include//karto_sdk/Macros.h\n'}
[1.154383] (slam_toolbox) StdoutLine: {'line': b'-- Up-to-date symlink: /home/rob1/eeng_462/lab4/install/slam_toolbox/include//karto_sdk/Mapper.h\n'}
[1.154784] (slam_toolbox) StdoutLine: {'line': b'-- Up-to-date symlink: /home/rob1/eeng_462/lab4/install/slam_toolbox/include//karto_sdk/Math.h\n'}
[1.156481] (slam_toolbox) StdoutLine: {'line': b'-- Up-to-date symlink: /home/rob1/eeng_462/lab4/install/slam_toolbox/include//karto_sdk/Types.h\n'}
[1.156797] (slam_toolbox) StdoutLine: {'line': b'-- Up-to-date symlink: /home/rob1/eeng_462/lab4/install/slam_toolbox/include//karto_sdk/nanoflann.hpp\n'}
[1.156978] (slam_toolbox) StdoutLine: {'line': b'-- Up-to-date symlink: /home/rob1/eeng_462/lab4/install/slam_toolbox/include//karto_sdk/nanoflann_adaptors.h\n'}
[1.157130] (slam_toolbox) StdoutLine: {'line': b'-- Up-to-date symlink: /home/rob1/eeng_462/lab4/install/slam_toolbox/share/ament_index/resource_index/rosidl_interfaces/slam_toolbox\n'}
[1.158191] (slam_toolbox) StdoutLine: {'line': b'-- Up-to-date symlink: /home/rob1/eeng_462/lab4/install/slam_toolbox/include/slam_toolbox/slam_toolbox/msg/rosidl_generator_c__visibility_control.h\n'}
[1.158880] (slam_toolbox) StdoutLine: {'line': b'-- Up-to-date symlink: /home/rob1/eeng_462/lab4/install/slam_toolbox/include/slam_toolbox/slam_toolbox/srv/add_submap.h\n'}
[1.159382] (slam_toolbox) StdoutLine: {'line': b'-- Up-to-date symlink: /home/rob1/eeng_462/lab4/install/slam_toolbox/include/slam_toolbox/slam_toolbox/srv/clear.h\n'}
[1.159582] (slam_toolbox) StdoutLine: {'line': b'-- Up-to-date symlink: /home/rob1/eeng_462/lab4/install/slam_toolbox/include/slam_toolbox/slam_toolbox/srv/clear_queue.h\n'}
[1.160026] (slam_toolbox) StdoutLine: {'line': b'-- Up-to-date symlink: /home/rob1/eeng_462/lab4/install/slam_toolbox/include/slam_toolbox/slam_toolbox/srv/deserialize_pose_graph.h\n'}
[1.160303] (slam_toolbox) StdoutLine: {'line': b'-- Up-to-date symlink: /home/rob1/eeng_462/lab4/install/slam_toolbox/include/slam_toolbox/slam_toolbox/srv/detail/add_submap__functions.h\n'}
[1.160517] (slam_toolbox) StdoutLine: {'line': b'-- Up-to-date symlink: /home/rob1/eeng_462/lab4/install/slam_toolbox/include/slam_toolbox/slam_toolbox/srv/detail/add_submap__struct.h\n'}
[1.160775] (slam_toolbox) StdoutLine: {'line': b'-- Up-to-date symlink: /home/rob1/eeng_462/lab4/install/slam_toolbox/include/slam_toolbox/slam_toolbox/srv/detail/add_submap__type_support.h\n'}
[1.161112] (slam_toolbox) StdoutLine: {'line': b'-- Up-to-date symlink: /home/rob1/eeng_462/lab4/install/slam_toolbox/include/slam_toolbox/slam_toolbox/srv/detail/clear__functions.h\n'}
[1.161448] (slam_toolbox) StdoutLine: {'line': b'-- Up-to-date symlink: /home/rob1/eeng_462/lab4/install/slam_toolbox/include/slam_toolbox/slam_toolbox/srv/detail/clear__struct.h\n'}
[1.161782] (slam_toolbox) StdoutLine: {'line': b'-- Up-to-date symlink: /home/rob1/eeng_462/lab4/install/slam_toolbox/include/slam_toolbox/slam_toolbox/srv/detail/clear__type_support.h\n'}
[1.162140] (slam_toolbox) StdoutLine: {'line': b'-- Up-to-date symlink: /home/rob1/eeng_462/lab4/install/slam_toolbox/include/slam_toolbox/slam_toolbox/srv/detail/clear_queue__functions.h\n'}
[1.162654] (slam_toolbox) StdoutLine: {'line': b'-- Up-to-date symlink: /home/rob1/eeng_462/lab4/install/slam_toolbox/include/slam_toolbox/slam_toolbox/srv/detail/clear_queue__struct.h\n'}
[1.162961] (slam_toolbox) StdoutLine: {'line': b'-- Up-to-date symlink: /home/rob1/eeng_462/lab4/install/slam_toolbox/include/slam_toolbox/slam_toolbox/srv/detail/clear_queue__type_support.h\n'}
[1.163276] (slam_toolbox) StdoutLine: {'line': b'-- Up-to-date symlink: /home/rob1/eeng_462/lab4/install/slam_toolbox/include/slam_toolbox/slam_toolbox/srv/detail/deserialize_pose_graph__functions.h\n'}
[1.163510] (slam_toolbox) StdoutLine: {'line': b'-- Up-to-date symlink: /home/rob1/eeng_462/lab4/install/slam_toolbox/include/slam_toolbox/slam_toolbox/srv/detail/deserialize_pose_graph__struct.h\n'}
[1.163837] (slam_toolbox) StdoutLine: {'line': b'-- Up-to-date symlink: /home/rob1/eeng_462/lab4/install/slam_toolbox/include/slam_toolbox/slam_toolbox/srv/detail/deserialize_pose_graph__type_support.h\n'}
[1.164448] (slam_toolbox) StdoutLine: {'line': b'-- Up-to-date symlink: /home/rob1/eeng_462/lab4/install/slam_toolbox/include/slam_toolbox/slam_toolbox/srv/detail/loop_closure__functions.h\n'}
[1.164725] (slam_toolbox) StdoutLine: {'line': b'-- Up-to-date symlink: /home/rob1/eeng_462/lab4/install/slam_toolbox/include/slam_toolbox/slam_toolbox/srv/detail/loop_closure__struct.h\n'}
[1.164940] (slam_toolbox) StdoutLine: {'line': b'-- Up-to-date symlink: /home/rob1/eeng_462/lab4/install/slam_toolbox/include/slam_toolbox/slam_toolbox/srv/detail/loop_closure__type_support.h\n'}
[1.165146] (slam_toolbox) StdoutLine: {'line': b'-- Up-to-date symlink: /home/rob1/eeng_462/lab4/install/slam_toolbox/include/slam_toolbox/slam_toolbox/srv/detail/merge_maps__functions.h\n'}
[1.165454] (slam_toolbox) StdoutLine: {'line': b'-- Up-to-date symlink: /home/rob1/eeng_462/lab4/install/slam_toolbox/include/slam_toolbox/slam_toolbox/srv/detail/merge_maps__struct.h\n'}
[1.165754] (slam_toolbox) StdoutLine: {'line': b'-- Up-to-date symlink: /home/rob1/eeng_462/lab4/install/slam_toolbox/include/slam_toolbox/slam_toolbox/srv/detail/merge_maps__type_support.h\n'}
[1.166058] (slam_toolbox) StdoutLine: {'line': b'-- Up-to-date symlink: /home/rob1/eeng_462/lab4/install/slam_toolbox/include/slam_toolbox/slam_toolbox/srv/detail/pause__functions.h\n'}
[1.166360] (slam_toolbox) StdoutLine: {'line': b'-- Up-to-date symlink: /home/rob1/eeng_462/lab4/install/slam_toolbox/include/slam_toolbox/slam_toolbox/srv/detail/pause__struct.h\n'}
[1.166812] (slam_toolbox) StdoutLine: {'line': b'-- Up-to-date symlink: /home/rob1/eeng_462/lab4/install/slam_toolbox/include/slam_toolbox/slam_toolbox/srv/detail/pause__type_support.h\n'}
[1.166997] (slam_toolbox) StdoutLine: {'line': b'-- Up-to-date symlink: /home/rob1/eeng_462/lab4/install/slam_toolbox/include/slam_toolbox/slam_toolbox/srv/detail/save_map__functions.h\n'}
[1.167423] (slam_toolbox) StdoutLine: {'line': b'-- Up-to-date symlink: /home/rob1/eeng_462/lab4/install/slam_toolbox/include/slam_toolbox/slam_toolbox/srv/detail/save_map__struct.h\n'}
[1.167762] (slam_toolbox) StdoutLine: {'line': b'-- Up-to-date symlink: /home/rob1/eeng_462/lab4/install/slam_toolbox/include/slam_toolbox/slam_toolbox/srv/detail/save_map__type_support.h\n'}
[1.168083] (slam_toolbox) StdoutLine: {'line': b'-- Up-to-date symlink: /home/rob1/eeng_462/lab4/install/slam_toolbox/include/slam_toolbox/slam_toolbox/srv/detail/serialize_pose_graph__functions.h\n'}
[1.168437] (slam_toolbox) StdoutLine: {'line': b'-- Up-to-date symlink: /home/rob1/eeng_462/lab4/install/slam_toolbox/include/slam_toolbox/slam_toolbox/srv/detail/serialize_pose_graph__struct.h\n'}
[1.168753] (slam_toolbox) StdoutLine: {'line': b'-- Up-to-date symlink: /home/rob1/eeng_462/lab4/install/slam_toolbox/include/slam_toolbox/slam_toolbox/srv/detail/serialize_pose_graph__type_support.h\n'}
[1.169093] (slam_toolbox) StdoutLine: {'line': b'-- Up-to-date symlink: /home/rob1/eeng_462/lab4/install/slam_toolbox/include/slam_toolbox/slam_toolbox/srv/detail/toggle_interactive__functions.h\n'}
[1.169401] (slam_toolbox) StdoutLine: {'line': b'-- Up-to-date symlink: /home/rob1/eeng_462/lab4/install/slam_toolbox/include/slam_toolbox/slam_toolbox/srv/detail/toggle_interactive__struct.h\n'}
[1.169707] (slam_toolbox) StdoutLine: {'line': b'-- Up-to-date symlink: /home/rob1/eeng_462/lab4/install/slam_toolbox/include/slam_toolbox/slam_toolbox/srv/detail/toggle_interactive__type_support.h\n'}
[1.170012] (slam_toolbox) StdoutLine: {'line': b'-- Up-to-date symlink: /home/rob1/eeng_462/lab4/install/slam_toolbox/include/slam_toolbox/slam_toolbox/srv/loop_closure.h\n'}
[1.170311] (slam_toolbox) StdoutLine: {'line': b'-- Up-to-date symlink: /home/rob1/eeng_462/lab4/install/slam_toolbox/include/slam_toolbox/slam_toolbox/srv/merge_maps.h\n'}
[1.170606] (slam_toolbox) StdoutLine: {'line': b'-- Up-to-date symlink: /home/rob1/eeng_462/lab4/install/slam_toolbox/include/slam_toolbox/slam_toolbox/srv/pause.h\n'}
[1.171012] (slam_toolbox) StdoutLine: {'line': b'-- Up-to-date symlink: /home/rob1/eeng_462/lab4/install/slam_toolbox/include/slam_toolbox/slam_toolbox/srv/save_map.h\n'}
[1.171248] (slam_toolbox) StdoutLine: {'line': b'-- Up-to-date symlink: /home/rob1/eeng_462/lab4/install/slam_toolbox/include/slam_toolbox/slam_toolbox/srv/serialize_pose_graph.h\n'}
[1.171514] (slam_toolbox) StdoutLine: {'line': b'-- Up-to-date symlink: /home/rob1/eeng_462/lab4/install/slam_toolbox/include/slam_toolbox/slam_toolbox/srv/toggle_interactive.h\n'}
[1.171986] (slam_toolbox) StdoutLine: {'line': b'-- Up-to-date symlink: /home/rob1/eeng_462/lab4/install/slam_toolbox/share/slam_toolbox/environment/library_path.sh\n'}
[1.172311] (slam_toolbox) StdoutLine: {'line': b'-- Up-to-date symlink: /home/rob1/eeng_462/lab4/install/slam_toolbox/share/slam_toolbox/environment/library_path.dsv\n'}
[1.173917] (slam_toolbox) StdoutLine: {'line': b'-- Up-to-date symlink: /home/rob1/eeng_462/lab4/install/slam_toolbox/include/slam_toolbox/slam_toolbox/msg/rosidl_typesupport_fastrtps_c__visibility_control.h\n'}
[1.174249] (slam_toolbox) StdoutLine: {'line': b'-- Up-to-date symlink: /home/rob1/eeng_462/lab4/install/slam_toolbox/include/slam_toolbox/slam_toolbox/srv/detail/add_submap__rosidl_typesupport_fastrtps_c.h\n'}
[1.174586] (slam_toolbox) StdoutLine: {'line': b'-- Up-to-date symlink: /home/rob1/eeng_462/lab4/install/slam_toolbox/include/slam_toolbox/slam_toolbox/srv/detail/clear__rosidl_typesupport_fastrtps_c.h\n'}
[1.174913] (slam_toolbox) StdoutLine: {'line': b'-- Up-to-date symlink: /home/rob1/eeng_462/lab4/install/slam_toolbox/include/slam_toolbox/slam_toolbox/srv/detail/clear_queue__rosidl_typesupport_fastrtps_c.h\n'}
[1.175454] (slam_toolbox) StdoutLine: {'line': b'-- Up-to-date symlink: /home/rob1/eeng_462/lab4/install/slam_toolbox/include/slam_toolbox/slam_toolbox/srv/detail/deserialize_pose_graph__rosidl_typesupport_fastrtps_c.h\n'}
[1.175788] (slam_toolbox) StdoutLine: {'line': b'-- Up-to-date symlink: /home/rob1/eeng_462/lab4/install/slam_toolbox/include/slam_toolbox/slam_toolbox/srv/detail/loop_closure__rosidl_typesupport_fastrtps_c.h\n'}
[1.176248] (slam_toolbox) StdoutLine: {'line': b'-- Up-to-date symlink: /home/rob1/eeng_462/lab4/install/slam_toolbox/include/slam_toolbox/slam_toolbox/srv/detail/merge_maps__rosidl_typesupport_fastrtps_c.h\n'}
[1.176497] (slam_toolbox) StdoutLine: {'line': b'-- Up-to-date symlink: /home/rob1/eeng_462/lab4/install/slam_toolbox/include/slam_toolbox/slam_toolbox/srv/detail/pause__rosidl_typesupport_fastrtps_c.h\n'}
[1.176736] (slam_toolbox) StdoutLine: {'line': b'-- Up-to-date symlink: /home/rob1/eeng_462/lab4/install/slam_toolbox/include/slam_toolbox/slam_toolbox/srv/detail/save_map__rosidl_typesupport_fastrtps_c.h\n'}
[1.177052] (slam_toolbox) StdoutLine: {'line': b'-- Up-to-date symlink: /home/rob1/eeng_462/lab4/install/slam_toolbox/include/slam_toolbox/slam_toolbox/srv/detail/serialize_pose_graph__rosidl_typesupport_fastrtps_c.h\n'}
[1.177369] (slam_toolbox) StdoutLine: {'line': b'-- Up-to-date symlink: /home/rob1/eeng_462/lab4/install/slam_toolbox/include/slam_toolbox/slam_toolbox/srv/detail/toggle_interactive__rosidl_typesupport_fastrtps_c.h\n'}
[1.179025] (slam_toolbox) StdoutLine: {'line': b'-- Up-to-date symlink: /home/rob1/eeng_462/lab4/install/slam_toolbox/include/slam_toolbox/slam_toolbox/msg/rosidl_generator_cpp__visibility_control.hpp\n'}
[1.179416] (slam_toolbox) StdoutLine: {'line': b'-- Up-to-date symlink: /home/rob1/eeng_462/lab4/install/slam_toolbox/include/slam_toolbox/slam_toolbox/srv/add_submap.hpp\n'}
[1.179691] (slam_toolbox) StdoutLine: {'line': b'-- Up-to-date symlink: /home/rob1/eeng_462/lab4/install/slam_toolbox/include/slam_toolbox/slam_toolbox/srv/clear.hpp\n'}
[1.179989] (slam_toolbox) StdoutLine: {'line': b'-- Up-to-date symlink: /home/rob1/eeng_462/lab4/install/slam_toolbox/include/slam_toolbox/slam_toolbox/srv/clear_queue.hpp\n'}
[1.180296] (slam_toolbox) StdoutLine: {'line': b'-- Up-to-date symlink: /home/rob1/eeng_462/lab4/install/slam_toolbox/include/slam_toolbox/slam_toolbox/srv/deserialize_pose_graph.hpp\n'}
[1.180696] (slam_toolbox) StdoutLine: {'line': b'-- Up-to-date symlink: /home/rob1/eeng_462/lab4/install/slam_toolbox/include/slam_toolbox/slam_toolbox/srv/detail/add_submap__builder.hpp\n'}
[1.180960] (slam_toolbox) StdoutLine: {'line': b'-- Up-to-date symlink: /home/rob1/eeng_462/lab4/install/slam_toolbox/include/slam_toolbox/slam_toolbox/srv/detail/add_submap__struct.hpp\n'}
[1.181257] (slam_toolbox) StdoutLine: {'line': b'-- Up-to-date symlink: /home/rob1/eeng_462/lab4/install/slam_toolbox/include/slam_toolbox/slam_toolbox/srv/detail/add_submap__traits.hpp\n'}
[1.181564] (slam_toolbox) StdoutLine: {'line': b'-- Up-to-date symlink: /home/rob1/eeng_462/lab4/install/slam_toolbox/include/slam_toolbox/slam_toolbox/srv/detail/add_submap__type_support.hpp\n'}
[1.181871] (slam_toolbox) StdoutLine: {'line': b'-- Up-to-date symlink: /home/rob1/eeng_462/lab4/install/slam_toolbox/include/slam_toolbox/slam_toolbox/srv/detail/clear__builder.hpp\n'}
[1.182174] (slam_toolbox) StdoutLine: {'line': b'-- Up-to-date symlink: /home/rob1/eeng_462/lab4/install/slam_toolbox/include/slam_toolbox/slam_toolbox/srv/detail/clear__struct.hpp\n'}
[1.182505] (slam_toolbox) StdoutLine: {'line': b'-- Up-to-date symlink: /home/rob1/eeng_462/lab4/install/slam_toolbox/include/slam_toolbox/slam_toolbox/srv/detail/clear__traits.hpp\n'}
[1.182812] (slam_toolbox) StdoutLine: {'line': b'-- Up-to-date symlink: /home/rob1/eeng_462/lab4/install/slam_toolbox/include/slam_toolbox/slam_toolbox/srv/detail/clear__type_support.hpp\n'}
[1.183131] (slam_toolbox) StdoutLine: {'line': b'-- Up-to-date symlink: /home/rob1/eeng_462/lab4/install/slam_toolbox/include/slam_toolbox/slam_toolbox/srv/detail/clear_queue__builder.hpp\n'}
[1.183499] (slam_toolbox) StdoutLine: {'line': b'-- Up-to-date symlink: /home/rob1/eeng_462/lab4/install/slam_toolbox/include/slam_toolbox/slam_toolbox/srv/detail/clear_queue__struct.hpp\n'}
[1.183796] (slam_toolbox) StdoutLine: {'line': b'-- Up-to-date symlink: /home/rob1/eeng_462/lab4/install/slam_toolbox/include/slam_toolbox/slam_toolbox/srv/detail/clear_queue__traits.hpp\n'}
[1.184108] (slam_toolbox) StdoutLine: {'line': b'-- Up-to-date symlink: /home/rob1/eeng_462/lab4/install/slam_toolbox/include/slam_toolbox/slam_toolbox/srv/detail/clear_queue__type_support.hpp\n'}
[1.184413] (slam_toolbox) StdoutLine: {'line': b'-- Up-to-date symlink: /home/rob1/eeng_462/lab4/install/slam_toolbox/include/slam_toolbox/slam_toolbox/srv/detail/deserialize_pose_graph__builder.hpp\n'}
[1.184731] (slam_toolbox) StdoutLine: {'line': b'-- Up-to-date symlink: /home/rob1/eeng_462/lab4/install/slam_toolbox/include/slam_toolbox/slam_toolbox/srv/detail/deserialize_pose_graph__struct.hpp\n'}
[1.185048] (slam_toolbox) StdoutLine: {'line': b'-- Up-to-date symlink: /home/rob1/eeng_462/lab4/install/slam_toolbox/include/slam_toolbox/slam_toolbox/srv/detail/deserialize_pose_graph__traits.hpp\n'}
[1.185351] (slam_toolbox) StdoutLine: {'line': b'-- Up-to-date symlink: /home/rob1/eeng_462/lab4/install/slam_toolbox/include/slam_toolbox/slam_toolbox/srv/detail/deserialize_pose_graph__type_support.hpp\n'}
[1.185850] (slam_toolbox) StdoutLine: {'line': b'-- Up-to-date symlink: /home/rob1/eeng_462/lab4/install/slam_toolbox/include/slam_toolbox/slam_toolbox/srv/detail/loop_closure__builder.hpp\n'}
[1.186053] (slam_toolbox) StdoutLine: {'line': b'-- Up-to-date symlink: /home/rob1/eeng_462/lab4/install/slam_toolbox/include/slam_toolbox/slam_toolbox/srv/detail/loop_closure__struct.hpp\n'}
[1.186265] (slam_toolbox) StdoutLine: {'line': b'-- Up-to-date symlink: /home/rob1/eeng_462/lab4/install/slam_toolbox/include/slam_toolbox/slam_toolbox/srv/detail/loop_closure__traits.hpp\n'}
[1.186573] (slam_toolbox) StdoutLine: {'line': b'-- Up-to-date symlink: /home/rob1/eeng_462/lab4/install/slam_toolbox/include/slam_toolbox/slam_toolbox/srv/detail/loop_closure__type_support.hpp\n'}
[1.186877] (slam_toolbox) StdoutLine: {'line': b'-- Up-to-date symlink: /home/rob1/eeng_462/lab4/install/slam_toolbox/include/slam_toolbox/slam_toolbox/srv/detail/merge_maps__builder.hpp\n'}
[1.187208] (slam_toolbox) StdoutLine: {'line': b'-- Up-to-date symlink: /home/rob1/eeng_462/lab4/install/slam_toolbox/include/slam_toolbox/slam_toolbox/srv/detail/merge_maps__struct.hpp\n'}
[1.187520] (slam_toolbox) StdoutLine: {'line': b'-- Up-to-date symlink: /home/rob1/eeng_462/lab4/install/slam_toolbox/include/slam_toolbox/slam_toolbox/srv/detail/merge_maps__traits.hpp\n'}
[1.187822] (slam_toolbox) StdoutLine: {'line': b'-- Up-to-date symlink: /home/rob1/eeng_462/lab4/install/slam_toolbox/include/slam_toolbox/slam_toolbox/srv/detail/merge_maps__type_support.hpp\n'}
[1.188121] (slam_toolbox) StdoutLine: {'line': b'-- Up-to-date symlink: /home/rob1/eeng_462/lab4/install/slam_toolbox/include/slam_toolbox/slam_toolbox/srv/detail/pause__builder.hpp\n'}
[1.188419] (slam_toolbox) StdoutLine: {'line': b'-- Up-to-date symlink: /home/rob1/eeng_462/lab4/install/slam_toolbox/include/slam_toolbox/slam_toolbox/srv/detail/pause__struct.hpp\n'}
[1.188725] (slam_toolbox) StdoutLine: {'line': b'-- Up-to-date symlink: /home/rob1/eeng_462/lab4/install/slam_toolbox/include/slam_toolbox/slam_toolbox/srv/detail/pause__traits.hpp\n'}
[1.189029] (slam_toolbox) StdoutLine: {'line': b'-- Up-to-date symlink: /home/rob1/eeng_462/lab4/install/slam_toolbox/include/slam_toolbox/slam_toolbox/srv/detail/pause__type_support.hpp\n'}
[1.189323] (slam_toolbox) StdoutLine: {'line': b'-- Up-to-date symlink: /home/rob1/eeng_462/lab4/install/slam_toolbox/include/slam_toolbox/slam_toolbox/srv/detail/save_map__builder.hpp\n'}
[1.189619] (slam_toolbox) StdoutLine: {'line': b'-- Up-to-date symlink: /home/rob1/eeng_462/lab4/install/slam_toolbox/include/slam_toolbox/slam_toolbox/srv/detail/save_map__struct.hpp\n'}
[1.189921] (slam_toolbox) StdoutLine: {'line': b'-- Up-to-date symlink: /home/rob1/eeng_462/lab4/install/slam_toolbox/include/slam_toolbox/slam_toolbox/srv/detail/save_map__traits.hpp\n'}
[1.190246] (slam_toolbox) StdoutLine: {'line': b'-- Up-to-date symlink: /home/rob1/eeng_462/lab4/install/slam_toolbox/include/slam_toolbox/slam_toolbox/srv/detail/save_map__type_support.hpp\n'}
[1.190573] (slam_toolbox) StdoutLine: {'line': b'-- Up-to-date symlink: /home/rob1/eeng_462/lab4/install/slam_toolbox/include/slam_toolbox/slam_toolbox/srv/detail/serialize_pose_graph__builder.hpp\n'}
[1.191035] (slam_toolbox) StdoutLine: {'line': b'-- Up-to-date symlink: /home/rob1/eeng_462/lab4/install/slam_toolbox/include/slam_toolbox/slam_toolbox/srv/detail/serialize_pose_graph__struct.hpp\n'}
[1.191301] (slam_toolbox) StdoutLine: {'line': b'-- Up-to-date symlink: /home/rob1/eeng_462/lab4/install/slam_toolbox/include/slam_toolbox/slam_toolbox/srv/detail/serialize_pose_graph__traits.hpp\n'}
[1.191554] (slam_toolbox) StdoutLine: {'line': b'-- Up-to-date symlink: /home/rob1/eeng_462/lab4/install/slam_toolbox/include/slam_toolbox/slam_toolbox/srv/detail/serialize_pose_graph__type_support.hpp\n'}
[1.191856] (slam_toolbox) StdoutLine: {'line': b'-- Up-to-date symlink: /home/rob1/eeng_462/lab4/install/slam_toolbox/include/slam_toolbox/slam_toolbox/srv/detail/toggle_interactive__builder.hpp\n'}
[1.192164] (slam_toolbox) StdoutLine: {'line': b'-- Up-to-date symlink: /home/rob1/eeng_462/lab4/install/slam_toolbox/include/slam_toolbox/slam_toolbox/srv/detail/toggle_interactive__struct.hpp\n'}
[1.192467] (slam_toolbox) StdoutLine: {'line': b'-- Up-to-date symlink: /home/rob1/eeng_462/lab4/install/slam_toolbox/include/slam_toolbox/slam_toolbox/srv/detail/toggle_interactive__traits.hpp\n'}
[1.192771] (slam_toolbox) StdoutLine: {'line': b'-- Up-to-date symlink: /home/rob1/eeng_462/lab4/install/slam_toolbox/include/slam_toolbox/slam_toolbox/srv/detail/toggle_interactive__type_support.hpp\n'}
[1.193094] (slam_toolbox) StdoutLine: {'line': b'-- Up-to-date symlink: /home/rob1/eeng_462/lab4/install/slam_toolbox/include/slam_toolbox/slam_toolbox/srv/loop_closure.hpp\n'}
[1.193384] (slam_toolbox) StdoutLine: {'line': b'-- Up-to-date symlink: /home/rob1/eeng_462/lab4/install/slam_toolbox/include/slam_toolbox/slam_toolbox/srv/merge_maps.hpp\n'}
[1.193679] (slam_toolbox) StdoutLine: {'line': b'-- Up-to-date symlink: /home/rob1/eeng_462/lab4/install/slam_toolbox/include/slam_toolbox/slam_toolbox/srv/pause.hpp\n'}
[1.193977] (slam_toolbox) StdoutLine: {'line': b'-- Up-to-date symlink: /home/rob1/eeng_462/lab4/install/slam_toolbox/include/slam_toolbox/slam_toolbox/srv/save_map.hpp\n'}
[1.194276] (slam_toolbox) StdoutLine: {'line': b'-- Up-to-date symlink: /home/rob1/eeng_462/lab4/install/slam_toolbox/include/slam_toolbox/slam_toolbox/srv/serialize_pose_graph.hpp\n'}
[1.194568] (slam_toolbox) StdoutLine: {'line': b'-- Up-to-date symlink: /home/rob1/eeng_462/lab4/install/slam_toolbox/include/slam_toolbox/slam_toolbox/srv/toggle_interactive.hpp\n'}
[1.196216] (slam_toolbox) StdoutLine: {'line': b'-- Up-to-date symlink: /home/rob1/eeng_462/lab4/install/slam_toolbox/include/slam_toolbox/slam_toolbox/msg/rosidl_typesupport_fastrtps_cpp__visibility_control.h\n'}
[1.196546] (slam_toolbox) StdoutLine: {'line': b'-- Up-to-date symlink: /home/rob1/eeng_462/lab4/install/slam_toolbox/include/slam_toolbox/slam_toolbox/srv/detail/add_submap__rosidl_typesupport_fastrtps_cpp.hpp\n'}
[1.196861] (slam_toolbox) StdoutLine: {'line': b'-- Up-to-date symlink: /home/rob1/eeng_462/lab4/install/slam_toolbox/include/slam_toolbox/slam_toolbox/srv/detail/clear__rosidl_typesupport_fastrtps_cpp.hpp\n'}
[1.197336] (slam_toolbox) StdoutLine: {'line': b'-- Up-to-date symlink: /home/rob1/eeng_462/lab4/install/slam_toolbox/include/slam_toolbox/slam_toolbox/srv/detail/clear_queue__rosidl_typesupport_fastrtps_cpp.hpp\n'}
[1.197544] (slam_toolbox) StdoutLine: {'line': b'-- Up-to-date symlink: /home/rob1/eeng_462/lab4/install/slam_toolbox/include/slam_toolbox/slam_toolbox/srv/detail/deserialize_pose_graph__rosidl_typesupport_fastrtps_cpp.hpp\n'}
[1.197830] (slam_toolbox) StdoutLine: {'line': b'-- Up-to-date symlink: /home/rob1/eeng_462/lab4/install/slam_toolbox/include/slam_toolbox/slam_toolbox/srv/detail/loop_closure__rosidl_typesupport_fastrtps_cpp.hpp\n'}
[1.198146] (slam_toolbox) StdoutLine: {'line': b'-- Up-to-date symlink: /home/rob1/eeng_462/lab4/install/slam_toolbox/include/slam_toolbox/slam_toolbox/srv/detail/merge_maps__rosidl_typesupport_fastrtps_cpp.hpp\n'}
[1.198450] (slam_toolbox) StdoutLine: {'line': b'-- Up-to-date symlink: /home/rob1/eeng_462/lab4/install/slam_toolbox/include/slam_toolbox/slam_toolbox/srv/detail/pause__rosidl_typesupport_fastrtps_cpp.hpp\n'}
[1.198751] (slam_toolbox) StdoutLine: {'line': b'-- Up-to-date symlink: /home/rob1/eeng_462/lab4/install/slam_toolbox/include/slam_toolbox/slam_toolbox/srv/detail/save_map__rosidl_typesupport_fastrtps_cpp.hpp\n'}
[1.199064] (slam_toolbox) StdoutLine: {'line': b'-- Up-to-date symlink: /home/rob1/eeng_462/lab4/install/slam_toolbox/include/slam_toolbox/slam_toolbox/srv/detail/serialize_pose_graph__rosidl_typesupport_fastrtps_cpp.hpp\n'}
[1.199404] (slam_toolbox) StdoutLine: {'line': b'-- Up-to-date symlink: /home/rob1/eeng_462/lab4/install/slam_toolbox/include/slam_toolbox/slam_toolbox/srv/detail/toggle_interactive__rosidl_typesupport_fastrtps_cpp.hpp\n'}
[1.200456] (slam_toolbox) StdoutLine: {'line': b'-- Up-to-date symlink: /home/rob1/eeng_462/lab4/install/slam_toolbox/include/slam_toolbox/slam_toolbox/msg/rosidl_typesupport_introspection_c__visibility_control.h\n'}
[1.200781] (slam_toolbox) StdoutLine: {'line': b'-- Up-to-date symlink: /home/rob1/eeng_462/lab4/install/slam_toolbox/include/slam_toolbox/slam_toolbox/srv/detail/add_submap__rosidl_typesupport_introspection_c.h\n'}
[1.201105] (slam_toolbox) StdoutLine: {'line': b'-- Up-to-date symlink: /home/rob1/eeng_462/lab4/install/slam_toolbox/include/slam_toolbox/slam_toolbox/srv/detail/clear__rosidl_typesupport_introspection_c.h\n'}
[1.201362] (-) TimerEvent: {}
[1.201682] (slam_toolbox) StdoutLine: {'line': b'-- Up-to-date symlink: /home/rob1/eeng_462/lab4/install/slam_toolbox/include/slam_toolbox/slam_toolbox/srv/detail/clear_queue__rosidl_typesupport_introspection_c.h\n'}
[1.201916] (slam_toolbox) StdoutLine: {'line': b'-- Up-to-date symlink: /home/rob1/eeng_462/lab4/install/slam_toolbox/include/slam_toolbox/slam_toolbox/srv/detail/deserialize_pose_graph__rosidl_typesupport_introspection_c.h\n'}
[1.202107] (slam_toolbox) StdoutLine: {'line': b'-- Up-to-date symlink: /home/rob1/eeng_462/lab4/install/slam_toolbox/include/slam_toolbox/slam_toolbox/srv/detail/loop_closure__rosidl_typesupport_introspection_c.h\n'}
[1.202393] (slam_toolbox) StdoutLine: {'line': b'-- Up-to-date symlink: /home/rob1/eeng_462/lab4/install/slam_toolbox/include/slam_toolbox/slam_toolbox/srv/detail/merge_maps__rosidl_typesupport_introspection_c.h\n'}
[1.202693] (slam_toolbox) StdoutLine: {'line': b'-- Up-to-date symlink: /home/rob1/eeng_462/lab4/install/slam_toolbox/include/slam_toolbox/slam_toolbox/srv/detail/pause__rosidl_typesupport_introspection_c.h\n'}
[1.203001] (slam_toolbox) StdoutLine: {'line': b'-- Up-to-date symlink: /home/rob1/eeng_462/lab4/install/slam_toolbox/include/slam_toolbox/slam_toolbox/srv/detail/save_map__rosidl_typesupport_introspection_c.h\n'}
[1.203348] (slam_toolbox) StdoutLine: {'line': b'-- Up-to-date symlink: /home/rob1/eeng_462/lab4/install/slam_toolbox/include/slam_toolbox/slam_toolbox/srv/detail/serialize_pose_graph__rosidl_typesupport_introspection_c.h\n'}
[1.203656] (slam_toolbox) StdoutLine: {'line': b'-- Up-to-date symlink: /home/rob1/eeng_462/lab4/install/slam_toolbox/include/slam_toolbox/slam_toolbox/srv/detail/toggle_interactive__rosidl_typesupport_introspection_c.h\n'}
[1.204670] (slam_toolbox) StdoutLine: {'line': b'-- Up-to-date symlink: /home/rob1/eeng_462/lab4/install/slam_toolbox/include/slam_toolbox/slam_toolbox/srv/detail/add_submap__rosidl_typesupport_introspection_cpp.hpp\n'}
[1.205003] (slam_toolbox) StdoutLine: {'line': b'-- Up-to-date symlink: /home/rob1/eeng_462/lab4/install/slam_toolbox/include/slam_toolbox/slam_toolbox/srv/detail/clear__rosidl_typesupport_introspection_cpp.hpp\n'}
[1.205322] (slam_toolbox) StdoutLine: {'line': b'-- Up-to-date symlink: /home/rob1/eeng_462/lab4/install/slam_toolbox/include/slam_toolbox/slam_toolbox/srv/detail/clear_queue__rosidl_typesupport_introspection_cpp.hpp\n'}
[1.205655] (slam_toolbox) StdoutLine: {'line': b'-- Up-to-date symlink: /home/rob1/eeng_462/lab4/install/slam_toolbox/include/slam_toolbox/slam_toolbox/srv/detail/deserialize_pose_graph__rosidl_typesupport_introspection_cpp.hpp\n'}
[1.205968] (slam_toolbox) StdoutLine: {'line': b'-- Up-to-date symlink: /home/rob1/eeng_462/lab4/install/slam_toolbox/include/slam_toolbox/slam_toolbox/srv/detail/loop_closure__rosidl_typesupport_introspection_cpp.hpp\n'}
[1.206271] (slam_toolbox) StdoutLine: {'line': b'-- Up-to-date symlink: /home/rob1/eeng_462/lab4/install/slam_toolbox/include/slam_toolbox/slam_toolbox/srv/detail/merge_maps__rosidl_typesupport_introspection_cpp.hpp\n'}
[1.206583] (slam_toolbox) StdoutLine: {'line': b'-- Up-to-date symlink: /home/rob1/eeng_462/lab4/install/slam_toolbox/include/slam_toolbox/slam_toolbox/srv/detail/pause__rosidl_typesupport_introspection_cpp.hpp\n'}
[1.206888] (slam_toolbox) StdoutLine: {'line': b'-- Up-to-date symlink: /home/rob1/eeng_462/lab4/install/slam_toolbox/include/slam_toolbox/slam_toolbox/srv/detail/save_map__rosidl_typesupport_introspection_cpp.hpp\n'}
[1.207272] (slam_toolbox) StdoutLine: {'line': b'-- Up-to-date symlink: /home/rob1/eeng_462/lab4/install/slam_toolbox/include/slam_toolbox/slam_toolbox/srv/detail/serialize_pose_graph__rosidl_typesupport_introspection_cpp.hpp\n'}
[1.207590] (slam_toolbox) StdoutLine: {'line': b'-- Up-to-date symlink: /home/rob1/eeng_462/lab4/install/slam_toolbox/include/slam_toolbox/slam_toolbox/srv/detail/toggle_interactive__rosidl_typesupport_introspection_cpp.hpp\n'}
[1.208014] (slam_toolbox) StdoutLine: {'line': b'-- Up-to-date symlink: /home/rob1/eeng_462/lab4/install/slam_toolbox/share/slam_toolbox/environment/pythonpath.sh\n'}
[1.208340] (slam_toolbox) StdoutLine: {'line': b'-- Up-to-date symlink: /home/rob1/eeng_462/lab4/install/slam_toolbox/share/slam_toolbox/environment/pythonpath.dsv\n'}
[1.208996] (slam_toolbox) StdoutLine: {'line': b'-- Up-to-date symlink: /home/rob1/eeng_462/lab4/install/slam_toolbox/local/lib/python3.10/dist-packages/slam_toolbox-2.6.10-py3.10.egg-info/PKG-INFO\n'}
[1.209334] (slam_toolbox) StdoutLine: {'line': b'-- Up-to-date symlink: /home/rob1/eeng_462/lab4/install/slam_toolbox/local/lib/python3.10/dist-packages/slam_toolbox-2.6.10-py3.10.egg-info/SOURCES.txt\n'}
[1.209650] (slam_toolbox) StdoutLine: {'line': b'-- Up-to-date symlink: /home/rob1/eeng_462/lab4/install/slam_toolbox/local/lib/python3.10/dist-packages/slam_toolbox-2.6.10-py3.10.egg-info/dependency_links.txt\n'}
[1.209965] (slam_toolbox) StdoutLine: {'line': b'-- Up-to-date symlink: /home/rob1/eeng_462/lab4/install/slam_toolbox/local/lib/python3.10/dist-packages/slam_toolbox-2.6.10-py3.10.egg-info/top_level.txt\n'}
[1.211727] (slam_toolbox) StdoutLine: {'line': b'-- Up-to-date symlink: /home/rob1/eeng_462/lab4/install/slam_toolbox/local/lib/python3.10/dist-packages/slam_toolbox/__init__.py\n'}
[1.212073] (slam_toolbox) StdoutLine: {'line': b'-- Up-to-date symlink: /home/rob1/eeng_462/lab4/install/slam_toolbox/local/lib/python3.10/dist-packages/slam_toolbox/_slam_toolbox_s.ep.rosidl_typesupport_c.c\n'}
[1.212414] (slam_toolbox) StdoutLine: {'line': b'-- Up-to-date symlink: /home/rob1/eeng_462/lab4/install/slam_toolbox/local/lib/python3.10/dist-packages/slam_toolbox/_slam_toolbox_s.ep.rosidl_typesupport_fastrtps_c.c\n'}
[1.212737] (slam_toolbox) StdoutLine: {'line': b'-- Up-to-date symlink: /home/rob1/eeng_462/lab4/install/slam_toolbox/local/lib/python3.10/dist-packages/slam_toolbox/_slam_toolbox_s.ep.rosidl_typesupport_introspection_c.c\n'}
[1.213055] (slam_toolbox) StdoutLine: {'line': b'-- Up-to-date symlink: /home/rob1/eeng_462/lab4/install/slam_toolbox/local/lib/python3.10/dist-packages/slam_toolbox/libslam_toolbox__rosidl_generator_py.so\n'}
[1.213357] (slam_toolbox) StdoutLine: {'line': b'-- Up-to-date symlink: /home/rob1/eeng_462/lab4/install/slam_toolbox/local/lib/python3.10/dist-packages/slam_toolbox/slam_toolbox_s__rosidl_typesupport_c.cpython-310-aarch64-linux-gnu.so\n'}
[1.213666] (slam_toolbox) StdoutLine: {'line': b'-- Up-to-date symlink: /home/rob1/eeng_462/lab4/install/slam_toolbox/local/lib/python3.10/dist-packages/slam_toolbox/slam_toolbox_s__rosidl_typesupport_fastrtps_c.cpython-310-aarch64-linux-gnu.so\n'}
[1.213967] (slam_toolbox) StdoutLine: {'line': b'-- Up-to-date symlink: /home/rob1/eeng_462/lab4/install/slam_toolbox/local/lib/python3.10/dist-packages/slam_toolbox/slam_toolbox_s__rosidl_typesupport_introspection_c.cpython-310-aarch64-linux-gnu.so\n'}
[1.214288] (slam_toolbox) StdoutLine: {'line': b'-- Up-to-date symlink: /home/rob1/eeng_462/lab4/install/slam_toolbox/local/lib/python3.10/dist-packages/slam_toolbox/srv/__init__.py\n'}
[1.214597] (slam_toolbox) StdoutLine: {'line': b'-- Up-to-date symlink: /home/rob1/eeng_462/lab4/install/slam_toolbox/local/lib/python3.10/dist-packages/slam_toolbox/srv/_add_submap.py\n'}
[1.214931] (slam_toolbox) StdoutLine: {'line': b'-- Up-to-date symlink: /home/rob1/eeng_462/lab4/install/slam_toolbox/local/lib/python3.10/dist-packages/slam_toolbox/srv/_add_submap_s.c\n'}
[1.215264] (slam_toolbox) StdoutLine: {'line': b'-- Up-to-date symlink: /home/rob1/eeng_462/lab4/install/slam_toolbox/local/lib/python3.10/dist-packages/slam_toolbox/srv/_clear.py\n'}
[1.215567] (slam_toolbox) StdoutLine: {'line': b'-- Up-to-date symlink: /home/rob1/eeng_462/lab4/install/slam_toolbox/local/lib/python3.10/dist-packages/slam_toolbox/srv/_clear_queue.py\n'}
[1.215859] (slam_toolbox) StdoutLine: {'line': b'-- Up-to-date symlink: /home/rob1/eeng_462/lab4/install/slam_toolbox/local/lib/python3.10/dist-packages/slam_toolbox/srv/_clear_queue_s.c\n'}
[1.216164] (slam_toolbox) StdoutLine: {'line': b'-- Up-to-date symlink: /home/rob1/eeng_462/lab4/install/slam_toolbox/local/lib/python3.10/dist-packages/slam_toolbox/srv/_clear_s.c\n'}
[1.216464] (slam_toolbox) StdoutLine: {'line': b'-- Up-to-date symlink: /home/rob1/eeng_462/lab4/install/slam_toolbox/local/lib/python3.10/dist-packages/slam_toolbox/srv/_deserialize_pose_graph.py\n'}
[1.216767] (slam_toolbox) StdoutLine: {'line': b'-- Up-to-date symlink: /home/rob1/eeng_462/lab4/install/slam_toolbox/local/lib/python3.10/dist-packages/slam_toolbox/srv/_deserialize_pose_graph_s.c\n'}
[1.217081] (slam_toolbox) StdoutLine: {'line': b'-- Up-to-date symlink: /home/rob1/eeng_462/lab4/install/slam_toolbox/local/lib/python3.10/dist-packages/slam_toolbox/srv/_loop_closure.py\n'}
[1.217395] (slam_toolbox) StdoutLine: {'line': b'-- Up-to-date symlink: /home/rob1/eeng_462/lab4/install/slam_toolbox/local/lib/python3.10/dist-packages/slam_toolbox/srv/_loop_closure_s.c\n'}
[1.217699] (slam_toolbox) StdoutLine: {'line': b'-- Up-to-date symlink: /home/rob1/eeng_462/lab4/install/slam_toolbox/local/lib/python3.10/dist-packages/slam_toolbox/srv/_merge_maps.py\n'}
[1.217996] (slam_toolbox) StdoutLine: {'line': b'-- Up-to-date symlink: /home/rob1/eeng_462/lab4/install/slam_toolbox/local/lib/python3.10/dist-packages/slam_toolbox/srv/_merge_maps_s.c\n'}
[1.218300] (slam_toolbox) StdoutLine: {'line': b'-- Up-to-date symlink: /home/rob1/eeng_462/lab4/install/slam_toolbox/local/lib/python3.10/dist-packages/slam_toolbox/srv/_pause.py\n'}
[1.218595] (slam_toolbox) StdoutLine: {'line': b'-- Up-to-date symlink: /home/rob1/eeng_462/lab4/install/slam_toolbox/local/lib/python3.10/dist-packages/slam_toolbox/srv/_pause_s.c\n'}
[1.218897] (slam_toolbox) StdoutLine: {'line': b'-- Up-to-date symlink: /home/rob1/eeng_462/lab4/install/slam_toolbox/local/lib/python3.10/dist-packages/slam_toolbox/srv/_save_map.py\n'}
[1.219630] (slam_toolbox) StdoutLine: {'line': b'-- Up-to-date symlink: /home/rob1/eeng_462/lab4/install/slam_toolbox/local/lib/python3.10/dist-packages/slam_toolbox/srv/_save_map_s.c\n'}
[1.220033] (slam_toolbox) StdoutLine: {'line': b'-- Up-to-date symlink: /home/rob1/eeng_462/lab4/install/slam_toolbox/local/lib/python3.10/dist-packages/slam_toolbox/srv/_serialize_pose_graph.py\n'}
[1.220395] (slam_toolbox) StdoutLine: {'line': b'-- Up-to-date symlink: /home/rob1/eeng_462/lab4/install/slam_toolbox/local/lib/python3.10/dist-packages/slam_toolbox/srv/_serialize_pose_graph_s.c\n'}
[1.220725] (slam_toolbox) StdoutLine: {'line': b'-- Up-to-date symlink: /home/rob1/eeng_462/lab4/install/slam_toolbox/local/lib/python3.10/dist-packages/slam_toolbox/srv/_toggle_interactive.py\n'}
[1.221046] (slam_toolbox) StdoutLine: {'line': b'-- Up-to-date symlink: /home/rob1/eeng_462/lab4/install/slam_toolbox/local/lib/python3.10/dist-packages/slam_toolbox/srv/_toggle_interactive_s.c\n'}
[1.221743] (slam_toolbox) StdoutLine: {'line': b'-- Up-to-date symlink: /home/rob1/eeng_462/lab4/install/slam_toolbox/local/lib/python3.10/dist-packages/slam_toolbox/slam_toolbox_s__rosidl_typesupport_fastrtps_c.cpython-310-aarch64-linux-gnu.so\n'}
[1.222341] (slam_toolbox) StdoutLine: {'line': b'-- Up-to-date symlink: /home/rob1/eeng_462/lab4/install/slam_toolbox/local/lib/python3.10/dist-packages/slam_toolbox/slam_toolbox_s__rosidl_typesupport_introspection_c.cpython-310-aarch64-linux-gnu.so\n'}
[1.222938] (slam_toolbox) StdoutLine: {'line': b'-- Up-to-date symlink: /home/rob1/eeng_462/lab4/install/slam_toolbox/local/lib/python3.10/dist-packages/slam_toolbox/slam_toolbox_s__rosidl_typesupport_c.cpython-310-aarch64-linux-gnu.so\n'}
[1.223372] (slam_toolbox) StdoutLine: {'line': b'-- Up-to-date symlink: /home/rob1/eeng_462/lab4/install/slam_toolbox/share/slam_toolbox/srv/Pause.idl\n'}
[1.223778] (slam_toolbox) StdoutLine: {'line': b'-- Up-to-date symlink: /home/rob1/eeng_462/lab4/install/slam_toolbox/share/slam_toolbox/srv/ClearQueue.idl\n'}
[1.224174] (slam_toolbox) StdoutLine: {'line': b'-- Up-to-date symlink: /home/rob1/eeng_462/lab4/install/slam_toolbox/share/slam_toolbox/srv/ToggleInteractive.idl\n'}
[1.224568] (slam_toolbox) StdoutLine: {'line': b'-- Up-to-date symlink: /home/rob1/eeng_462/lab4/install/slam_toolbox/share/slam_toolbox/srv/Clear.idl\n'}
[1.224957] (slam_toolbox) StdoutLine: {'line': b'-- Up-to-date symlink: /home/rob1/eeng_462/lab4/install/slam_toolbox/share/slam_toolbox/srv/SaveMap.idl\n'}
[1.225333] (slam_toolbox) StdoutLine: {'line': b'-- Up-to-date symlink: /home/rob1/eeng_462/lab4/install/slam_toolbox/share/slam_toolbox/srv/LoopClosure.idl\n'}
[1.225715] (slam_toolbox) StdoutLine: {'line': b'-- Up-to-date symlink: /home/rob1/eeng_462/lab4/install/slam_toolbox/share/slam_toolbox/srv/MergeMaps.idl\n'}
[1.226089] (slam_toolbox) StdoutLine: {'line': b'-- Up-to-date symlink: /home/rob1/eeng_462/lab4/install/slam_toolbox/share/slam_toolbox/srv/AddSubmap.idl\n'}
[1.226468] (slam_toolbox) StdoutLine: {'line': b'-- Up-to-date symlink: /home/rob1/eeng_462/lab4/install/slam_toolbox/share/slam_toolbox/srv/DeserializePoseGraph.idl\n'}
[1.226865] (slam_toolbox) StdoutLine: {'line': b'-- Up-to-date symlink: /home/rob1/eeng_462/lab4/install/slam_toolbox/share/slam_toolbox/srv/SerializePoseGraph.idl\n'}
[1.227203] (slam_toolbox) StdoutLine: {'line': b'-- Up-to-date symlink: /home/rob1/eeng_462/lab4/install/slam_toolbox/share/slam_toolbox/srv/Pause.srv\n'}
[1.227582] (slam_toolbox) StdoutLine: {'line': b'-- Up-to-date symlink: /home/rob1/eeng_462/lab4/install/slam_toolbox/share/slam_toolbox/srv/Pause_Request.msg\n'}
[1.227953] (slam_toolbox) StdoutLine: {'line': b'-- Up-to-date symlink: /home/rob1/eeng_462/lab4/install/slam_toolbox/share/slam_toolbox/srv/Pause_Response.msg\n'}
[1.228327] (slam_toolbox) StdoutLine: {'line': b'-- Up-to-date symlink: /home/rob1/eeng_462/lab4/install/slam_toolbox/share/slam_toolbox/srv/ClearQueue.srv\n'}
[1.228703] (slam_toolbox) StdoutLine: {'line': b'-- Up-to-date symlink: /home/rob1/eeng_462/lab4/install/slam_toolbox/share/slam_toolbox/srv/ClearQueue_Request.msg\n'}
[1.229078] (slam_toolbox) StdoutLine: {'line': b'-- Up-to-date symlink: /home/rob1/eeng_462/lab4/install/slam_toolbox/share/slam_toolbox/srv/ClearQueue_Response.msg\n'}
[1.229449] (slam_toolbox) StdoutLine: {'line': b'-- Up-to-date symlink: /home/rob1/eeng_462/lab4/install/slam_toolbox/share/slam_toolbox/srv/ToggleInteractive.srv\n'}
[1.229829] (slam_toolbox) StdoutLine: {'line': b'-- Up-to-date symlink: /home/rob1/eeng_462/lab4/install/slam_toolbox/share/slam_toolbox/srv/ToggleInteractive_Request.msg\n'}
[1.230195] (slam_toolbox) StdoutLine: {'line': b'-- Up-to-date symlink: /home/rob1/eeng_462/lab4/install/slam_toolbox/share/slam_toolbox/srv/ToggleInteractive_Response.msg\n'}
[1.230502] (slam_toolbox) StdoutLine: {'line': b'-- Up-to-date symlink: /home/rob1/eeng_462/lab4/install/slam_toolbox/share/slam_toolbox/srv/Clear.srv\n'}
[1.230865] (slam_toolbox) StdoutLine: {'line': b'-- Up-to-date symlink: /home/rob1/eeng_462/lab4/install/slam_toolbox/share/slam_toolbox/srv/Clear_Request.msg\n'}
[1.231251] (slam_toolbox) StdoutLine: {'line': b'-- Up-to-date symlink: /home/rob1/eeng_462/lab4/install/slam_toolbox/share/slam_toolbox/srv/Clear_Response.msg\n'}
[1.231556] (slam_toolbox) StdoutLine: {'line': b'-- Up-to-date symlink: /home/rob1/eeng_462/lab4/install/slam_toolbox/share/slam_toolbox/srv/SaveMap.srv\n'}
[1.231936] (slam_toolbox) StdoutLine: {'line': b'-- Up-to-date symlink: /home/rob1/eeng_462/lab4/install/slam_toolbox/share/slam_toolbox/srv/SaveMap_Request.msg\n'}
[1.232313] (slam_toolbox) StdoutLine: {'line': b'-- Up-to-date symlink: /home/rob1/eeng_462/lab4/install/slam_toolbox/share/slam_toolbox/srv/SaveMap_Response.msg\n'}
[1.232696] (slam_toolbox) StdoutLine: {'line': b'-- Up-to-date symlink: /home/rob1/eeng_462/lab4/install/slam_toolbox/share/slam_toolbox/srv/LoopClosure.srv\n'}
[1.233064] (slam_toolbox) StdoutLine: {'line': b'-- Up-to-date symlink: /home/rob1/eeng_462/lab4/install/slam_toolbox/share/slam_toolbox/srv/LoopClosure_Request.msg\n'}
[1.233452] (slam_toolbox) StdoutLine: {'line': b'-- Up-to-date symlink: /home/rob1/eeng_462/lab4/install/slam_toolbox/share/slam_toolbox/srv/LoopClosure_Response.msg\n'}
[1.233759] (slam_toolbox) StdoutLine: {'line': b'-- Up-to-date symlink: /home/rob1/eeng_462/lab4/install/slam_toolbox/share/slam_toolbox/srv/MergeMaps.srv\n'}
[1.234131] (slam_toolbox) StdoutLine: {'line': b'-- Up-to-date symlink: /home/rob1/eeng_462/lab4/install/slam_toolbox/share/slam_toolbox/srv/MergeMaps_Request.msg\n'}
[1.234496] (slam_toolbox) StdoutLine: {'line': b'-- Up-to-date symlink: /home/rob1/eeng_462/lab4/install/slam_toolbox/share/slam_toolbox/srv/MergeMaps_Response.msg\n'}
[1.234800] (slam_toolbox) StdoutLine: {'line': b'-- Up-to-date symlink: /home/rob1/eeng_462/lab4/install/slam_toolbox/share/slam_toolbox/srv/AddSubmap.srv\n'}
[1.235203] (slam_toolbox) StdoutLine: {'line': b'-- Up-to-date symlink: /home/rob1/eeng_462/lab4/install/slam_toolbox/share/slam_toolbox/srv/AddSubmap_Request.msg\n'}
[1.235575] (slam_toolbox) StdoutLine: {'line': b'-- Up-to-date symlink: /home/rob1/eeng_462/lab4/install/slam_toolbox/share/slam_toolbox/srv/AddSubmap_Response.msg\n'}
[1.235940] (slam_toolbox) StdoutLine: {'line': b'-- Up-to-date symlink: /home/rob1/eeng_462/lab4/install/slam_toolbox/share/slam_toolbox/srv/DeserializePoseGraph.srv\n'}
[1.236309] (slam_toolbox) StdoutLine: {'line': b'-- Up-to-date symlink: /home/rob1/eeng_462/lab4/install/slam_toolbox/share/slam_toolbox/srv/DeserializePoseGraph_Request.msg\n'}
[1.236673] (slam_toolbox) StdoutLine: {'line': b'-- Up-to-date symlink: /home/rob1/eeng_462/lab4/install/slam_toolbox/share/slam_toolbox/srv/DeserializePoseGraph_Response.msg\n'}
[1.237039] (slam_toolbox) StdoutLine: {'line': b'-- Up-to-date symlink: /home/rob1/eeng_462/lab4/install/slam_toolbox/share/slam_toolbox/srv/SerializePoseGraph.srv\n'}
[1.237411] (slam_toolbox) StdoutLine: {'line': b'-- Up-to-date symlink: /home/rob1/eeng_462/lab4/install/slam_toolbox/share/slam_toolbox/srv/SerializePoseGraph_Request.msg\n'}
[1.237774] (slam_toolbox) StdoutLine: {'line': b'-- Up-to-date symlink: /home/rob1/eeng_462/lab4/install/slam_toolbox/share/slam_toolbox/srv/SerializePoseGraph_Response.msg\n'}
[1.238080] (slam_toolbox) StdoutLine: {'line': b'-- Up-to-date symlink: /home/rob1/eeng_462/lab4/install/slam_toolbox/share/slam_toolbox//rviz_plugins.xml\n'}
[1.238439] (slam_toolbox) StdoutLine: {'line': b'-- Up-to-date symlink: /home/rob1/eeng_462/lab4/install/slam_toolbox/share/slam_toolbox//solver_plugins.xml\n'}
[1.239242] (slam_toolbox) StdoutLine: {'line': b'-- Up-to-date symlink: /home/rob1/eeng_462/lab4/install/slam_toolbox/lib/slam_toolbox/async_slam_toolbox_node\n'}
[1.239621] (slam_toolbox) StdoutLine: {'line': b'-- Up-to-date symlink: /home/rob1/eeng_462/lab4/install/slam_toolbox/lib/slam_toolbox/sync_slam_toolbox_node\n'}
[1.239989] (slam_toolbox) StdoutLine: {'line': b'-- Up-to-date symlink: /home/rob1/eeng_462/lab4/install/slam_toolbox/lib/slam_toolbox/localization_slam_toolbox_node\n'}
[1.240359] (slam_toolbox) StdoutLine: {'line': b'-- Up-to-date symlink: /home/rob1/eeng_462/lab4/install/slam_toolbox/lib/slam_toolbox/map_and_localization_slam_toolbox_node\n'}
[1.240723] (slam_toolbox) StdoutLine: {'line': b'-- Up-to-date symlink: /home/rob1/eeng_462/lab4/install/slam_toolbox/lib/slam_toolbox/merge_maps_kinematic\n'}
[1.241067] (slam_toolbox) StdoutLine: {'line': b'-- Up-to-date symlink: /home/rob1/eeng_462/lab4/install/slam_toolbox/lib/libtoolbox_common.so\n'}
[1.241410] (slam_toolbox) StdoutLine: {'line': b'-- Up-to-date symlink: /home/rob1/eeng_462/lab4/install/slam_toolbox/lib/libSlamToolboxPlugin.so\n'}
[1.241753] (slam_toolbox) StdoutLine: {'line': b'-- Up-to-date symlink: /home/rob1/eeng_462/lab4/install/slam_toolbox/lib/libceres_solver_plugin.so\n'}
[1.242109] (slam_toolbox) StdoutLine: {'line': b'-- Up-to-date symlink: /home/rob1/eeng_462/lab4/install/slam_toolbox/lib/libasync_slam_toolbox.so\n'}
[1.242461] (slam_toolbox) StdoutLine: {'line': b'-- Up-to-date symlink: /home/rob1/eeng_462/lab4/install/slam_toolbox/lib/libsync_slam_toolbox.so\n'}
[1.242817] (slam_toolbox) StdoutLine: {'line': b'-- Up-to-date symlink: /home/rob1/eeng_462/lab4/install/slam_toolbox/lib/liblocalization_slam_toolbox.so\n'}
[1.243176] (slam_toolbox) StdoutLine: {'line': b'-- Up-to-date symlink: /home/rob1/eeng_462/lab4/install/slam_toolbox/lib/liblifelong_slam_toolbox.so\n'}
[1.243518] (slam_toolbox) StdoutLine: {'line': b'-- Up-to-date symlink: /home/rob1/eeng_462/lab4/install/slam_toolbox/lib/libmap_and_localization_slam_toolbox.so\n'}
[1.243886] (slam_toolbox) StdoutLine: {'line': b'-- Up-to-date symlink: /home/rob1/eeng_462/lab4/install/slam_toolbox/lib/libkartoSlamToolbox.so\n'}
[1.244942] (slam_toolbox) StdoutLine: {'line': b'-- Up-to-date symlink: /home/rob1/eeng_462/lab4/install/slam_toolbox/include/slam_toolbox/experimental/slam_toolbox_lifelong.hpp\n'}
[1.245263] (slam_toolbox) StdoutLine: {'line': b'-- Up-to-date symlink: /home/rob1/eeng_462/lab4/install/slam_toolbox/include/slam_toolbox/experimental/slam_toolbox_map_and_localization.hpp\n'}
[1.245569] (slam_toolbox) StdoutLine: {'line': b'-- Up-to-date symlink: /home/rob1/eeng_462/lab4/install/slam_toolbox/include/slam_toolbox/get_pose_helper.hpp\n'}
[1.245859] (slam_toolbox) StdoutLine: {'line': b'-- Up-to-date symlink: /home/rob1/eeng_462/lab4/install/slam_toolbox/include/slam_toolbox/laser_utils.hpp\n'}
[1.246147] (slam_toolbox) StdoutLine: {'line': b'-- Up-to-date symlink: /home/rob1/eeng_462/lab4/install/slam_toolbox/include/slam_toolbox/loop_closure_assistant.hpp\n'}
[1.246432] (slam_toolbox) StdoutLine: {'line': b'-- Up-to-date symlink: /home/rob1/eeng_462/lab4/install/slam_toolbox/include/slam_toolbox/map_saver.hpp\n'}
[1.246719] (slam_toolbox) StdoutLine: {'line': b'-- Up-to-date symlink: /home/rob1/eeng_462/lab4/install/slam_toolbox/include/slam_toolbox/merge_maps_kinematic.hpp\n'}
[1.247009] (slam_toolbox) StdoutLine: {'line': b'-- Up-to-date symlink: /home/rob1/eeng_462/lab4/install/slam_toolbox/include/slam_toolbox/serialization.hpp\n'}
[1.247307] (slam_toolbox) StdoutLine: {'line': b'-- Up-to-date symlink: /home/rob1/eeng_462/lab4/install/slam_toolbox/include/slam_toolbox/slam_mapper.hpp\n'}
[1.247586] (slam_toolbox) StdoutLine: {'line': b'-- Up-to-date symlink: /home/rob1/eeng_462/lab4/install/slam_toolbox/include/slam_toolbox/slam_toolbox_async.hpp\n'}
[1.247866] (slam_toolbox) StdoutLine: {'line': b'-- Up-to-date symlink: /home/rob1/eeng_462/lab4/install/slam_toolbox/include/slam_toolbox/slam_toolbox_common.hpp\n'}
[1.248149] (slam_toolbox) StdoutLine: {'line': b'-- Up-to-date symlink: /home/rob1/eeng_462/lab4/install/slam_toolbox/include/slam_toolbox/slam_toolbox_localization.hpp\n'}
[1.248431] (slam_toolbox) StdoutLine: {'line': b'-- Up-to-date symlink: /home/rob1/eeng_462/lab4/install/slam_toolbox/include/slam_toolbox/slam_toolbox_sync.hpp\n'}
[1.248730] (slam_toolbox) StdoutLine: {'line': b'-- Up-to-date symlink: /home/rob1/eeng_462/lab4/install/slam_toolbox/include/slam_toolbox/snap_utils.hpp\n'}
[1.249014] (slam_toolbox) StdoutLine: {'line': b'-- Up-to-date symlink: /home/rob1/eeng_462/lab4/install/slam_toolbox/include/slam_toolbox/toolbox_msgs.hpp\n'}
[1.249283] (slam_toolbox) StdoutLine: {'line': b'-- Up-to-date symlink: /home/rob1/eeng_462/lab4/install/slam_toolbox/include/slam_toolbox/toolbox_types.hpp\n'}
[1.249561] (slam_toolbox) StdoutLine: {'line': b'-- Up-to-date symlink: /home/rob1/eeng_462/lab4/install/slam_toolbox/include/slam_toolbox/visualization_utils.hpp\n'}
[1.250399] (slam_toolbox) StdoutLine: {'line': b'-- Up-to-date symlink: /home/rob1/eeng_462/lab4/install/slam_toolbox/share/slam_toolbox/launch/localization_launch.py\n'}
[1.250704] (slam_toolbox) StdoutLine: {'line': b'-- Up-to-date symlink: /home/rob1/eeng_462/lab4/install/slam_toolbox/share/slam_toolbox/launch/merge_maps_kinematic_launch.py\n'}
[1.251004] (slam_toolbox) StdoutLine: {'line': b'-- Up-to-date symlink: /home/rob1/eeng_462/lab4/install/slam_toolbox/share/slam_toolbox/launch/offline_launch.py\n'}
[1.251306] (slam_toolbox) StdoutLine: {'line': b'-- Up-to-date symlink: /home/rob1/eeng_462/lab4/install/slam_toolbox/share/slam_toolbox/launch/online_async_launch.py\n'}
[1.251818] (slam_toolbox) StdoutLine: {'line': b'-- Up-to-date symlink: /home/rob1/eeng_462/lab4/install/slam_toolbox/share/slam_toolbox/launch/online_sync_launch.py\n'}
[1.252288] (slam_toolbox) StdoutLine: {'line': b'-- Up-to-date symlink: /home/rob1/eeng_462/lab4/install/slam_toolbox/share/slam_toolbox/config/mapper_params_lifelong.yaml\n'}
[1.252586] (slam_toolbox) StdoutLine: {'line': b'-- Up-to-date symlink: /home/rob1/eeng_462/lab4/install/slam_toolbox/share/slam_toolbox/config/mapper_params_localization.yaml\n'}
[1.252885] (slam_toolbox) StdoutLine: {'line': b'-- Up-to-date symlink: /home/rob1/eeng_462/lab4/install/slam_toolbox/share/slam_toolbox/config/mapper_params_offline.yaml\n'}
[1.253170] (slam_toolbox) StdoutLine: {'line': b'-- Up-to-date symlink: /home/rob1/eeng_462/lab4/install/slam_toolbox/share/slam_toolbox/config/mapper_params_online_async.yaml\n'}
[1.253453] (slam_toolbox) StdoutLine: {'line': b'-- Up-to-date symlink: /home/rob1/eeng_462/lab4/install/slam_toolbox/share/slam_toolbox/config/mapper_params_online_sync.yaml\n'}
[1.253737] (slam_toolbox) StdoutLine: {'line': b'-- Up-to-date symlink: /home/rob1/eeng_462/lab4/install/slam_toolbox/share/slam_toolbox/config/slam_toolbox_default.rviz\n'}
[1.254124] (slam_toolbox) StdoutLine: {'line': b'-- Up-to-date symlink: /home/rob1/eeng_462/lab4/install/slam_toolbox/share/solver_plugins.xml\n'}
[1.254358] (slam_toolbox) StdoutLine: {'line': b'-- Up-to-date symlink: /home/rob1/eeng_462/lab4/install/slam_toolbox/share/rviz_plugins.xml\n'}
[1.254723] (slam_toolbox) StdoutLine: {'line': b'-- Up-to-date symlink: /home/rob1/eeng_462/lab4/install/slam_toolbox/share/ament_index/resource_index/package_run_dependencies/slam_toolbox\n'}
[1.255236] (slam_toolbox) StdoutLine: {'line': b'-- Up-to-date symlink: /home/rob1/eeng_462/lab4/install/slam_toolbox/share/ament_index/resource_index/parent_prefix_path/slam_toolbox\n'}
[1.255618] (slam_toolbox) StdoutLine: {'line': b'-- Up-to-date symlink: /home/rob1/eeng_462/lab4/install/slam_toolbox/share/slam_toolbox/environment/ament_prefix_path.sh\n'}
[1.255915] (slam_toolbox) StdoutLine: {'line': b'-- Up-to-date symlink: /home/rob1/eeng_462/lab4/install/slam_toolbox/share/slam_toolbox/environment/ament_prefix_path.dsv\n'}
[1.256363] (slam_toolbox) StdoutLine: {'line': b'-- Up-to-date symlink: /home/rob1/eeng_462/lab4/install/slam_toolbox/share/slam_toolbox/environment/path.sh\n'}
[1.256661] (slam_toolbox) StdoutLine: {'line': b'-- Up-to-date symlink: /home/rob1/eeng_462/lab4/install/slam_toolbox/share/slam_toolbox/environment/path.dsv\n'}
[1.257065] (slam_toolbox) StdoutLine: {'line': b'-- Up-to-date symlink: /home/rob1/eeng_462/lab4/install/slam_toolbox/share/slam_toolbox/local_setup.bash\n'}
[1.257414] (slam_toolbox) StdoutLine: {'line': b'-- Up-to-date symlink: /home/rob1/eeng_462/lab4/install/slam_toolbox/share/slam_toolbox/local_setup.sh\n'}
[1.257784] (slam_toolbox) StdoutLine: {'line': b'-- Up-to-date symlink: /home/rob1/eeng_462/lab4/install/slam_toolbox/share/slam_toolbox/local_setup.zsh\n'}
[1.258077] (slam_toolbox) StdoutLine: {'line': b'-- Up-to-date symlink: /home/rob1/eeng_462/lab4/install/slam_toolbox/share/slam_toolbox/local_setup.dsv\n'}
[1.258292] (slam_toolbox) StdoutLine: {'line': b'-- Symlinking: /home/rob1/eeng_462/lab4/install/slam_toolbox/share/slam_toolbox/package.dsv\n'}
[1.277782] (slam_toolbox) StdoutLine: {'line': b'-- Up-to-date symlink: /home/rob1/eeng_462/lab4/install/slam_toolbox/share/ament_index/resource_index/packages/slam_toolbox\n'}
[1.278309] (slam_toolbox) StdoutLine: {'line': b'-- Up-to-date symlink: /home/rob1/eeng_462/lab4/install/slam_toolbox/share/ament_index/resource_index/rviz_common__pluginlib__plugin/slam_toolbox\n'}
[1.278551] (slam_toolbox) StdoutLine: {'line': b'-- Up-to-date symlink: /home/rob1/eeng_462/lab4/install/slam_toolbox/share/ament_index/resource_index/slam_toolbox__pluginlib__plugin/slam_toolbox\n'}
[1.278937] (slam_toolbox) StdoutLine: {'line': b'-- Up-to-date symlink: /home/rob1/eeng_462/lab4/install/slam_toolbox/share/ament_index/resource_index/rclcpp_components/slam_toolbox\n'}
[1.279402] (slam_toolbox) StdoutLine: {'line': b'-- Up-to-date symlink: /home/rob1/eeng_462/lab4/install/slam_toolbox/share/slam_toolbox/cmake/rosidl_cmake-extras.cmake\n'}
[1.279811] (slam_toolbox) StdoutLine: {'line': b'-- Up-to-date symlink: /home/rob1/eeng_462/lab4/install/slam_toolbox/share/slam_toolbox/cmake/ament_cmake_export_dependencies-extras.cmake\n'}
[1.280238] (slam_toolbox) StdoutLine: {'line': b'-- Up-to-date symlink: /home/rob1/eeng_462/lab4/install/slam_toolbox/share/slam_toolbox/cmake/ament_cmake_export_include_directories-extras.cmake\n'}
[1.280654] (slam_toolbox) StdoutLine: {'line': b'-- Up-to-date symlink: /home/rob1/eeng_462/lab4/install/slam_toolbox/share/slam_toolbox/cmake/ament_cmake_export_libraries-extras.cmake\n'}
[1.281065] (slam_toolbox) StdoutLine: {'line': b'-- Up-to-date symlink: /home/rob1/eeng_462/lab4/install/slam_toolbox/share/slam_toolbox/cmake/ament_cmake_export_targets-extras.cmake\n'}
[1.281468] (slam_toolbox) StdoutLine: {'line': b'-- Up-to-date symlink: /home/rob1/eeng_462/lab4/install/slam_toolbox/share/slam_toolbox/cmake/rosidl_cmake_export_typesupport_targets-extras.cmake\n'}
[1.281885] (slam_toolbox) StdoutLine: {'line': b'-- Up-to-date symlink: /home/rob1/eeng_462/lab4/install/slam_toolbox/share/slam_toolbox/cmake/rosidl_cmake_export_typesupport_libraries-extras.cmake\n'}
[1.282307] (slam_toolbox) StdoutLine: {'line': b'-- Up-to-date symlink: /home/rob1/eeng_462/lab4/install/slam_toolbox/share/slam_toolbox/cmake/slam_toolboxConfig.cmake\n'}
[1.282645] (slam_toolbox) StdoutLine: {'line': b'-- Up-to-date symlink: /home/rob1/eeng_462/lab4/install/slam_toolbox/share/slam_toolbox/cmake/slam_toolboxConfig-version.cmake\n'}
[1.283000] (slam_toolbox) StdoutLine: {'line': b'-- Up-to-date symlink: /home/rob1/eeng_462/lab4/install/slam_toolbox/share/slam_toolbox/package.xml\n'}
[1.283612] (slam_toolbox) StdoutLine: {'line': b'-- Up-to-date: /home/rob1/eeng_462/lab4/install/slam_toolbox/lib/libslam_toolbox__rosidl_generator_c.so\n'}
[1.284216] (slam_toolbox) StdoutLine: {'line': b'-- Up-to-date: /home/rob1/eeng_462/lab4/install/slam_toolbox/lib/libslam_toolbox__rosidl_typesupport_fastrtps_c.so\n'}
[1.284782] (slam_toolbox) StdoutLine: {'line': b'-- Up-to-date: /home/rob1/eeng_462/lab4/install/slam_toolbox/lib/libslam_toolbox__rosidl_typesupport_fastrtps_cpp.so\n'}
[1.285332] (slam_toolbox) StdoutLine: {'line': b'-- Up-to-date: /home/rob1/eeng_462/lab4/install/slam_toolbox/lib/libslam_toolbox__rosidl_typesupport_introspection_c.so\n'}
[1.285844] (slam_toolbox) StdoutLine: {'line': b'-- Up-to-date: /home/rob1/eeng_462/lab4/install/slam_toolbox/lib/libslam_toolbox__rosidl_typesupport_c.so\n'}
[1.286371] (slam_toolbox) StdoutLine: {'line': b'-- Up-to-date: /home/rob1/eeng_462/lab4/install/slam_toolbox/lib/libslam_toolbox__rosidl_typesupport_introspection_cpp.so\n'}
[1.286896] (slam_toolbox) StdoutLine: {'line': b'-- Up-to-date: /home/rob1/eeng_462/lab4/install/slam_toolbox/lib/libslam_toolbox__rosidl_typesupport_cpp.so\n'}
[1.301508] (-) TimerEvent: {}
[1.363711] (slam_toolbox) StdoutLine: {'line': b"Listing '/home/rob1/eeng_462/lab4/install/slam_toolbox/local/lib/python3.10/dist-packages/slam_toolbox'...\n"}
[1.364142] (slam_toolbox) StdoutLine: {'line': b"Listing '/home/rob1/eeng_462/lab4/install/slam_toolbox/local/lib/python3.10/dist-packages/slam_toolbox/srv'...\n"}
[1.375853] (slam_toolbox) StdoutLine: {'line': b'-- Up-to-date: /home/rob1/eeng_462/lab4/install/slam_toolbox/lib/libslam_toolbox__rosidl_generator_py.so\n'}
[1.376876] (slam_toolbox) StdoutLine: {'line': b'-- Up-to-date: /home/rob1/eeng_462/lab4/install/slam_toolbox/share/slam_toolbox/cmake/export_slam_toolbox__rosidl_generator_cExport.cmake\n'}
[1.377089] (slam_toolbox) StdoutLine: {'line': b'-- Up-to-date: /home/rob1/eeng_462/lab4/install/slam_toolbox/share/slam_toolbox/cmake/export_slam_toolbox__rosidl_generator_cExport-release.cmake\n'}
[1.377766] (slam_toolbox) StdoutLine: {'line': b'-- Up-to-date: /home/rob1/eeng_462/lab4/install/slam_toolbox/share/slam_toolbox/cmake/export_slam_toolbox__rosidl_typesupport_fastrtps_cExport.cmake\n'}
[1.377981] (slam_toolbox) StdoutLine: {'line': b'-- Up-to-date: /home/rob1/eeng_462/lab4/install/slam_toolbox/share/slam_toolbox/cmake/export_slam_toolbox__rosidl_typesupport_fastrtps_cExport-release.cmake\n'}
[1.378434] (slam_toolbox) StdoutLine: {'line': b'-- Up-to-date: /home/rob1/eeng_462/lab4/install/slam_toolbox/share/slam_toolbox/cmake/export_slam_toolbox__rosidl_generator_cppExport.cmake\n'}
[1.378887] (slam_toolbox) StdoutLine: {'line': b'-- Up-to-date: /home/rob1/eeng_462/lab4/install/slam_toolbox/share/slam_toolbox/cmake/export_slam_toolbox__rosidl_typesupport_fastrtps_cppExport.cmake\n'}
[1.379094] (slam_toolbox) StdoutLine: {'line': b'-- Up-to-date: /home/rob1/eeng_462/lab4/install/slam_toolbox/share/slam_toolbox/cmake/export_slam_toolbox__rosidl_typesupport_fastrtps_cppExport-release.cmake\n'}
[1.379531] (slam_toolbox) StdoutLine: {'line': b'-- Up-to-date: /home/rob1/eeng_462/lab4/install/slam_toolbox/share/slam_toolbox/cmake/slam_toolbox__rosidl_typesupport_introspection_cExport.cmake\n'}
[1.379720] (slam_toolbox) StdoutLine: {'line': b'-- Up-to-date: /home/rob1/eeng_462/lab4/install/slam_toolbox/share/slam_toolbox/cmake/slam_toolbox__rosidl_typesupport_introspection_cExport-release.cmake\n'}
[1.380119] (slam_toolbox) StdoutLine: {'line': b'-- Up-to-date: /home/rob1/eeng_462/lab4/install/slam_toolbox/share/slam_toolbox/cmake/slam_toolbox__rosidl_typesupport_cExport.cmake\n'}
[1.380307] (slam_toolbox) StdoutLine: {'line': b'-- Up-to-date: /home/rob1/eeng_462/lab4/install/slam_toolbox/share/slam_toolbox/cmake/slam_toolbox__rosidl_typesupport_cExport-release.cmake\n'}
[1.380880] (slam_toolbox) StdoutLine: {'line': b'-- Up-to-date: /home/rob1/eeng_462/lab4/install/slam_toolbox/share/slam_toolbox/cmake/slam_toolbox__rosidl_typesupport_introspection_cppExport.cmake\n'}
[1.381052] (slam_toolbox) StdoutLine: {'line': b'-- Up-to-date: /home/rob1/eeng_462/lab4/install/slam_toolbox/share/slam_toolbox/cmake/slam_toolbox__rosidl_typesupport_introspection_cppExport-release.cmake\n'}
[1.381392] (slam_toolbox) StdoutLine: {'line': b'-- Up-to-date: /home/rob1/eeng_462/lab4/install/slam_toolbox/share/slam_toolbox/cmake/slam_toolbox__rosidl_typesupport_cppExport.cmake\n'}
[1.381644] (slam_toolbox) StdoutLine: {'line': b'-- Up-to-date: /home/rob1/eeng_462/lab4/install/slam_toolbox/share/slam_toolbox/cmake/slam_toolbox__rosidl_typesupport_cppExport-release.cmake\n'}
[1.381883] (slam_toolbox) StdoutLine: {'line': b'-- Up-to-date: /home/rob1/eeng_462/lab4/install/slam_toolbox/share/slam_toolbox/cmake/export_slam_toolbox__rosidl_generator_pyExport.cmake\n'}
[1.382105] (slam_toolbox) StdoutLine: {'line': b'-- Up-to-date: /home/rob1/eeng_462/lab4/install/slam_toolbox/share/slam_toolbox/cmake/export_slam_toolbox__rosidl_generator_pyExport-release.cmake\n'}
[1.382323] (slam_toolbox) StdoutLine: {'line': b'-- Up-to-date: /home/rob1/eeng_462/lab4/install/slam_toolbox/share/slam_toolbox/cmake/SlamToolboxPluginExport.cmake\n'}
[1.382521] (slam_toolbox) StdoutLine: {'line': b'-- Up-to-date: /home/rob1/eeng_462/lab4/install/slam_toolbox/share/slam_toolbox/cmake/SlamToolboxPluginExport-release.cmake\n'}
[1.387785] (slam_toolbox) CommandEnded: {'returncode': 0}
[1.401712] (-) TimerEvent: {}
[1.438757] (slam_toolbox) JobEnded: {'identifier': 'slam_toolbox', 'rc': 0}
[1.501854] (-) TimerEvent: {}
[1.602374] (-) TimerEvent: {}
[1.702950] (-) TimerEvent: {}
[1.803556] (-) TimerEvent: {}
[1.904140] (-) TimerEvent: {}
[2.004696] (-) TimerEvent: {}
[2.098314] (mecanum_robot) Command: {'cmd': ['/usr/bin/python3', '-W', 'ignore:setup.py install is deprecated', '-W', 'ignore:easy_install command is deprecated', 'setup.py', 'egg_info', '--egg-base', '../../build/mecanum_robot', 'build', '--build-base', '/home/rob1/eeng_462/lab4/build/mecanum_robot/build', 'install', '--record', '/home/rob1/eeng_462/lab4/build/mecanum_robot/install.log', '--single-version-externally-managed', 'install_data'], 'cwd': '/home/rob1/eeng_462/lab4/src/mecanum_robot', 'env': {'USER': 'rob1', 'XDG_SEAT': 'seat0', 'XDG_SESSION_TYPE': 'x11', 'SHLVL': '1', 'LD_LIBRARY_PATH': '/home/rob1/eeng_462/lab4/install/slam_toolbox/lib:/home/rob1/eeng_462/lab4/install/openslam_gmapping/lib:/opt/ros/humble/opt/rviz_ogre_vendor/lib:/opt/ros/humble/lib/aarch64-linux-gnu:/opt/ros/humble/lib', 'HOME': '/home/rob1', 'OLDPWD': '/home/rob1/eeng_462', 'LESS': '-R', 'DESKTOP_SESSION': 'i3', 'ZSH': '/home/rob1/.oh-my-zsh', 'LSCOLORS': 'Gxfxcxdxbxegedabagacad', 'GTK_MODULES': 'gail:atk-bridge', 'PAGER': 'less', 'ROS_PYTHON_VERSION': '3', 'SYSTEMD_EXEC_PID': '1839', 'DBUS_SESSION_BUS_ADDRESS': 'unix:path=/run/user/1000/bus', 'COLORTERM': 'truecolor', '_colcon_cd_root': '/opt/ros/humble/', 'ROS_DISTRO': 'humble', 'COLCON_PREFIX_PATH': '/home/rob1/eeng_462/lab4/install', 'GTK_IM_MODULE': 'ibus', 'LOGNAME': 'rob1', '_': '/usr/bin/colcon', 'XDG_SESSION_CLASS': 'user', 'ROS_VERSION': '2', 'XDG_SESSION_ID': '2', 'USERNAME': 'rob1', 'TERM': 'xterm-256color', 'ROS_LOCALHOST_ONLY': '0', 'WINDOWPATH': '2', 'PATH': '/opt/ros/humble/bin:/home/rob1/.local/bin:/usr/local/sbin:/usr/local/bin:/usr/sbin:/usr/bin:/sbin:/bin:/usr/games:/usr/local/games:/snap/bin:/snap/bin', 'GNOME_TERMINAL_SCREEN': '/org/gnome/Terminal/screen/5b3aaf95_5539_44c3_9ed1_359fd9d6f4f9', 'XDG_RUNTIME_DIR': '/run/user/1000', 'DISPLAY': ':1', 'LANG': 'en_US.UTF-8', 'XDG_CURRENT_DESKTOP': 'i3', 'XDG_SESSION_DESKTOP': 'i3', 'GNOME_TERMINAL_SERVICE': ':1.45', 'XMODIFIERS': '@im=ibus', 'XAUTHORITY': '/run/user/1000/gdm/Xauthority', 'LS_COLORS': 'rs=0:di=01;34:ln=01;36:mh=00:pi=40;33:so=01;35:do=01;35:bd=40;33;01:cd=40;33;01:or=40;31;01:mi=00:su=37;41:sg=30;43:ca=30;41:tw=30;42:ow=34;42:st=37;44:ex=01;32:*.tar=01;31:*.tgz=01;31:*.arc=01;31:*.arj=01;31:*.taz=01;31:*.lha=01;31:*.lz4=01;31:*.lzh=01;31:*.lzma=01;31:*.tlz=01;31:*.txz=01;31:*.tzo=01;31:*.t7z=01;31:*.zip=01;31:*.z=01;31:*.dz=01;31:*.gz=01;31:*.lrz=01;31:*.lz=01;31:*.lzo=01;31:*.xz=01;31:*.zst=01;31:*.tzst=01;31:*.bz2=01;31:*.bz=01;31:*.tbz=01;31:*.tbz2=01;31:*.tz=01;31:*.deb=01;31:*.rpm=01;31:*.jar=01;31:*.war=01;31:*.ear=01;31:*.sar=01;31:*.rar=01;31:*.alz=01;31:*.ace=01;31:*.zoo=01;31:*.cpio=01;31:*.7z=01;31:*.rz=01;31:*.cab=01;31:*.wim=01;31:*.swm=01;31:*.dwm=01;31:*.esd=01;31:*.jpg=01;35:*.jpeg=01;35:*.mjpg=01;35:*.mjpeg=01;35:*.gif=01;35:*.bmp=01;35:*.pbm=01;35:*.pgm=01;35:*.ppm=01;35:*.tga=01;35:*.xbm=01;35:*.xpm=01;35:*.tif=01;35:*.tiff=01;35:*.png=01;35:*.svg=01;35:*.svgz=01;35:*.mng=01;35:*.pcx=01;35:*.mov=01;35:*.mpg=01;35:*.mpeg=01;35:*.m2v=01;35:*.mkv=01;35:*.webm=01;35:*.webp=01;35:*.ogm=01;35:*.mp4=01;35:*.m4v=01;35:*.mp4v=01;35:*.vob=01;35:*.qt=01;35:*.nuv=01;35:*.wmv=01;35:*.asf=01;35:*.rm=01;35:*.rmvb=01;35:*.flc=01;35:*.avi=01;35:*.fli=01;35:*.flv=01;35:*.gl=01;35:*.dl=01;35:*.xcf=01;35:*.xwd=01;35:*.yuv=01;35:*.cgm=01;35:*.emf=01;35:*.ogv=01;35:*.ogx=01;35:*.aac=00;36:*.au=00;36:*.flac=00;36:*.m4a=00;36:*.mid=00;36:*.midi=00;36:*.mka=00;36:*.mp3=00;36:*.mpc=00;36:*.ogg=00;36:*.ra=00;36:*.wav=00;36:*.oga=00;36:*.opus=00;36:*.spx=00;36:*.xspf=00;36:', 'AMENT_PREFIX_PATH': '/home/rob1/eeng_462/lab4/install/sllidar_ros2:/home/rob1/eeng_462/lab4/install/slam_toolbox:/home/rob1/eeng_462/lab4/install/mecanum_robot:/home/rob1/eeng_462/lab4/install/slam_gmapping:/home/rob1/eeng_462/lab4/install/rplidar_ros:/home/rob1/eeng_462/lab4/install/openslam_gmapping:/opt/ros/humble', 'ROS_DOMAIN_ID': '101', 'SHELL': '/usr/bin/zsh', 'QT_ACCESSIBILITY': '1', 'GDMSESSION': 'i3', 'GPG_AGENT_INFO': '/run/user/1000/gnupg/S.gpg-agent:0:1', 'QT_IM_MODULE': 'ibus', 'XDG_VTNR': '2', 'PWD': '/home/rob1/eeng_462/lab4/build/mecanum_robot', 'XDG_CONFIG_DIRS': '/etc/xdg/xdg-i3:/etc/xdg', 'XDG_DATA_DIRS': '/usr/share/i3:/usr/share/gnome:/usr/local/share/:/usr/share/:/var/lib/snapd/desktop', 'CLUTTER_IM_MODULE': 'ibus', 'PYTHONPATH': '/home/rob1/eeng_462/lab4/build/mecanum_robot/prefix_override:/usr/lib/python3/dist-packages/colcon_core/task/python/colcon_distutils_commands:/home/rob1/eeng_462/lab4/install/mecanum_robot/lib/python3.10/site-packages:/home/rob1/eeng_462/lab4/install/slam_toolbox/local/lib/python3.10/dist-packages:/home/rob1/eeng_462/lab4/install/mecanum_robot/lib/python3.10/site-packages:/opt/ros/humble/lib/python3.10/site-packages:/opt/ros/humble/local/lib/python3.10/dist-packages', 'I3SOCK': '/run/user/1000/i3/ipc-socket.1870', 'COLCON': '1', 'VTE_VERSION': '6800', 'CMAKE_PREFIX_PATH': '/home/rob1/eeng_462/lab4/install/rplidar_ros:/home/rob1/eeng_462/lab4/install/sllidar_ros2:/home/rob1/eeng_462/lab4/install/slam_toolbox:/home/rob1/eeng_462/lab4/install/slam_gmapping:/home/rob1/eeng_462/lab4/install/openslam_gmapping'}, 'shell': False}
[2.104779] (-) TimerEvent: {}
[2.205247] (-) TimerEvent: {}
[2.305813] (-) TimerEvent: {}
[2.406401] (-) TimerEvent: {}
[2.506939] (-) TimerEvent: {}
[2.607475] (-) TimerEvent: {}
[2.695612] (mecanum_robot) StdoutLine: {'line': b'running egg_info\n'}
[2.697051] (mecanum_robot) StdoutLine: {'line': b'writing ../../build/mecanum_robot/mecanum_robot.egg-info/PKG-INFO\n'}
[2.697696] (mecanum_robot) StdoutLine: {'line': b'writing dependency_links to ../../build/mecanum_robot/mecanum_robot.egg-info/dependency_links.txt\n'}
[2.698055] (mecanum_robot) StdoutLine: {'line': b'writing entry points to ../../build/mecanum_robot/mecanum_robot.egg-info/entry_points.txt\n'}
[2.698383] (mecanum_robot) StdoutLine: {'line': b'writing requirements to ../../build/mecanum_robot/mecanum_robot.egg-info/requires.txt\n'}
[2.698598] (mecanum_robot) StdoutLine: {'line': b'writing top-level names to ../../build/mecanum_robot/mecanum_robot.egg-info/top_level.txt\n'}
[2.702622] (mecanum_robot) StdoutLine: {'line': b"reading manifest file '../../build/mecanum_robot/mecanum_robot.egg-info/SOURCES.txt'\n"}
[2.703126] (mecanum_robot) StdoutLine: {'line': b"adding license file 'LICENSE'\n"}
[2.704784] (mecanum_robot) StdoutLine: {'line': b"writing manifest file '../../build/mecanum_robot/mecanum_robot.egg-info/SOURCES.txt'\n"}
[2.705049] (mecanum_robot) StdoutLine: {'line': b'running build\n'}
[2.705261] (mecanum_robot) StdoutLine: {'line': b'running build_py\n'}
[2.705703] (mecanum_robot) StdoutLine: {'line': b'running install\n'}
[2.706415] (mecanum_robot) StdoutLine: {'line': b'running install_lib\n'}
[2.707535] (-) TimerEvent: {}
[2.709009] (mecanum_robot) StdoutLine: {'line': b'running install_data\n'}
[2.709275] (mecanum_robot) StdoutLine: {'line': b'running install_egg_info\n'}
[2.713220] (mecanum_robot) StdoutLine: {'line': b"removing '/home/rob1/eeng_462/lab4/install/mecanum_robot/lib/python3.10/site-packages/mecanum_robot-0.0.0-py3.10.egg-info' (and everything under it)\n"}
[2.714004] (mecanum_robot) StdoutLine: {'line': b'Copying ../../build/mecanum_robot/mecanum_robot.egg-info to /home/rob1/eeng_462/lab4/install/mecanum_robot/lib/python3.10/site-packages/mecanum_robot-0.0.0-py3.10.egg-info\n'}
[2.716470] (mecanum_robot) StdoutLine: {'line': b'running install_scripts\n'}
[2.762394] (mecanum_robot) StdoutLine: {'line': b'Installing mecanum_robot script to /home/rob1/eeng_462/lab4/install/mecanum_robot/lib/mecanum_robot\n'}
[2.763283] (mecanum_robot) StdoutLine: {'line': b"writing list of installed files to '/home/rob1/eeng_462/lab4/build/mecanum_robot/install.log'\n"}
[2.807713] (-) TimerEvent: {}
[2.832616] (mecanum_robot) CommandEnded: {'returncode': 0}
[2.856491] (mecanum_robot) JobEnded: {'identifier': 'mecanum_robot', 'rc': 0}
[2.858882] (-) EventReactorShutdown: {}
