[0.000000] (-) TimerEvent: {}
[0.000628] (rplidar_ros) JobQueued: {'identifier': 'rplidar_ros', 'dependencies': OrderedDict()}
[0.001168] (slam_toolbox) JobQueued: {'identifier': 'slam_toolbox', 'dependencies': OrderedDict()}
[0.001437] (mecanum_robot) JobQueued: {'identifier': 'mecanum_robot', 'dependencies': OrderedDict([('rplidar_ros', '/home/rob1/eeng_462/lab4/install/rplidar_ros')])}
[0.001727] (rplidar_ros) JobStarted: {'identifier': 'rplidar_ros'}
[0.017375] (slam_toolbox) JobStarted: {'identifier': 'slam_toolbox'}
[0.028219] (rplidar_ros) JobProgress: {'identifier': 'rplidar_ros', 'progress': 'cmake'}
[0.029543] (rplidar_ros) JobProgress: {'identifier': 'rplidar_ros', 'progress': 'build'}
[0.031069] (rplidar_ros) Command: {'cmd': ['/usr/bin/cmake', '--build', '/home/rob1/eeng_462/lab4/build/rplidar_ros', '--', '-j6', '-l6'], 'cwd': '/home/rob1/eeng_462/lab4/build/rplidar_ros', 'env': OrderedDict([('USER', 'rob1'), ('XDG_SEAT', 'seat0'), ('XDG_SESSION_TYPE', 'x11'), ('SHLVL', '1'), ('LD_LIBRARY_PATH', '/home/rob1/eeng_462/lab4/install/slam_toolbox/lib:/home/rob1/eeng_462/lab4/install/openslam_gmapping/lib:/opt/ros/humble/opt/rviz_ogre_vendor/lib:/opt/ros/humble/lib/aarch64-linux-gnu:/opt/ros/humble/lib'), ('HOME', '/home/rob1'), ('OLDPWD', '/home/rob1'), ('LESS', '-R'), ('DESKTOP_SESSION', 'i3'), ('ZSH', '/home/rob1/.oh-my-zsh'), ('LSCOLORS', 'Gxfxcxdxbxegedabagacad'), ('GTK_MODULES', 'gail:atk-bridge'), ('PAGER', 'less'), ('ROS_PYTHON_VERSION', '3'), ('SYSTEMD_EXEC_PID', '1834'), ('DBUS_SESSION_BUS_ADDRESS', 'unix:path=/run/user/1000/bus'), ('COLORTERM', 'truecolor'), ('_colcon_cd_root', '/opt/ros/humble/'), ('ROS_DISTRO', 'humble'), ('COLCON_PREFIX_PATH', '/home/rob1/eeng_462/lab4/install'), ('GTK_IM_MODULE', 'ibus'), ('LOGNAME', 'rob1'), ('_', '/usr/bin/colcon'), ('XDG_SESSION_CLASS', 'user'), ('ROS_VERSION', '2'), ('XDG_SESSION_ID', '2'), ('USERNAME', 'rob1'), ('TERM', 'xterm-256color'), ('ROS_LOCALHOST_ONLY', '0'), ('WINDOWPATH', '2'), ('PATH', '/opt/ros/humble/bin:/home/rob1/.local/bin:/usr/local/sbin:/usr/local/bin:/usr/sbin:/usr/bin:/sbin:/bin:/usr/games:/usr/local/games:/snap/bin:/snap/bin'), ('GNOME_TERMINAL_SCREEN', '/org/gnome/Terminal/screen/704ad994_aa49_49d1_a5da_1c4b1a3b640d'), ('XDG_RUNTIME_DIR', '/run/user/1000'), ('DISPLAY', ':1'), ('LANG', 'en_US.UTF-8'), ('XDG_CURRENT_DESKTOP', 'i3'), ('XDG_SESSION_DESKTOP', 'i3'), ('GNOME_TERMINAL_SERVICE', ':1.44'), ('XMODIFIERS', '@im=ibus'), ('XAUTHORITY', '/run/user/1000/gdm/Xauthority'), ('LS_COLORS', 'rs=0:di=01;34:ln=01;36:mh=00:pi=40;33:so=01;35:do=01;35:bd=40;33;01:cd=40;33;01:or=40;31;01:mi=00:su=37;41:sg=30;43:ca=30;41:tw=30;42:ow=34;42:st=37;44:ex=01;32:*.tar=01;31:*.tgz=01;31:*.arc=01;31:*.arj=01;31:*.taz=01;31:*.lha=01;31:*.lz4=01;31:*.lzh=01;31:*.lzma=01;31:*.tlz=01;31:*.txz=01;31:*.tzo=01;31:*.t7z=01;31:*.zip=01;31:*.z=01;31:*.dz=01;31:*.gz=01;31:*.lrz=01;31:*.lz=01;31:*.lzo=01;31:*.xz=01;31:*.zst=01;31:*.tzst=01;31:*.bz2=01;31:*.bz=01;31:*.tbz=01;31:*.tbz2=01;31:*.tz=01;31:*.deb=01;31:*.rpm=01;31:*.jar=01;31:*.war=01;31:*.ear=01;31:*.sar=01;31:*.rar=01;31:*.alz=01;31:*.ace=01;31:*.zoo=01;31:*.cpio=01;31:*.7z=01;31:*.rz=01;31:*.cab=01;31:*.wim=01;31:*.swm=01;31:*.dwm=01;31:*.esd=01;31:*.jpg=01;35:*.jpeg=01;35:*.mjpg=01;35:*.mjpeg=01;35:*.gif=01;35:*.bmp=01;35:*.pbm=01;35:*.pgm=01;35:*.ppm=01;35:*.tga=01;35:*.xbm=01;35:*.xpm=01;35:*.tif=01;35:*.tiff=01;35:*.png=01;35:*.svg=01;35:*.svgz=01;35:*.mng=01;35:*.pcx=01;35:*.mov=01;35:*.mpg=01;35:*.mpeg=01;35:*.m2v=01;35:*.mkv=01;35:*.webm=01;35:*.webp=01;35:*.ogm=01;35:*.mp4=01;35:*.m4v=01;35:*.mp4v=01;35:*.vob=01;35:*.qt=01;35:*.nuv=01;35:*.wmv=01;35:*.asf=01;35:*.rm=01;35:*.rmvb=01;35:*.flc=01;35:*.avi=01;35:*.fli=01;35:*.flv=01;35:*.gl=01;35:*.dl=01;35:*.xcf=01;35:*.xwd=01;35:*.yuv=01;35:*.cgm=01;35:*.emf=01;35:*.ogv=01;35:*.ogx=01;35:*.aac=00;36:*.au=00;36:*.flac=00;36:*.m4a=00;36:*.mid=00;36:*.midi=00;36:*.mka=00;36:*.mp3=00;36:*.mpc=00;36:*.ogg=00;36:*.ra=00;36:*.wav=00;36:*.oga=00;36:*.opus=00;36:*.spx=00;36:*.xspf=00;36:'), ('AMENT_PREFIX_PATH', '/home/rob1/eeng_462/lab4/install/sllidar_ros2:/home/rob1/eeng_462/lab4/install/slam_toolbox:/home/rob1/eeng_462/lab4/install/mecanum_robot:/home/rob1/eeng_462/lab4/install/slam_gmapping:/home/rob1/eeng_462/lab4/install/rplidar_ros:/home/rob1/eeng_462/lab4/install/openslam_gmapping:/opt/ros/humble'), ('ROS_DOMAIN_ID', '101'), ('SHELL', '/usr/bin/zsh'), ('QT_ACCESSIBILITY', '1'), ('GDMSESSION', 'i3'), ('GPG_AGENT_INFO', '/run/user/1000/gnupg/S.gpg-agent:0:1'), ('QT_IM_MODULE', 'ibus'), ('XDG_VTNR', '2'), ('PWD', '/home/rob1/eeng_462/lab4/build/rplidar_ros'), ('XDG_CONFIG_DIRS', '/etc/xdg/xdg-i3:/etc/xdg'), ('XDG_DATA_DIRS', '/usr/share/i3:/usr/share/gnome:/usr/local/share/:/usr/share/:/var/lib/snapd/desktop'), ('CLUTTER_IM_MODULE', 'ibus'), ('PYTHONPATH', '/home/rob1/eeng_462/lab4/install/slam_toolbox/local/lib/python3.10/dist-packages:/home/rob1/eeng_462/lab4/install/mecanum_robot/lib/python3.10/site-packages:/opt/ros/humble/lib/python3.10/site-packages:/opt/ros/humble/local/lib/python3.10/dist-packages'), ('I3SOCK', '/run/user/1000/i3/ipc-socket.1866'), ('COLCON', '1'), ('VTE_VERSION', '6800'), ('CMAKE_PREFIX_PATH', '/home/rob1/eeng_462/lab4/install/sllidar_ros2:/home/rob1/eeng_462/lab4/install/slam_toolbox:/home/rob1/eeng_462/lab4/install/slam_gmapping:/home/rob1/eeng_462/lab4/install/mecanum_robot:/opt/ros/humble:/home/rob1/eeng_462/lab4/install/rplidar_ros:/home/rob1/eeng_462/lab4/install/openslam_gmapping')]), 'shell': False}
[0.039019] (slam_toolbox) JobProgress: {'identifier': 'slam_toolbox', 'progress': 'cmake'}
[0.041230] (slam_toolbox) JobProgress: {'identifier': 'slam_toolbox', 'progress': 'build'}
[0.042127] (slam_toolbox) Command: {'cmd': ['/usr/bin/cmake', '--build', '/home/rob1/eeng_462/lab4/build/slam_toolbox', '--', '-j6', '-l6'], 'cwd': '/home/rob1/eeng_462/lab4/build/slam_toolbox', 'env': OrderedDict([('USER', 'rob1'), ('XDG_SEAT', 'seat0'), ('XDG_SESSION_TYPE', 'x11'), ('SHLVL', '1'), ('LD_LIBRARY_PATH', '/home/rob1/eeng_462/lab4/install/slam_toolbox/lib:/home/rob1/eeng_462/lab4/install/openslam_gmapping/lib:/opt/ros/humble/opt/rviz_ogre_vendor/lib:/opt/ros/humble/lib/aarch64-linux-gnu:/opt/ros/humble/lib'), ('HOME', '/home/rob1'), ('OLDPWD', '/home/rob1'), ('LESS', '-R'), ('DESKTOP_SESSION', 'i3'), ('ZSH', '/home/rob1/.oh-my-zsh'), ('LSCOLORS', 'Gxfxcxdxbxegedabagacad'), ('GTK_MODULES', 'gail:atk-bridge'), ('PAGER', 'less'), ('ROS_PYTHON_VERSION', '3'), ('SYSTEMD_EXEC_PID', '1834'), ('DBUS_SESSION_BUS_ADDRESS', 'unix:path=/run/user/1000/bus'), ('COLORTERM', 'truecolor'), ('_colcon_cd_root', '/opt/ros/humble/'), ('ROS_DISTRO', 'humble'), ('COLCON_PREFIX_PATH', '/home/rob1/eeng_462/lab4/install'), ('GTK_IM_MODULE', 'ibus'), ('LOGNAME', 'rob1'), ('_', '/usr/bin/colcon'), ('XDG_SESSION_CLASS', 'user'), ('ROS_VERSION', '2'), ('XDG_SESSION_ID', '2'), ('USERNAME', 'rob1'), ('TERM', 'xterm-256color'), ('ROS_LOCALHOST_ONLY', '0'), ('WINDOWPATH', '2'), ('PATH', '/opt/ros/humble/bin:/home/rob1/.local/bin:/usr/local/sbin:/usr/local/bin:/usr/sbin:/usr/bin:/sbin:/bin:/usr/games:/usr/local/games:/snap/bin:/snap/bin'), ('GNOME_TERMINAL_SCREEN', '/org/gnome/Terminal/screen/704ad994_aa49_49d1_a5da_1c4b1a3b640d'), ('XDG_RUNTIME_DIR', '/run/user/1000'), ('DISPLAY', ':1'), ('LANG', 'en_US.UTF-8'), ('XDG_CURRENT_DESKTOP', 'i3'), ('XDG_SESSION_DESKTOP', 'i3'), ('GNOME_TERMINAL_SERVICE', ':1.44'), ('XMODIFIERS', '@im=ibus'), ('XAUTHORITY', '/run/user/1000/gdm/Xauthority'), ('LS_COLORS', 'rs=0:di=01;34:ln=01;36:mh=00:pi=40;33:so=01;35:do=01;35:bd=40;33;01:cd=40;33;01:or=40;31;01:mi=00:su=37;41:sg=30;43:ca=30;41:tw=30;42:ow=34;42:st=37;44:ex=01;32:*.tar=01;31:*.tgz=01;31:*.arc=01;31:*.arj=01;31:*.taz=01;31:*.lha=01;31:*.lz4=01;31:*.lzh=01;31:*.lzma=01;31:*.tlz=01;31:*.txz=01;31:*.tzo=01;31:*.t7z=01;31:*.zip=01;31:*.z=01;31:*.dz=01;31:*.gz=01;31:*.lrz=01;31:*.lz=01;31:*.lzo=01;31:*.xz=01;31:*.zst=01;31:*.tzst=01;31:*.bz2=01;31:*.bz=01;31:*.tbz=01;31:*.tbz2=01;31:*.tz=01;31:*.deb=01;31:*.rpm=01;31:*.jar=01;31:*.war=01;31:*.ear=01;31:*.sar=01;31:*.rar=01;31:*.alz=01;31:*.ace=01;31:*.zoo=01;31:*.cpio=01;31:*.7z=01;31:*.rz=01;31:*.cab=01;31:*.wim=01;31:*.swm=01;31:*.dwm=01;31:*.esd=01;31:*.jpg=01;35:*.jpeg=01;35:*.mjpg=01;35:*.mjpeg=01;35:*.gif=01;35:*.bmp=01;35:*.pbm=01;35:*.pgm=01;35:*.ppm=01;35:*.tga=01;35:*.xbm=01;35:*.xpm=01;35:*.tif=01;35:*.tiff=01;35:*.png=01;35:*.svg=01;35:*.svgz=01;35:*.mng=01;35:*.pcx=01;35:*.mov=01;35:*.mpg=01;35:*.mpeg=01;35:*.m2v=01;35:*.mkv=01;35:*.webm=01;35:*.webp=01;35:*.ogm=01;35:*.mp4=01;35:*.m4v=01;35:*.mp4v=01;35:*.vob=01;35:*.qt=01;35:*.nuv=01;35:*.wmv=01;35:*.asf=01;35:*.rm=01;35:*.rmvb=01;35:*.flc=01;35:*.avi=01;35:*.fli=01;35:*.flv=01;35:*.gl=01;35:*.dl=01;35:*.xcf=01;35:*.xwd=01;35:*.yuv=01;35:*.cgm=01;35:*.emf=01;35:*.ogv=01;35:*.ogx=01;35:*.aac=00;36:*.au=00;36:*.flac=00;36:*.m4a=00;36:*.mid=00;36:*.midi=00;36:*.mka=00;36:*.mp3=00;36:*.mpc=00;36:*.ogg=00;36:*.ra=00;36:*.wav=00;36:*.oga=00;36:*.opus=00;36:*.spx=00;36:*.xspf=00;36:'), ('AMENT_PREFIX_PATH', '/home/rob1/eeng_462/lab4/install/sllidar_ros2:/home/rob1/eeng_462/lab4/install/slam_toolbox:/home/rob1/eeng_462/lab4/install/mecanum_robot:/home/rob1/eeng_462/lab4/install/slam_gmapping:/home/rob1/eeng_462/lab4/install/rplidar_ros:/home/rob1/eeng_462/lab4/install/openslam_gmapping:/opt/ros/humble'), ('ROS_DOMAIN_ID', '101'), ('SHELL', '/usr/bin/zsh'), ('QT_ACCESSIBILITY', '1'), ('GDMSESSION', 'i3'), ('GPG_AGENT_INFO', '/run/user/1000/gnupg/S.gpg-agent:0:1'), ('QT_IM_MODULE', 'ibus'), ('XDG_VTNR', '2'), ('PWD', '/home/rob1/eeng_462/lab4/build/slam_toolbox'), ('XDG_CONFIG_DIRS', '/etc/xdg/xdg-i3:/etc/xdg'), ('XDG_DATA_DIRS', '/usr/share/i3:/usr/share/gnome:/usr/local/share/:/usr/share/:/var/lib/snapd/desktop'), ('CLUTTER_IM_MODULE', 'ibus'), ('PYTHONPATH', '/home/rob1/eeng_462/lab4/install/slam_toolbox/local/lib/python3.10/dist-packages:/home/rob1/eeng_462/lab4/install/mecanum_robot/lib/python3.10/site-packages:/opt/ros/humble/lib/python3.10/site-packages:/opt/ros/humble/local/lib/python3.10/dist-packages'), ('I3SOCK', '/run/user/1000/i3/ipc-socket.1866'), ('COLCON', '1'), ('VTE_VERSION', '6800'), ('CMAKE_PREFIX_PATH', '/home/rob1/eeng_462/lab4/install/sllidar_ros2:/home/rob1/eeng_462/lab4/install/slam_toolbox:/home/rob1/eeng_462/lab4/install/slam_gmapping:/home/rob1/eeng_462/lab4/install/mecanum_robot:/opt/ros/humble:/home/rob1/eeng_462/lab4/install/rplidar_ros:/home/rob1/eeng_462/lab4/install/openslam_gmapping')]), 'shell': False}
[0.099442] (-) TimerEvent: {}
[0.187005] (slam_toolbox) StdoutLine: {'line': b'[  1%] Built target slam_toolbox__cpp\n'}
[0.192702] (slam_toolbox) StdoutLine: {'line': b'[  1%] Built target ament_cmake_python_symlink_slam_toolbox\n'}
[0.199617] (-) TimerEvent: {}
[0.205578] (slam_toolbox) StdoutLine: {'line': b'[ 10%] Built target slam_toolbox__rosidl_generator_c\n'}
[0.206532] (rplidar_ros) StdoutLine: {'line': b'[  5%] Built target rplidar_client\n'}
[0.218380] (rplidar_ros) StdoutLine: {'line': b'[ 52%] Built target rplidar_node\n'}
[0.234171] (rplidar_ros) StdoutLine: {'line': b'[100%] Built target rplidar_composition\n'}
[0.249214] (slam_toolbox) StdoutLine: {'line': b'[ 12%] Built target kartoSlamToolbox\n'}
[0.258780] (rplidar_ros) CommandEnded: {'returncode': 0}
[0.260796] (rplidar_ros) JobProgress: {'identifier': 'rplidar_ros', 'progress': 'install'}
[0.269770] (slam_toolbox) StdoutLine: {'line': b'[ 20%] Built target slam_toolbox__rosidl_typesupport_cpp\n'}
[0.281892] (rplidar_ros) Command: {'cmd': ['/usr/bin/cmake', '--install', '/home/rob1/eeng_462/lab4/build/rplidar_ros'], 'cwd': '/home/rob1/eeng_462/lab4/build/rplidar_ros', 'env': OrderedDict([('USER', 'rob1'), ('XDG_SEAT', 'seat0'), ('XDG_SESSION_TYPE', 'x11'), ('SHLVL', '1'), ('LD_LIBRARY_PATH', '/home/rob1/eeng_462/lab4/install/slam_toolbox/lib:/home/rob1/eeng_462/lab4/install/openslam_gmapping/lib:/opt/ros/humble/opt/rviz_ogre_vendor/lib:/opt/ros/humble/lib/aarch64-linux-gnu:/opt/ros/humble/lib'), ('HOME', '/home/rob1'), ('OLDPWD', '/home/rob1'), ('LESS', '-R'), ('DESKTOP_SESSION', 'i3'), ('ZSH', '/home/rob1/.oh-my-zsh'), ('LSCOLORS', 'Gxfxcxdxbxegedabagacad'), ('GTK_MODULES', 'gail:atk-bridge'), ('PAGER', 'less'), ('ROS_PYTHON_VERSION', '3'), ('SYSTEMD_EXEC_PID', '1834'), ('DBUS_SESSION_BUS_ADDRESS', 'unix:path=/run/user/1000/bus'), ('COLORTERM', 'truecolor'), ('_colcon_cd_root', '/opt/ros/humble/'), ('ROS_DISTRO', 'humble'), ('COLCON_PREFIX_PATH', '/home/rob1/eeng_462/lab4/install'), ('GTK_IM_MODULE', 'ibus'), ('LOGNAME', 'rob1'), ('_', '/usr/bin/colcon'), ('XDG_SESSION_CLASS', 'user'), ('ROS_VERSION', '2'), ('XDG_SESSION_ID', '2'), ('USERNAME', 'rob1'), ('TERM', 'xterm-256color'), ('ROS_LOCALHOST_ONLY', '0'), ('WINDOWPATH', '2'), ('PATH', '/opt/ros/humble/bin:/home/rob1/.local/bin:/usr/local/sbin:/usr/local/bin:/usr/sbin:/usr/bin:/sbin:/bin:/usr/games:/usr/local/games:/snap/bin:/snap/bin'), ('GNOME_TERMINAL_SCREEN', '/org/gnome/Terminal/screen/704ad994_aa49_49d1_a5da_1c4b1a3b640d'), ('XDG_RUNTIME_DIR', '/run/user/1000'), ('DISPLAY', ':1'), ('LANG', 'en_US.UTF-8'), ('XDG_CURRENT_DESKTOP', 'i3'), ('XDG_SESSION_DESKTOP', 'i3'), ('GNOME_TERMINAL_SERVICE', ':1.44'), ('XMODIFIERS', '@im=ibus'), ('XAUTHORITY', '/run/user/1000/gdm/Xauthority'), ('LS_COLORS', 'rs=0:di=01;34:ln=01;36:mh=00:pi=40;33:so=01;35:do=01;35:bd=40;33;01:cd=40;33;01:or=40;31;01:mi=00:su=37;41:sg=30;43:ca=30;41:tw=30;42:ow=34;42:st=37;44:ex=01;32:*.tar=01;31:*.tgz=01;31:*.arc=01;31:*.arj=01;31:*.taz=01;31:*.lha=01;31:*.lz4=01;31:*.lzh=01;31:*.lzma=01;31:*.tlz=01;31:*.txz=01;31:*.tzo=01;31:*.t7z=01;31:*.zip=01;31:*.z=01;31:*.dz=01;31:*.gz=01;31:*.lrz=01;31:*.lz=01;31:*.lzo=01;31:*.xz=01;31:*.zst=01;31:*.tzst=01;31:*.bz2=01;31:*.bz=01;31:*.tbz=01;31:*.tbz2=01;31:*.tz=01;31:*.deb=01;31:*.rpm=01;31:*.jar=01;31:*.war=01;31:*.ear=01;31:*.sar=01;31:*.rar=01;31:*.alz=01;31:*.ace=01;31:*.zoo=01;31:*.cpio=01;31:*.7z=01;31:*.rz=01;31:*.cab=01;31:*.wim=01;31:*.swm=01;31:*.dwm=01;31:*.esd=01;31:*.jpg=01;35:*.jpeg=01;35:*.mjpg=01;35:*.mjpeg=01;35:*.gif=01;35:*.bmp=01;35:*.pbm=01;35:*.pgm=01;35:*.ppm=01;35:*.tga=01;35:*.xbm=01;35:*.xpm=01;35:*.tif=01;35:*.tiff=01;35:*.png=01;35:*.svg=01;35:*.svgz=01;35:*.mng=01;35:*.pcx=01;35:*.mov=01;35:*.mpg=01;35:*.mpeg=01;35:*.m2v=01;35:*.mkv=01;35:*.webm=01;35:*.webp=01;35:*.ogm=01;35:*.mp4=01;35:*.m4v=01;35:*.mp4v=01;35:*.vob=01;35:*.qt=01;35:*.nuv=01;35:*.wmv=01;35:*.asf=01;35:*.rm=01;35:*.rmvb=01;35:*.flc=01;35:*.avi=01;35:*.fli=01;35:*.flv=01;35:*.gl=01;35:*.dl=01;35:*.xcf=01;35:*.xwd=01;35:*.yuv=01;35:*.cgm=01;35:*.emf=01;35:*.ogv=01;35:*.ogx=01;35:*.aac=00;36:*.au=00;36:*.flac=00;36:*.m4a=00;36:*.mid=00;36:*.midi=00;36:*.mka=00;36:*.mp3=00;36:*.mpc=00;36:*.ogg=00;36:*.ra=00;36:*.wav=00;36:*.oga=00;36:*.opus=00;36:*.spx=00;36:*.xspf=00;36:'), ('AMENT_PREFIX_PATH', '/home/rob1/eeng_462/lab4/install/sllidar_ros2:/home/rob1/eeng_462/lab4/install/slam_toolbox:/home/rob1/eeng_462/lab4/install/mecanum_robot:/home/rob1/eeng_462/lab4/install/slam_gmapping:/home/rob1/eeng_462/lab4/install/rplidar_ros:/home/rob1/eeng_462/lab4/install/openslam_gmapping:/opt/ros/humble'), ('ROS_DOMAIN_ID', '101'), ('SHELL', '/usr/bin/zsh'), ('QT_ACCESSIBILITY', '1'), ('GDMSESSION', 'i3'), ('GPG_AGENT_INFO', '/run/user/1000/gnupg/S.gpg-agent:0:1'), ('QT_IM_MODULE', 'ibus'), ('XDG_VTNR', '2'), ('PWD', '/home/rob1/eeng_462/lab4/build/rplidar_ros'), ('XDG_CONFIG_DIRS', '/etc/xdg/xdg-i3:/etc/xdg'), ('XDG_DATA_DIRS', '/usr/share/i3:/usr/share/gnome:/usr/local/share/:/usr/share/:/var/lib/snapd/desktop'), ('CLUTTER_IM_MODULE', 'ibus'), ('PYTHONPATH', '/home/rob1/eeng_462/lab4/install/slam_toolbox/local/lib/python3.10/dist-packages:/home/rob1/eeng_462/lab4/install/mecanum_robot/lib/python3.10/site-packages:/opt/ros/humble/lib/python3.10/site-packages:/opt/ros/humble/local/lib/python3.10/dist-packages'), ('I3SOCK', '/run/user/1000/i3/ipc-socket.1866'), ('COLCON', '1'), ('VTE_VERSION', '6800'), ('CMAKE_PREFIX_PATH', '/home/rob1/eeng_462/lab4/install/sllidar_ros2:/home/rob1/eeng_462/lab4/install/slam_toolbox:/home/rob1/eeng_462/lab4/install/slam_gmapping:/home/rob1/eeng_462/lab4/install/mecanum_robot:/opt/ros/humble:/home/rob1/eeng_462/lab4/install/rplidar_ros:/home/rob1/eeng_462/lab4/install/openslam_gmapping')]), 'shell': False}
[0.289050] (slam_toolbox) StdoutLine: {'line': b'[ 37%] Built target slam_toolbox__rosidl_typesupport_fastrtps_cpp\n'}
[0.290044] (slam_toolbox) StdoutLine: {'line': b'[ 38%] Built target slam_toolbox__rosidl_typesupport_fastrtps_c\n'}
[0.293628] (slam_toolbox) StdoutLine: {'line': b'[ 46%] Built target slam_toolbox__rosidl_typesupport_introspection_cpp\n'}
[0.299773] (-) TimerEvent: {}
[0.307213] (slam_toolbox) StdoutLine: {'line': b'[ 54%] Built target slam_toolbox__rosidl_typesupport_introspection_c\n'}
[0.310373] (rplidar_ros) StdoutLine: {'line': b'-- Install configuration: ""\n'}
[0.313123] (rplidar_ros) StdoutLine: {'line': b'-- Execute custom install script\n'}
[0.314731] (rplidar_ros) StdoutLine: {'line': b'-- Up-to-date symlink: /home/rob1/eeng_462/lab4/install/rplidar_ros/share/rplidar_ros/launch/rplidar_a1_launch.py\n'}
[0.315662] (rplidar_ros) StdoutLine: {'line': b'-- Up-to-date symlink: /home/rob1/eeng_462/lab4/install/rplidar_ros/share/rplidar_ros/launch/rplidar_a2m12_launch.py\n'}
[0.316882] (rplidar_ros) StdoutLine: {'line': b'-- Up-to-date symlink: /home/rob1/eeng_462/lab4/install/rplidar_ros/share/rplidar_ros/launch/rplidar_a2m7_launch.py\n'}
[0.317762] (rplidar_ros) StdoutLine: {'line': b'-- Up-to-date symlink: /home/rob1/eeng_462/lab4/install/rplidar_ros/share/rplidar_ros/launch/rplidar_a2m8_launch.py\n'}
[0.318617] (rplidar_ros) StdoutLine: {'line': b'-- Up-to-date symlink: /home/rob1/eeng_462/lab4/install/rplidar_ros/share/rplidar_ros/launch/rplidar_a3_launch.py\n'}
[0.319442] (rplidar_ros) StdoutLine: {'line': b'-- Up-to-date symlink: /home/rob1/eeng_462/lab4/install/rplidar_ros/share/rplidar_ros/launch/rplidar_c1_launch.py\n'}
[0.320183] (rplidar_ros) StdoutLine: {'line': b'-- Up-to-date symlink: /home/rob1/eeng_462/lab4/install/rplidar_ros/share/rplidar_ros/launch/rplidar_s1_launch.py\n'}
[0.320942] (rplidar_ros) StdoutLine: {'line': b'-- Up-to-date symlink: /home/rob1/eeng_462/lab4/install/rplidar_ros/share/rplidar_ros/launch/rplidar_s1_tcp_launch.py\n'}
[0.321744] (rplidar_ros) StdoutLine: {'line': b'-- Up-to-date symlink: /home/rob1/eeng_462/lab4/install/rplidar_ros/share/rplidar_ros/launch/rplidar_s2_launch.py\n'}
[0.322567] (rplidar_ros) StdoutLine: {'line': b'-- Up-to-date symlink: /home/rob1/eeng_462/lab4/install/rplidar_ros/share/rplidar_ros/launch/rplidar_s2e_launch.py\n'}
[0.323385] (rplidar_ros) StdoutLine: {'line': b'-- Up-to-date symlink: /home/rob1/eeng_462/lab4/install/rplidar_ros/share/rplidar_ros/launch/rplidar_s3_launch.py\n'}
[0.324178] (rplidar_ros) StdoutLine: {'line': b'-- Up-to-date symlink: /home/rob1/eeng_462/lab4/install/rplidar_ros/share/rplidar_ros/launch/rplidar_t1_launch.py\n'}
[0.324978] (rplidar_ros) StdoutLine: {'line': b'-- Up-to-date symlink: /home/rob1/eeng_462/lab4/install/rplidar_ros/share/rplidar_ros/launch/view_rplidar_a1_launch.py\n'}
[0.325668] (rplidar_ros) StdoutLine: {'line': b'-- Up-to-date symlink: /home/rob1/eeng_462/lab4/install/rplidar_ros/share/rplidar_ros/launch/view_rplidar_a2m12_launch.py\n'}
[0.326505] (rplidar_ros) StdoutLine: {'line': b'-- Up-to-date symlink: /home/rob1/eeng_462/lab4/install/rplidar_ros/share/rplidar_ros/launch/view_rplidar_a2m7_launch.py\n'}
[0.327299] (rplidar_ros) StdoutLine: {'line': b'-- Up-to-date symlink: /home/rob1/eeng_462/lab4/install/rplidar_ros/share/rplidar_ros/launch/view_rplidar_a2m8_launch.py\n'}
[0.328107] (rplidar_ros) StdoutLine: {'line': b'-- Up-to-date symlink: /home/rob1/eeng_462/lab4/install/rplidar_ros/share/rplidar_ros/launch/view_rplidar_a3_launch.py\n'}
[0.329119] (rplidar_ros) StdoutLine: {'line': b'-- Up-to-date symlink: /home/rob1/eeng_462/lab4/install/rplidar_ros/share/rplidar_ros/launch/view_rplidar_c1_launch.py\n'}
[0.329910] (rplidar_ros) StdoutLine: {'line': b'-- Up-to-date symlink: /home/rob1/eeng_462/lab4/install/rplidar_ros/share/rplidar_ros/launch/view_rplidar_s1_launch.py\n'}
[0.330612] (rplidar_ros) StdoutLine: {'line': b'-- Up-to-date symlink: /home/rob1/eeng_462/lab4/install/rplidar_ros/share/rplidar_ros/launch/view_rplidar_s1_tcp_launch.py\n'}
[0.331345] (rplidar_ros) StdoutLine: {'line': b'-- Up-to-date symlink: /home/rob1/eeng_462/lab4/install/rplidar_ros/share/rplidar_ros/launch/view_rplidar_s2_launch.py\n'}
[0.332031] (rplidar_ros) StdoutLine: {'line': b'-- Up-to-date symlink: /home/rob1/eeng_462/lab4/install/rplidar_ros/share/rplidar_ros/launch/view_rplidar_s2e_launch.py\n'}
[0.333148] (rplidar_ros) StdoutLine: {'line': b'-- Up-to-date symlink: /home/rob1/eeng_462/lab4/install/rplidar_ros/share/rplidar_ros/launch/view_rplidar_s3_launch.py\n'}
[0.334081] (rplidar_ros) StdoutLine: {'line': b'-- Up-to-date symlink: /home/rob1/eeng_462/lab4/install/rplidar_ros/share/rplidar_ros/launch/view_rplidar_t1_launch.py\n'}
[0.335249] (rplidar_ros) StdoutLine: {'line': b'-- Up-to-date symlink: /home/rob1/eeng_462/lab4/install/rplidar_ros/share/rplidar_ros/rviz/rplidar_ros.rviz\n'}
[0.336162] (slam_toolbox) StdoutLine: {'line': b'[ 62%] Built target slam_toolbox__rosidl_typesupport_c\n'}
[0.336763] (rplidar_ros) StdoutLine: {'line': b'-- Up-to-date symlink: /home/rob1/eeng_462/lab4/install/rplidar_ros/lib/rplidar_ros/rplidar_node\n'}
[0.337528] (rplidar_ros) StdoutLine: {'line': b'-- Up-to-date symlink: /home/rob1/eeng_462/lab4/install/rplidar_ros/lib/rplidar_ros/rplidar_composition\n'}
[0.338769] (rplidar_ros) StdoutLine: {'line': b'-- Up-to-date symlink: /home/rob1/eeng_462/lab4/install/rplidar_ros/lib/rplidar_ros/rplidar_client\n'}
[0.339663] (rplidar_ros) StdoutLine: {'line': b'-- Up-to-date symlink: /home/rob1/eeng_462/lab4/install/rplidar_ros/share/ament_index/resource_index/package_run_dependencies/rplidar_ros\n'}
[0.340644] (rplidar_ros) StdoutLine: {'line': b'-- Up-to-date symlink: /home/rob1/eeng_462/lab4/install/rplidar_ros/share/ament_index/resource_index/parent_prefix_path/rplidar_ros\n'}
[0.341873] (rplidar_ros) StdoutLine: {'line': b'-- Up-to-date symlink: /home/rob1/eeng_462/lab4/install/rplidar_ros/share/rplidar_ros/environment/ament_prefix_path.sh\n'}
[0.342435] (rplidar_ros) StdoutLine: {'line': b'-- Up-to-date symlink: /home/rob1/eeng_462/lab4/install/rplidar_ros/share/rplidar_ros/environment/ament_prefix_path.dsv\n'}
[0.343339] (rplidar_ros) StdoutLine: {'line': b'-- Up-to-date symlink: /home/rob1/eeng_462/lab4/install/rplidar_ros/share/rplidar_ros/environment/path.sh\n'}
[0.344071] (rplidar_ros) StdoutLine: {'line': b'-- Up-to-date symlink: /home/rob1/eeng_462/lab4/install/rplidar_ros/share/rplidar_ros/environment/path.dsv\n'}
[0.344913] (rplidar_ros) StdoutLine: {'line': b'-- Up-to-date symlink: /home/rob1/eeng_462/lab4/install/rplidar_ros/share/rplidar_ros/local_setup.bash\n'}
[0.345709] (rplidar_ros) StdoutLine: {'line': b'-- Up-to-date symlink: /home/rob1/eeng_462/lab4/install/rplidar_ros/share/rplidar_ros/local_setup.sh\n'}
[0.346125] (rplidar_ros) StdoutLine: {'line': b'-- Up-to-date symlink: /home/rob1/eeng_462/lab4/install/rplidar_ros/share/rplidar_ros/local_setup.zsh\n'}
[0.346448] (rplidar_ros) StdoutLine: {'line': b'-- Up-to-date symlink: /home/rob1/eeng_462/lab4/install/rplidar_ros/share/rplidar_ros/local_setup.dsv\n'}
[0.346707] (rplidar_ros) StdoutLine: {'line': b'-- Symlinking: /home/rob1/eeng_462/lab4/install/rplidar_ros/share/rplidar_ros/package.dsv\n'}
[0.363026] (rplidar_ros) StdoutLine: {'line': b'-- Up-to-date symlink: /home/rob1/eeng_462/lab4/install/rplidar_ros/share/ament_index/resource_index/packages/rplidar_ros\n'}
[0.363558] (rplidar_ros) StdoutLine: {'line': b'-- Up-to-date symlink: /home/rob1/eeng_462/lab4/install/rplidar_ros/share/rplidar_ros/cmake/ament_cmake_export_dependencies-extras.cmake\n'}
[0.363816] (rplidar_ros) StdoutLine: {'line': b'-- Up-to-date symlink: /home/rob1/eeng_462/lab4/install/rplidar_ros/share/rplidar_ros/cmake/ament_cmake_export_include_directories-extras.cmake\n'}
[0.364146] (rplidar_ros) StdoutLine: {'line': b'-- Up-to-date symlink: /home/rob1/eeng_462/lab4/install/rplidar_ros/share/rplidar_ros/cmake/rplidar_rosConfig.cmake\n'}
[0.364498] (rplidar_ros) StdoutLine: {'line': b'-- Up-to-date symlink: /home/rob1/eeng_462/lab4/install/rplidar_ros/share/rplidar_ros/cmake/rplidar_rosConfig-version.cmake\n'}
[0.364859] (rplidar_ros) StdoutLine: {'line': b'-- Up-to-date symlink: /home/rob1/eeng_462/lab4/install/rplidar_ros/share/rplidar_ros/package.xml\n'}
[0.372031] (rplidar_ros) CommandEnded: {'returncode': 0}
[0.376717] (slam_toolbox) StdoutLine: {'line': b'[ 64%] Built target SlamToolboxPlugin\n'}
[0.381913] (slam_toolbox) StdoutLine: {'line': b'[ 66%] Built target ceres_solver_plugin\n'}
[0.382391] (slam_toolbox) StdoutLine: {'line': b'[ 66%] Built target slam_toolbox\n'}
[0.401896] (-) TimerEvent: {}
[0.427914] (slam_toolbox) StdoutLine: {'line': b'[ 67%] Built target slam_toolbox__py\n'}
[0.428451] (slam_toolbox) StdoutLine: {'line': b'[ 71%] Built target toolbox_common\n'}
[0.435099] (rplidar_ros) JobEnded: {'identifier': 'rplidar_ros', 'rc': 0}
[0.436806] (mecanum_robot) JobStarted: {'identifier': 'mecanum_robot'}
[0.502216] (-) TimerEvent: {}
[0.515244] (slam_toolbox) StdoutLine: {'line': b'[ 73%] Built target async_slam_toolbox\n'}
[0.518815] (slam_toolbox) StdoutLine: {'line': b'[ 81%] Built target slam_toolbox__rosidl_generator_py\n'}
[0.521550] (slam_toolbox) StdoutLine: {'line': b'[ 83%] Built target sync_slam_toolbox\n'}
[0.533061] (slam_toolbox) StdoutLine: {'line': b'[ 84%] Built target localization_slam_toolbox\n'}
[0.569124] (slam_toolbox) StdoutLine: {'line': b'[ 85%] Built target lifelong_slam_toolbox\n'}
[0.590529] (slam_toolbox) StdoutLine: {'line': b'[ 88%] Built target slam_toolbox__rosidl_typesupport_fastrtps_c__pyext\n'}
[0.591017] (slam_toolbox) StdoutLine: {'line': b'[ 88%] Built target slam_toolbox__rosidl_typesupport_c__pyext\n'}
[0.602396] (-) TimerEvent: {}
[0.603602] (slam_toolbox) StdoutLine: {'line': b'[ 90%] Built target slam_toolbox__rosidl_typesupport_introspection_c__pyext\n'}
[0.611758] (slam_toolbox) StdoutLine: {'line': b'[ 92%] Built target merge_maps_kinematic\n'}
[0.671850] (slam_toolbox) StdoutLine: {'line': b'[ 93%] Built target sync_slam_toolbox_node\n'}
[0.687104] (slam_toolbox) StdoutLine: {'line': b'[ 94%] Built target async_slam_toolbox_node\n'}
[0.694931] (slam_toolbox) StdoutLine: {'line': b'[ 96%] Built target localization_slam_toolbox_node\n'}
[0.702519] (-) TimerEvent: {}
[0.714645] (slam_toolbox) StdoutLine: {'line': b'[ 98%] Built target lifelong_slam_toolbox_node\n'}
[0.729963] (slam_toolbox) StdoutLine: {'line': b'[ 99%] Built target map_and_localization_slam_toolbox\n'}
[0.802670] (-) TimerEvent: {}
[0.813008] (slam_toolbox) StdoutLine: {'line': b'[100%] Built target map_and_localization_slam_toolbox_node\n'}
[0.861499] (slam_toolbox) StdoutLine: {'line': b'running egg_info\n'}
[0.863219] (slam_toolbox) StdoutLine: {'line': b'writing slam_toolbox.egg-info/PKG-INFO\n'}
[0.863786] (slam_toolbox) StdoutLine: {'line': b'writing dependency_links to slam_toolbox.egg-info/dependency_links.txt\n'}
[0.864272] (slam_toolbox) StdoutLine: {'line': b'writing top-level names to slam_toolbox.egg-info/top_level.txt\n'}
[0.870575] (slam_toolbox) StdoutLine: {'line': b"reading manifest file 'slam_toolbox.egg-info/SOURCES.txt'\n"}
[0.872129] (slam_toolbox) StdoutLine: {'line': b"writing manifest file 'slam_toolbox.egg-info/SOURCES.txt'\n"}
[0.902764] (-) TimerEvent: {}
[0.943837] (slam_toolbox) StdoutLine: {'line': b'[100%] Built target ament_cmake_python_build_slam_toolbox_egg\n'}
[1.002929] (-) TimerEvent: {}
[1.103595] (-) TimerEvent: {}
[1.177088] (slam_toolbox) CommandEnded: {'returncode': 0}
[1.179348] (slam_toolbox) JobProgress: {'identifier': 'slam_toolbox', 'progress': 'install'}
[1.180194] (slam_toolbox) Command: {'cmd': ['/usr/bin/cmake', '--install', '/home/rob1/eeng_462/lab4/build/slam_toolbox'], 'cwd': '/home/rob1/eeng_462/lab4/build/slam_toolbox', 'env': OrderedDict([('USER', 'rob1'), ('XDG_SEAT', 'seat0'), ('XDG_SESSION_TYPE', 'x11'), ('SHLVL', '1'), ('LD_LIBRARY_PATH', '/home/rob1/eeng_462/lab4/install/slam_toolbox/lib:/home/rob1/eeng_462/lab4/install/openslam_gmapping/lib:/opt/ros/humble/opt/rviz_ogre_vendor/lib:/opt/ros/humble/lib/aarch64-linux-gnu:/opt/ros/humble/lib'), ('HOME', '/home/rob1'), ('OLDPWD', '/home/rob1'), ('LESS', '-R'), ('DESKTOP_SESSION', 'i3'), ('ZSH', '/home/rob1/.oh-my-zsh'), ('LSCOLORS', 'Gxfxcxdxbxegedabagacad'), ('GTK_MODULES', 'gail:atk-bridge'), ('PAGER', 'less'), ('ROS_PYTHON_VERSION', '3'), ('SYSTEMD_EXEC_PID', '1834'), ('DBUS_SESSION_BUS_ADDRESS', 'unix:path=/run/user/1000/bus'), ('COLORTERM', 'truecolor'), ('_colcon_cd_root', '/opt/ros/humble/'), ('ROS_DISTRO', 'humble'), ('COLCON_PREFIX_PATH', '/home/rob1/eeng_462/lab4/install'), ('GTK_IM_MODULE', 'ibus'), ('LOGNAME', 'rob1'), ('_', '/usr/bin/colcon'), ('XDG_SESSION_CLASS', 'user'), ('ROS_VERSION', '2'), ('XDG_SESSION_ID', '2'), ('USERNAME', 'rob1'), ('TERM', 'xterm-256color'), ('ROS_LOCALHOST_ONLY', '0'), ('WINDOWPATH', '2'), ('PATH', '/opt/ros/humble/bin:/home/rob1/.local/bin:/usr/local/sbin:/usr/local/bin:/usr/sbin:/usr/bin:/sbin:/bin:/usr/games:/usr/local/games:/snap/bin:/snap/bin'), ('GNOME_TERMINAL_SCREEN', '/org/gnome/Terminal/screen/704ad994_aa49_49d1_a5da_1c4b1a3b640d'), ('XDG_RUNTIME_DIR', '/run/user/1000'), ('DISPLAY', ':1'), ('LANG', 'en_US.UTF-8'), ('XDG_CURRENT_DESKTOP', 'i3'), ('XDG_SESSION_DESKTOP', 'i3'), ('GNOME_TERMINAL_SERVICE', ':1.44'), ('XMODIFIERS', '@im=ibus'), ('XAUTHORITY', '/run/user/1000/gdm/Xauthority'), ('LS_COLORS', 'rs=0:di=01;34:ln=01;36:mh=00:pi=40;33:so=01;35:do=01;35:bd=40;33;01:cd=40;33;01:or=40;31;01:mi=00:su=37;41:sg=30;43:ca=30;41:tw=30;42:ow=34;42:st=37;44:ex=01;32:*.tar=01;31:*.tgz=01;31:*.arc=01;31:*.arj=01;31:*.taz=01;31:*.lha=01;31:*.lz4=01;31:*.lzh=01;31:*.lzma=01;31:*.tlz=01;31:*.txz=01;31:*.tzo=01;31:*.t7z=01;31:*.zip=01;31:*.z=01;31:*.dz=01;31:*.gz=01;31:*.lrz=01;31:*.lz=01;31:*.lzo=01;31:*.xz=01;31:*.zst=01;31:*.tzst=01;31:*.bz2=01;31:*.bz=01;31:*.tbz=01;31:*.tbz2=01;31:*.tz=01;31:*.deb=01;31:*.rpm=01;31:*.jar=01;31:*.war=01;31:*.ear=01;31:*.sar=01;31:*.rar=01;31:*.alz=01;31:*.ace=01;31:*.zoo=01;31:*.cpio=01;31:*.7z=01;31:*.rz=01;31:*.cab=01;31:*.wim=01;31:*.swm=01;31:*.dwm=01;31:*.esd=01;31:*.jpg=01;35:*.jpeg=01;35:*.mjpg=01;35:*.mjpeg=01;35:*.gif=01;35:*.bmp=01;35:*.pbm=01;35:*.pgm=01;35:*.ppm=01;35:*.tga=01;35:*.xbm=01;35:*.xpm=01;35:*.tif=01;35:*.tiff=01;35:*.png=01;35:*.svg=01;35:*.svgz=01;35:*.mng=01;35:*.pcx=01;35:*.mov=01;35:*.mpg=01;35:*.mpeg=01;35:*.m2v=01;35:*.mkv=01;35:*.webm=01;35:*.webp=01;35:*.ogm=01;35:*.mp4=01;35:*.m4v=01;35:*.mp4v=01;35:*.vob=01;35:*.qt=01;35:*.nuv=01;35:*.wmv=01;35:*.asf=01;35:*.rm=01;35:*.rmvb=01;35:*.flc=01;35:*.avi=01;35:*.fli=01;35:*.flv=01;35:*.gl=01;35:*.dl=01;35:*.xcf=01;35:*.xwd=01;35:*.yuv=01;35:*.cgm=01;35:*.emf=01;35:*.ogv=01;35:*.ogx=01;35:*.aac=00;36:*.au=00;36:*.flac=00;36:*.m4a=00;36:*.mid=00;36:*.midi=00;36:*.mka=00;36:*.mp3=00;36:*.mpc=00;36:*.ogg=00;36:*.ra=00;36:*.wav=00;36:*.oga=00;36:*.opus=00;36:*.spx=00;36:*.xspf=00;36:'), ('AMENT_PREFIX_PATH', '/home/rob1/eeng_462/lab4/install/sllidar_ros2:/home/rob1/eeng_462/lab4/install/slam_toolbox:/home/rob1/eeng_462/lab4/install/mecanum_robot:/home/rob1/eeng_462/lab4/install/slam_gmapping:/home/rob1/eeng_462/lab4/install/rplidar_ros:/home/rob1/eeng_462/lab4/install/openslam_gmapping:/opt/ros/humble'), ('ROS_DOMAIN_ID', '101'), ('SHELL', '/usr/bin/zsh'), ('QT_ACCESSIBILITY', '1'), ('GDMSESSION', 'i3'), ('GPG_AGENT_INFO', '/run/user/1000/gnupg/S.gpg-agent:0:1'), ('QT_IM_MODULE', 'ibus'), ('XDG_VTNR', '2'), ('PWD', '/home/rob1/eeng_462/lab4/build/slam_toolbox'), ('XDG_CONFIG_DIRS', '/etc/xdg/xdg-i3:/etc/xdg'), ('XDG_DATA_DIRS', '/usr/share/i3:/usr/share/gnome:/usr/local/share/:/usr/share/:/var/lib/snapd/desktop'), ('CLUTTER_IM_MODULE', 'ibus'), ('PYTHONPATH', '/home/rob1/eeng_462/lab4/install/slam_toolbox/local/lib/python3.10/dist-packages:/home/rob1/eeng_462/lab4/install/mecanum_robot/lib/python3.10/site-packages:/opt/ros/humble/lib/python3.10/site-packages:/opt/ros/humble/local/lib/python3.10/dist-packages'), ('I3SOCK', '/run/user/1000/i3/ipc-socket.1866'), ('COLCON', '1'), ('VTE_VERSION', '6800'), ('CMAKE_PREFIX_PATH', '/home/rob1/eeng_462/lab4/install/sllidar_ros2:/home/rob1/eeng_462/lab4/install/slam_toolbox:/home/rob1/eeng_462/lab4/install/slam_gmapping:/home/rob1/eeng_462/lab4/install/mecanum_robot:/opt/ros/humble:/home/rob1/eeng_462/lab4/install/rplidar_ros:/home/rob1/eeng_462/lab4/install/openslam_gmapping')]), 'shell': False}
[1.199015] (slam_toolbox) StdoutLine: {'line': b'-- Install configuration: "Release"\n'}
[1.201046] (slam_toolbox) StdoutLine: {'line': b'-- Execute custom install script\n'}
[1.202223] (slam_toolbox) StdoutLine: {'line': b'-- Up-to-date symlink: /home/rob1/eeng_462/lab4/install/slam_toolbox/include//karto_sdk/Karto.h\n'}
[1.202589] (slam_toolbox) StdoutLine: {'line': b'-- Up-to-date symlink: /home/rob1/eeng_462/lab4/install/slam_toolbox/include//karto_sdk/Macros.h\n'}
[1.202924] (slam_toolbox) StdoutLine: {'line': b'-- Up-to-date symlink: /home/rob1/eeng_462/lab4/install/slam_toolbox/include//karto_sdk/Mapper.h\n'}
[1.203287] (slam_toolbox) StdoutLine: {'line': b'-- Up-to-date symlink: /home/rob1/eeng_462/lab4/install/slam_toolbox/include//karto_sdk/Math.h\n'}
[1.203595] (slam_toolbox) StdoutLine: {'line': b'-- Up-to-date symlink: /home/rob1/eeng_462/lab4/install/slam_toolbox/include//karto_sdk/Types.h\n'}
[1.203750] (-) TimerEvent: {}
[1.204038] (slam_toolbox) StdoutLine: {'line': b'-- Up-to-date symlink: /home/rob1/eeng_462/lab4/install/slam_toolbox/include//karto_sdk/nanoflann.hpp\n'}
[1.204335] (slam_toolbox) StdoutLine: {'line': b'-- Up-to-date symlink: /home/rob1/eeng_462/lab4/install/slam_toolbox/include//karto_sdk/nanoflann_adaptors.h\n'}
[1.204861] (slam_toolbox) StdoutLine: {'line': b'-- Up-to-date symlink: /home/rob1/eeng_462/lab4/install/slam_toolbox/share/ament_index/resource_index/rosidl_interfaces/slam_toolbox\n'}
[1.206561] (slam_toolbox) StdoutLine: {'line': b'-- Up-to-date symlink: /home/rob1/eeng_462/lab4/install/slam_toolbox/include/slam_toolbox/slam_toolbox/msg/rosidl_generator_c__visibility_control.h\n'}
[1.206889] (slam_toolbox) StdoutLine: {'line': b'-- Up-to-date symlink: /home/rob1/eeng_462/lab4/install/slam_toolbox/include/slam_toolbox/slam_toolbox/srv/add_submap.h\n'}
[1.207215] (slam_toolbox) StdoutLine: {'line': b'-- Up-to-date symlink: /home/rob1/eeng_462/lab4/install/slam_toolbox/include/slam_toolbox/slam_toolbox/srv/clear.h\n'}
[1.207554] (slam_toolbox) StdoutLine: {'line': b'-- Up-to-date symlink: /home/rob1/eeng_462/lab4/install/slam_toolbox/include/slam_toolbox/slam_toolbox/srv/clear_queue.h\n'}
[1.207872] (slam_toolbox) StdoutLine: {'line': b'-- Up-to-date symlink: /home/rob1/eeng_462/lab4/install/slam_toolbox/include/slam_toolbox/slam_toolbox/srv/deserialize_pose_graph.h\n'}
[1.208201] (slam_toolbox) StdoutLine: {'line': b'-- Up-to-date symlink: /home/rob1/eeng_462/lab4/install/slam_toolbox/include/slam_toolbox/slam_toolbox/srv/detail/add_submap__functions.h\n'}
[1.208567] (slam_toolbox) StdoutLine: {'line': b'-- Up-to-date symlink: /home/rob1/eeng_462/lab4/install/slam_toolbox/include/slam_toolbox/slam_toolbox/srv/detail/add_submap__struct.h\n'}
[1.208901] (slam_toolbox) StdoutLine: {'line': b'-- Up-to-date symlink: /home/rob1/eeng_462/lab4/install/slam_toolbox/include/slam_toolbox/slam_toolbox/srv/detail/add_submap__type_support.h\n'}
[1.209221] (slam_toolbox) StdoutLine: {'line': b'-- Up-to-date symlink: /home/rob1/eeng_462/lab4/install/slam_toolbox/include/slam_toolbox/slam_toolbox/srv/detail/clear__functions.h\n'}
[1.209541] (slam_toolbox) StdoutLine: {'line': b'-- Up-to-date symlink: /home/rob1/eeng_462/lab4/install/slam_toolbox/include/slam_toolbox/slam_toolbox/srv/detail/clear__struct.h\n'}
[1.209855] (slam_toolbox) StdoutLine: {'line': b'-- Up-to-date symlink: /home/rob1/eeng_462/lab4/install/slam_toolbox/include/slam_toolbox/slam_toolbox/srv/detail/clear__type_support.h\n'}
[1.210190] (slam_toolbox) StdoutLine: {'line': b'-- Up-to-date symlink: /home/rob1/eeng_462/lab4/install/slam_toolbox/include/slam_toolbox/slam_toolbox/srv/detail/clear_queue__functions.h\n'}
[1.210506] (slam_toolbox) StdoutLine: {'line': b'-- Up-to-date symlink: /home/rob1/eeng_462/lab4/install/slam_toolbox/include/slam_toolbox/slam_toolbox/srv/detail/clear_queue__struct.h\n'}
[1.210821] (slam_toolbox) StdoutLine: {'line': b'-- Up-to-date symlink: /home/rob1/eeng_462/lab4/install/slam_toolbox/include/slam_toolbox/slam_toolbox/srv/detail/clear_queue__type_support.h\n'}
[1.211137] (slam_toolbox) StdoutLine: {'line': b'-- Up-to-date symlink: /home/rob1/eeng_462/lab4/install/slam_toolbox/include/slam_toolbox/slam_toolbox/srv/detail/deserialize_pose_graph__functions.h\n'}
[1.211459] (slam_toolbox) StdoutLine: {'line': b'-- Up-to-date symlink: /home/rob1/eeng_462/lab4/install/slam_toolbox/include/slam_toolbox/slam_toolbox/srv/detail/deserialize_pose_graph__struct.h\n'}
[1.211774] (slam_toolbox) StdoutLine: {'line': b'-- Up-to-date symlink: /home/rob1/eeng_462/lab4/install/slam_toolbox/include/slam_toolbox/slam_toolbox/srv/detail/deserialize_pose_graph__type_support.h\n'}
[1.212085] (slam_toolbox) StdoutLine: {'line': b'-- Up-to-date symlink: /home/rob1/eeng_462/lab4/install/slam_toolbox/include/slam_toolbox/slam_toolbox/srv/detail/loop_closure__functions.h\n'}
[1.212459] (slam_toolbox) StdoutLine: {'line': b'-- Up-to-date symlink: /home/rob1/eeng_462/lab4/install/slam_toolbox/include/slam_toolbox/slam_toolbox/srv/detail/loop_closure__struct.h\n'}
[1.212799] (slam_toolbox) StdoutLine: {'line': b'-- Up-to-date symlink: /home/rob1/eeng_462/lab4/install/slam_toolbox/include/slam_toolbox/slam_toolbox/srv/detail/loop_closure__type_support.h\n'}
[1.213112] (slam_toolbox) StdoutLine: {'line': b'-- Up-to-date symlink: /home/rob1/eeng_462/lab4/install/slam_toolbox/include/slam_toolbox/slam_toolbox/srv/detail/merge_maps__functions.h\n'}
[1.213421] (slam_toolbox) StdoutLine: {'line': b'-- Up-to-date symlink: /home/rob1/eeng_462/lab4/install/slam_toolbox/include/slam_toolbox/slam_toolbox/srv/detail/merge_maps__struct.h\n'}
[1.213730] (slam_toolbox) StdoutLine: {'line': b'-- Up-to-date symlink: /home/rob1/eeng_462/lab4/install/slam_toolbox/include/slam_toolbox/slam_toolbox/srv/detail/merge_maps__type_support.h\n'}
[1.214053] (slam_toolbox) StdoutLine: {'line': b'-- Up-to-date symlink: /home/rob1/eeng_462/lab4/install/slam_toolbox/include/slam_toolbox/slam_toolbox/srv/detail/pause__functions.h\n'}
[1.214392] (slam_toolbox) StdoutLine: {'line': b'-- Up-to-date symlink: /home/rob1/eeng_462/lab4/install/slam_toolbox/include/slam_toolbox/slam_toolbox/srv/detail/pause__struct.h\n'}
[1.214721] (slam_toolbox) StdoutLine: {'line': b'-- Up-to-date symlink: /home/rob1/eeng_462/lab4/install/slam_toolbox/include/slam_toolbox/slam_toolbox/srv/detail/pause__type_support.h\n'}
[1.215082] (slam_toolbox) StdoutLine: {'line': b'-- Up-to-date symlink: /home/rob1/eeng_462/lab4/install/slam_toolbox/include/slam_toolbox/slam_toolbox/srv/detail/save_map__functions.h\n'}
[1.215365] (slam_toolbox) StdoutLine: {'line': b'-- Up-to-date symlink: /home/rob1/eeng_462/lab4/install/slam_toolbox/include/slam_toolbox/slam_toolbox/srv/detail/save_map__struct.h\n'}
[1.215688] (slam_toolbox) StdoutLine: {'line': b'-- Up-to-date symlink: /home/rob1/eeng_462/lab4/install/slam_toolbox/include/slam_toolbox/slam_toolbox/srv/detail/save_map__type_support.h\n'}
[1.216000] (slam_toolbox) StdoutLine: {'line': b'-- Up-to-date symlink: /home/rob1/eeng_462/lab4/install/slam_toolbox/include/slam_toolbox/slam_toolbox/srv/detail/serialize_pose_graph__functions.h\n'}
[1.216398] (slam_toolbox) StdoutLine: {'line': b'-- Up-to-date symlink: /home/rob1/eeng_462/lab4/install/slam_toolbox/include/slam_toolbox/slam_toolbox/srv/detail/serialize_pose_graph__struct.h\n'}
[1.216704] (slam_toolbox) StdoutLine: {'line': b'-- Up-to-date symlink: /home/rob1/eeng_462/lab4/install/slam_toolbox/include/slam_toolbox/slam_toolbox/srv/detail/serialize_pose_graph__type_support.h\n'}
[1.217007] (slam_toolbox) StdoutLine: {'line': b'-- Up-to-date symlink: /home/rob1/eeng_462/lab4/install/slam_toolbox/include/slam_toolbox/slam_toolbox/srv/detail/toggle_interactive__functions.h\n'}
[1.217316] (slam_toolbox) StdoutLine: {'line': b'-- Up-to-date symlink: /home/rob1/eeng_462/lab4/install/slam_toolbox/include/slam_toolbox/slam_toolbox/srv/detail/toggle_interactive__struct.h\n'}
[1.217625] (slam_toolbox) StdoutLine: {'line': b'-- Up-to-date symlink: /home/rob1/eeng_462/lab4/install/slam_toolbox/include/slam_toolbox/slam_toolbox/srv/detail/toggle_interactive__type_support.h\n'}
[1.217923] (slam_toolbox) StdoutLine: {'line': b'-- Up-to-date symlink: /home/rob1/eeng_462/lab4/install/slam_toolbox/include/slam_toolbox/slam_toolbox/srv/loop_closure.h\n'}
[1.218224] (slam_toolbox) StdoutLine: {'line': b'-- Up-to-date symlink: /home/rob1/eeng_462/lab4/install/slam_toolbox/include/slam_toolbox/slam_toolbox/srv/merge_maps.h\n'}
[1.218521] (slam_toolbox) StdoutLine: {'line': b'-- Up-to-date symlink: /home/rob1/eeng_462/lab4/install/slam_toolbox/include/slam_toolbox/slam_toolbox/srv/pause.h\n'}
[1.218822] (slam_toolbox) StdoutLine: {'line': b'-- Up-to-date symlink: /home/rob1/eeng_462/lab4/install/slam_toolbox/include/slam_toolbox/slam_toolbox/srv/save_map.h\n'}
[1.219303] (slam_toolbox) StdoutLine: {'line': b'-- Up-to-date symlink: /home/rob1/eeng_462/lab4/install/slam_toolbox/include/slam_toolbox/slam_toolbox/srv/serialize_pose_graph.h\n'}
[1.219617] (slam_toolbox) StdoutLine: {'line': b'-- Up-to-date symlink: /home/rob1/eeng_462/lab4/install/slam_toolbox/include/slam_toolbox/slam_toolbox/srv/toggle_interactive.h\n'}
[1.220089] (slam_toolbox) StdoutLine: {'line': b'-- Up-to-date symlink: /home/rob1/eeng_462/lab4/install/slam_toolbox/share/slam_toolbox/environment/library_path.sh\n'}
[1.220739] (slam_toolbox) StdoutLine: {'line': b'-- Up-to-date symlink: /home/rob1/eeng_462/lab4/install/slam_toolbox/share/slam_toolbox/environment/library_path.dsv\n'}
[1.222289] (slam_toolbox) StdoutLine: {'line': b'-- Up-to-date symlink: /home/rob1/eeng_462/lab4/install/slam_toolbox/include/slam_toolbox/slam_toolbox/msg/rosidl_typesupport_fastrtps_c__visibility_control.h\n'}
[1.222635] (slam_toolbox) StdoutLine: {'line': b'-- Up-to-date symlink: /home/rob1/eeng_462/lab4/install/slam_toolbox/include/slam_toolbox/slam_toolbox/srv/detail/add_submap__rosidl_typesupport_fastrtps_c.h\n'}
[1.222972] (slam_toolbox) StdoutLine: {'line': b'-- Up-to-date symlink: /home/rob1/eeng_462/lab4/install/slam_toolbox/include/slam_toolbox/slam_toolbox/srv/detail/clear__rosidl_typesupport_fastrtps_c.h\n'}
[1.223306] (slam_toolbox) StdoutLine: {'line': b'-- Up-to-date symlink: /home/rob1/eeng_462/lab4/install/slam_toolbox/include/slam_toolbox/slam_toolbox/srv/detail/clear_queue__rosidl_typesupport_fastrtps_c.h\n'}
[1.223630] (slam_toolbox) StdoutLine: {'line': b'-- Up-to-date symlink: /home/rob1/eeng_462/lab4/install/slam_toolbox/include/slam_toolbox/slam_toolbox/srv/detail/deserialize_pose_graph__rosidl_typesupport_fastrtps_c.h\n'}
[1.223947] (slam_toolbox) StdoutLine: {'line': b'-- Up-to-date symlink: /home/rob1/eeng_462/lab4/install/slam_toolbox/include/slam_toolbox/slam_toolbox/srv/detail/loop_closure__rosidl_typesupport_fastrtps_c.h\n'}
[1.224686] (slam_toolbox) StdoutLine: {'line': b'-- Up-to-date symlink: /home/rob1/eeng_462/lab4/install/slam_toolbox/include/slam_toolbox/slam_toolbox/srv/detail/merge_maps__rosidl_typesupport_fastrtps_c.h\n'}
[1.225025] (slam_toolbox) StdoutLine: {'line': b'-- Up-to-date symlink: /home/rob1/eeng_462/lab4/install/slam_toolbox/include/slam_toolbox/slam_toolbox/srv/detail/pause__rosidl_typesupport_fastrtps_c.h\n'}
[1.225347] (slam_toolbox) StdoutLine: {'line': b'-- Up-to-date symlink: /home/rob1/eeng_462/lab4/install/slam_toolbox/include/slam_toolbox/slam_toolbox/srv/detail/save_map__rosidl_typesupport_fastrtps_c.h\n'}
[1.225662] (slam_toolbox) StdoutLine: {'line': b'-- Up-to-date symlink: /home/rob1/eeng_462/lab4/install/slam_toolbox/include/slam_toolbox/slam_toolbox/srv/detail/serialize_pose_graph__rosidl_typesupport_fastrtps_c.h\n'}
[1.225969] (slam_toolbox) StdoutLine: {'line': b'-- Up-to-date symlink: /home/rob1/eeng_462/lab4/install/slam_toolbox/include/slam_toolbox/slam_toolbox/srv/detail/toggle_interactive__rosidl_typesupport_fastrtps_c.h\n'}
[1.227567] (slam_toolbox) StdoutLine: {'line': b'-- Up-to-date symlink: /home/rob1/eeng_462/lab4/install/slam_toolbox/include/slam_toolbox/slam_toolbox/msg/rosidl_generator_cpp__visibility_control.hpp\n'}
[1.227894] (slam_toolbox) StdoutLine: {'line': b'-- Up-to-date symlink: /home/rob1/eeng_462/lab4/install/slam_toolbox/include/slam_toolbox/slam_toolbox/srv/add_submap.hpp\n'}
[1.228213] (slam_toolbox) StdoutLine: {'line': b'-- Up-to-date symlink: /home/rob1/eeng_462/lab4/install/slam_toolbox/include/slam_toolbox/slam_toolbox/srv/clear.hpp\n'}
[1.228550] (slam_toolbox) StdoutLine: {'line': b'-- Up-to-date symlink: /home/rob1/eeng_462/lab4/install/slam_toolbox/include/slam_toolbox/slam_toolbox/srv/clear_queue.hpp\n'}
[1.228867] (slam_toolbox) StdoutLine: {'line': b'-- Up-to-date symlink: /home/rob1/eeng_462/lab4/install/slam_toolbox/include/slam_toolbox/slam_toolbox/srv/deserialize_pose_graph.hpp\n'}
[1.229181] (slam_toolbox) StdoutLine: {'line': b'-- Up-to-date symlink: /home/rob1/eeng_462/lab4/install/slam_toolbox/include/slam_toolbox/slam_toolbox/srv/detail/add_submap__builder.hpp\n'}
[1.229491] (slam_toolbox) StdoutLine: {'line': b'-- Up-to-date symlink: /home/rob1/eeng_462/lab4/install/slam_toolbox/include/slam_toolbox/slam_toolbox/srv/detail/add_submap__struct.hpp\n'}
[1.229803] (slam_toolbox) StdoutLine: {'line': b'-- Up-to-date symlink: /home/rob1/eeng_462/lab4/install/slam_toolbox/include/slam_toolbox/slam_toolbox/srv/detail/add_submap__traits.hpp\n'}
[1.231592] (slam_toolbox) StdoutLine: {'line': b'-- Up-to-date symlink: /home/rob1/eeng_462/lab4/install/slam_toolbox/include/slam_toolbox/slam_toolbox/srv/detail/add_submap__type_support.hpp\n'}
[1.231818] (slam_toolbox) StdoutLine: {'line': b'-- Up-to-date symlink: /home/rob1/eeng_462/lab4/install/slam_toolbox/include/slam_toolbox/slam_toolbox/srv/detail/clear__builder.hpp\n'}
[1.231985] (slam_toolbox) StdoutLine: {'line': b'-- Up-to-date symlink: /home/rob1/eeng_462/lab4/install/slam_toolbox/include/slam_toolbox/slam_toolbox/srv/detail/clear__struct.hpp\n'}
[1.232130] (slam_toolbox) StdoutLine: {'line': b'-- Up-to-date symlink: /home/rob1/eeng_462/lab4/install/slam_toolbox/include/slam_toolbox/slam_toolbox/srv/detail/clear__traits.hpp\n'}
[1.232288] (slam_toolbox) StdoutLine: {'line': b'-- Up-to-date symlink: /home/rob1/eeng_462/lab4/install/slam_toolbox/include/slam_toolbox/slam_toolbox/srv/detail/clear__type_support.hpp\n'}
[1.232461] (slam_toolbox) StdoutLine: {'line': b'-- Up-to-date symlink: /home/rob1/eeng_462/lab4/install/slam_toolbox/include/slam_toolbox/slam_toolbox/srv/detail/clear_queue__builder.hpp\n'}
[1.232593] (slam_toolbox) StdoutLine: {'line': b'-- Up-to-date symlink: /home/rob1/eeng_462/lab4/install/slam_toolbox/include/slam_toolbox/slam_toolbox/srv/detail/clear_queue__struct.hpp\n'}
[1.232918] (slam_toolbox) StdoutLine: {'line': b'-- Up-to-date symlink: /home/rob1/eeng_462/lab4/install/slam_toolbox/include/slam_toolbox/slam_toolbox/srv/detail/clear_queue__traits.hpp\n'}
[1.233169] (slam_toolbox) StdoutLine: {'line': b'-- Up-to-date symlink: /home/rob1/eeng_462/lab4/install/slam_toolbox/include/slam_toolbox/slam_toolbox/srv/detail/clear_queue__type_support.hpp\n'}
[1.233539] (slam_toolbox) StdoutLine: {'line': b'-- Up-to-date symlink: /home/rob1/eeng_462/lab4/install/slam_toolbox/include/slam_toolbox/slam_toolbox/srv/detail/deserialize_pose_graph__builder.hpp\n'}
[1.233923] (slam_toolbox) StdoutLine: {'line': b'-- Up-to-date symlink: /home/rob1/eeng_462/lab4/install/slam_toolbox/include/slam_toolbox/slam_toolbox/srv/detail/deserialize_pose_graph__struct.hpp\n'}
[1.234302] (slam_toolbox) StdoutLine: {'line': b'-- Up-to-date symlink: /home/rob1/eeng_462/lab4/install/slam_toolbox/include/slam_toolbox/slam_toolbox/srv/detail/deserialize_pose_graph__traits.hpp\n'}
[1.234605] (slam_toolbox) StdoutLine: {'line': b'-- Up-to-date symlink: /home/rob1/eeng_462/lab4/install/slam_toolbox/include/slam_toolbox/slam_toolbox/srv/detail/deserialize_pose_graph__type_support.hpp\n'}
[1.234921] (slam_toolbox) StdoutLine: {'line': b'-- Up-to-date symlink: /home/rob1/eeng_462/lab4/install/slam_toolbox/include/slam_toolbox/slam_toolbox/srv/detail/loop_closure__builder.hpp\n'}
[1.235241] (slam_toolbox) StdoutLine: {'line': b'-- Up-to-date symlink: /home/rob1/eeng_462/lab4/install/slam_toolbox/include/slam_toolbox/slam_toolbox/srv/detail/loop_closure__struct.hpp\n'}
[1.235546] (slam_toolbox) StdoutLine: {'line': b'-- Up-to-date symlink: /home/rob1/eeng_462/lab4/install/slam_toolbox/include/slam_toolbox/slam_toolbox/srv/detail/loop_closure__traits.hpp\n'}
[1.235860] (slam_toolbox) StdoutLine: {'line': b'-- Up-to-date symlink: /home/rob1/eeng_462/lab4/install/slam_toolbox/include/slam_toolbox/slam_toolbox/srv/detail/loop_closure__type_support.hpp\n'}
[1.236159] (slam_toolbox) StdoutLine: {'line': b'-- Up-to-date symlink: /home/rob1/eeng_462/lab4/install/slam_toolbox/include/slam_toolbox/slam_toolbox/srv/detail/merge_maps__builder.hpp\n'}
[1.236484] (slam_toolbox) StdoutLine: {'line': b'-- Up-to-date symlink: /home/rob1/eeng_462/lab4/install/slam_toolbox/include/slam_toolbox/slam_toolbox/srv/detail/merge_maps__struct.hpp\n'}
[1.236790] (slam_toolbox) StdoutLine: {'line': b'-- Up-to-date symlink: /home/rob1/eeng_462/lab4/install/slam_toolbox/include/slam_toolbox/slam_toolbox/srv/detail/merge_maps__traits.hpp\n'}
[1.237092] (slam_toolbox) StdoutLine: {'line': b'-- Up-to-date symlink: /home/rob1/eeng_462/lab4/install/slam_toolbox/include/slam_toolbox/slam_toolbox/srv/detail/merge_maps__type_support.hpp\n'}
[1.237387] (slam_toolbox) StdoutLine: {'line': b'-- Up-to-date symlink: /home/rob1/eeng_462/lab4/install/slam_toolbox/include/slam_toolbox/slam_toolbox/srv/detail/pause__builder.hpp\n'}
[1.237682] (slam_toolbox) StdoutLine: {'line': b'-- Up-to-date symlink: /home/rob1/eeng_462/lab4/install/slam_toolbox/include/slam_toolbox/slam_toolbox/srv/detail/pause__struct.hpp\n'}
[1.237980] (slam_toolbox) StdoutLine: {'line': b'-- Up-to-date symlink: /home/rob1/eeng_462/lab4/install/slam_toolbox/include/slam_toolbox/slam_toolbox/srv/detail/pause__traits.hpp\n'}
[1.238272] (slam_toolbox) StdoutLine: {'line': b'-- Up-to-date symlink: /home/rob1/eeng_462/lab4/install/slam_toolbox/include/slam_toolbox/slam_toolbox/srv/detail/pause__type_support.hpp\n'}
[1.238567] (slam_toolbox) StdoutLine: {'line': b'-- Up-to-date symlink: /home/rob1/eeng_462/lab4/install/slam_toolbox/include/slam_toolbox/slam_toolbox/srv/detail/save_map__builder.hpp\n'}
[1.238858] (slam_toolbox) StdoutLine: {'line': b'-- Up-to-date symlink: /home/rob1/eeng_462/lab4/install/slam_toolbox/include/slam_toolbox/slam_toolbox/srv/detail/save_map__struct.hpp\n'}
[1.239147] (slam_toolbox) StdoutLine: {'line': b'-- Up-to-date symlink: /home/rob1/eeng_462/lab4/install/slam_toolbox/include/slam_toolbox/slam_toolbox/srv/detail/save_map__traits.hpp\n'}
[1.239465] (slam_toolbox) StdoutLine: {'line': b'-- Up-to-date symlink: /home/rob1/eeng_462/lab4/install/slam_toolbox/include/slam_toolbox/slam_toolbox/srv/detail/save_map__type_support.hpp\n'}
[1.239788] (slam_toolbox) StdoutLine: {'line': b'-- Up-to-date symlink: /home/rob1/eeng_462/lab4/install/slam_toolbox/include/slam_toolbox/slam_toolbox/srv/detail/serialize_pose_graph__builder.hpp\n'}
[1.240092] (slam_toolbox) StdoutLine: {'line': b'-- Up-to-date symlink: /home/rob1/eeng_462/lab4/install/slam_toolbox/include/slam_toolbox/slam_toolbox/srv/detail/serialize_pose_graph__struct.hpp\n'}
[1.240631] (slam_toolbox) StdoutLine: {'line': b'-- Up-to-date symlink: /home/rob1/eeng_462/lab4/install/slam_toolbox/include/slam_toolbox/slam_toolbox/srv/detail/serialize_pose_graph__traits.hpp\n'}
[1.240835] (slam_toolbox) StdoutLine: {'line': b'-- Up-to-date symlink: /home/rob1/eeng_462/lab4/install/slam_toolbox/include/slam_toolbox/slam_toolbox/srv/detail/serialize_pose_graph__type_support.hpp\n'}
[1.241058] (slam_toolbox) StdoutLine: {'line': b'-- Up-to-date symlink: /home/rob1/eeng_462/lab4/install/slam_toolbox/include/slam_toolbox/slam_toolbox/srv/detail/toggle_interactive__builder.hpp\n'}
[1.241355] (slam_toolbox) StdoutLine: {'line': b'-- Up-to-date symlink: /home/rob1/eeng_462/lab4/install/slam_toolbox/include/slam_toolbox/slam_toolbox/srv/detail/toggle_interactive__struct.hpp\n'}
[1.241651] (slam_toolbox) StdoutLine: {'line': b'-- Up-to-date symlink: /home/rob1/eeng_462/lab4/install/slam_toolbox/include/slam_toolbox/slam_toolbox/srv/detail/toggle_interactive__traits.hpp\n'}
[1.241949] (slam_toolbox) StdoutLine: {'line': b'-- Up-to-date symlink: /home/rob1/eeng_462/lab4/install/slam_toolbox/include/slam_toolbox/slam_toolbox/srv/detail/toggle_interactive__type_support.hpp\n'}
[1.242293] (slam_toolbox) StdoutLine: {'line': b'-- Up-to-date symlink: /home/rob1/eeng_462/lab4/install/slam_toolbox/include/slam_toolbox/slam_toolbox/srv/loop_closure.hpp\n'}
[1.242569] (slam_toolbox) StdoutLine: {'line': b'-- Up-to-date symlink: /home/rob1/eeng_462/lab4/install/slam_toolbox/include/slam_toolbox/slam_toolbox/srv/merge_maps.hpp\n'}
[1.242852] (slam_toolbox) StdoutLine: {'line': b'-- Up-to-date symlink: /home/rob1/eeng_462/lab4/install/slam_toolbox/include/slam_toolbox/slam_toolbox/srv/pause.hpp\n'}
[1.243135] (slam_toolbox) StdoutLine: {'line': b'-- Up-to-date symlink: /home/rob1/eeng_462/lab4/install/slam_toolbox/include/slam_toolbox/slam_toolbox/srv/save_map.hpp\n'}
[1.243419] (slam_toolbox) StdoutLine: {'line': b'-- Up-to-date symlink: /home/rob1/eeng_462/lab4/install/slam_toolbox/include/slam_toolbox/slam_toolbox/srv/serialize_pose_graph.hpp\n'}
[1.243698] (slam_toolbox) StdoutLine: {'line': b'-- Up-to-date symlink: /home/rob1/eeng_462/lab4/install/slam_toolbox/include/slam_toolbox/slam_toolbox/srv/toggle_interactive.hpp\n'}
[1.245358] (slam_toolbox) StdoutLine: {'line': b'-- Up-to-date symlink: /home/rob1/eeng_462/lab4/install/slam_toolbox/include/slam_toolbox/slam_toolbox/msg/rosidl_typesupport_fastrtps_cpp__visibility_control.h\n'}
[1.245673] (slam_toolbox) StdoutLine: {'line': b'-- Up-to-date symlink: /home/rob1/eeng_462/lab4/install/slam_toolbox/include/slam_toolbox/slam_toolbox/srv/detail/add_submap__rosidl_typesupport_fastrtps_cpp.hpp\n'}
[1.245986] (slam_toolbox) StdoutLine: {'line': b'-- Up-to-date symlink: /home/rob1/eeng_462/lab4/install/slam_toolbox/include/slam_toolbox/slam_toolbox/srv/detail/clear__rosidl_typesupport_fastrtps_cpp.hpp\n'}
[1.246296] (slam_toolbox) StdoutLine: {'line': b'-- Up-to-date symlink: /home/rob1/eeng_462/lab4/install/slam_toolbox/include/slam_toolbox/slam_toolbox/srv/detail/clear_queue__rosidl_typesupport_fastrtps_cpp.hpp\n'}
[1.246604] (slam_toolbox) StdoutLine: {'line': b'-- Up-to-date symlink: /home/rob1/eeng_462/lab4/install/slam_toolbox/include/slam_toolbox/slam_toolbox/srv/detail/deserialize_pose_graph__rosidl_typesupport_fastrtps_cpp.hpp\n'}
[1.246908] (slam_toolbox) StdoutLine: {'line': b'-- Up-to-date symlink: /home/rob1/eeng_462/lab4/install/slam_toolbox/include/slam_toolbox/slam_toolbox/srv/detail/loop_closure__rosidl_typesupport_fastrtps_cpp.hpp\n'}
[1.247249] (slam_toolbox) StdoutLine: {'line': b'-- Up-to-date symlink: /home/rob1/eeng_462/lab4/install/slam_toolbox/include/slam_toolbox/slam_toolbox/srv/detail/merge_maps__rosidl_typesupport_fastrtps_cpp.hpp\n'}
[1.247568] (slam_toolbox) StdoutLine: {'line': b'-- Up-to-date symlink: /home/rob1/eeng_462/lab4/install/slam_toolbox/include/slam_toolbox/slam_toolbox/srv/detail/pause__rosidl_typesupport_fastrtps_cpp.hpp\n'}
[1.247891] (slam_toolbox) StdoutLine: {'line': b'-- Up-to-date symlink: /home/rob1/eeng_462/lab4/install/slam_toolbox/include/slam_toolbox/slam_toolbox/srv/detail/save_map__rosidl_typesupport_fastrtps_cpp.hpp\n'}
[1.248150] (slam_toolbox) StdoutLine: {'line': b'-- Up-to-date symlink: /home/rob1/eeng_462/lab4/install/slam_toolbox/include/slam_toolbox/slam_toolbox/srv/detail/serialize_pose_graph__rosidl_typesupport_fastrtps_cpp.hpp\n'}
[1.248489] (slam_toolbox) StdoutLine: {'line': b'-- Up-to-date symlink: /home/rob1/eeng_462/lab4/install/slam_toolbox/include/slam_toolbox/slam_toolbox/srv/detail/toggle_interactive__rosidl_typesupport_fastrtps_cpp.hpp\n'}
[1.249558] (slam_toolbox) StdoutLine: {'line': b'-- Up-to-date symlink: /home/rob1/eeng_462/lab4/install/slam_toolbox/include/slam_toolbox/slam_toolbox/msg/rosidl_typesupport_introspection_c__visibility_control.h\n'}
[1.249879] (slam_toolbox) StdoutLine: {'line': b'-- Up-to-date symlink: /home/rob1/eeng_462/lab4/install/slam_toolbox/include/slam_toolbox/slam_toolbox/srv/detail/add_submap__rosidl_typesupport_introspection_c.h\n'}
[1.250199] (slam_toolbox) StdoutLine: {'line': b'-- Up-to-date symlink: /home/rob1/eeng_462/lab4/install/slam_toolbox/include/slam_toolbox/slam_toolbox/srv/detail/clear__rosidl_typesupport_introspection_c.h\n'}
[1.250515] (slam_toolbox) StdoutLine: {'line': b'-- Up-to-date symlink: /home/rob1/eeng_462/lab4/install/slam_toolbox/include/slam_toolbox/slam_toolbox/srv/detail/clear_queue__rosidl_typesupport_introspection_c.h\n'}
[1.250831] (slam_toolbox) StdoutLine: {'line': b'-- Up-to-date symlink: /home/rob1/eeng_462/lab4/install/slam_toolbox/include/slam_toolbox/slam_toolbox/srv/detail/deserialize_pose_graph__rosidl_typesupport_introspection_c.h\n'}
[1.251140] (slam_toolbox) StdoutLine: {'line': b'-- Up-to-date symlink: /home/rob1/eeng_462/lab4/install/slam_toolbox/include/slam_toolbox/slam_toolbox/srv/detail/loop_closure__rosidl_typesupport_introspection_c.h\n'}
[1.251445] (slam_toolbox) StdoutLine: {'line': b'-- Up-to-date symlink: /home/rob1/eeng_462/lab4/install/slam_toolbox/include/slam_toolbox/slam_toolbox/srv/detail/merge_maps__rosidl_typesupport_introspection_c.h\n'}
[1.251764] (slam_toolbox) StdoutLine: {'line': b'-- Up-to-date symlink: /home/rob1/eeng_462/lab4/install/slam_toolbox/include/slam_toolbox/slam_toolbox/srv/detail/pause__rosidl_typesupport_introspection_c.h\n'}
[1.252075] (slam_toolbox) StdoutLine: {'line': b'-- Up-to-date symlink: /home/rob1/eeng_462/lab4/install/slam_toolbox/include/slam_toolbox/slam_toolbox/srv/detail/save_map__rosidl_typesupport_introspection_c.h\n'}
[1.252414] (slam_toolbox) StdoutLine: {'line': b'-- Up-to-date symlink: /home/rob1/eeng_462/lab4/install/slam_toolbox/include/slam_toolbox/slam_toolbox/srv/detail/serialize_pose_graph__rosidl_typesupport_introspection_c.h\n'}
[1.252732] (slam_toolbox) StdoutLine: {'line': b'-- Up-to-date symlink: /home/rob1/eeng_462/lab4/install/slam_toolbox/include/slam_toolbox/slam_toolbox/srv/detail/toggle_interactive__rosidl_typesupport_introspection_c.h\n'}
[1.253739] (slam_toolbox) StdoutLine: {'line': b'-- Up-to-date symlink: /home/rob1/eeng_462/lab4/install/slam_toolbox/include/slam_toolbox/slam_toolbox/srv/detail/add_submap__rosidl_typesupport_introspection_cpp.hpp\n'}
[1.254073] (slam_toolbox) StdoutLine: {'line': b'-- Up-to-date symlink: /home/rob1/eeng_462/lab4/install/slam_toolbox/include/slam_toolbox/slam_toolbox/srv/detail/clear__rosidl_typesupport_introspection_cpp.hpp\n'}
[1.254389] (slam_toolbox) StdoutLine: {'line': b'-- Up-to-date symlink: /home/rob1/eeng_462/lab4/install/slam_toolbox/include/slam_toolbox/slam_toolbox/srv/detail/clear_queue__rosidl_typesupport_introspection_cpp.hpp\n'}
[1.254718] (slam_toolbox) StdoutLine: {'line': b'-- Up-to-date symlink: /home/rob1/eeng_462/lab4/install/slam_toolbox/include/slam_toolbox/slam_toolbox/srv/detail/deserialize_pose_graph__rosidl_typesupport_introspection_cpp.hpp\n'}
[1.255035] (slam_toolbox) StdoutLine: {'line': b'-- Up-to-date symlink: /home/rob1/eeng_462/lab4/install/slam_toolbox/include/slam_toolbox/slam_toolbox/srv/detail/loop_closure__rosidl_typesupport_introspection_cpp.hpp\n'}
[1.255340] (slam_toolbox) StdoutLine: {'line': b'-- Up-to-date symlink: /home/rob1/eeng_462/lab4/install/slam_toolbox/include/slam_toolbox/slam_toolbox/srv/detail/merge_maps__rosidl_typesupport_introspection_cpp.hpp\n'}
[1.255643] (slam_toolbox) StdoutLine: {'line': b'-- Up-to-date symlink: /home/rob1/eeng_462/lab4/install/slam_toolbox/include/slam_toolbox/slam_toolbox/srv/detail/pause__rosidl_typesupport_introspection_cpp.hpp\n'}
[1.255950] (slam_toolbox) StdoutLine: {'line': b'-- Up-to-date symlink: /home/rob1/eeng_462/lab4/install/slam_toolbox/include/slam_toolbox/slam_toolbox/srv/detail/save_map__rosidl_typesupport_introspection_cpp.hpp\n'}
[1.256255] (slam_toolbox) StdoutLine: {'line': b'-- Up-to-date symlink: /home/rob1/eeng_462/lab4/install/slam_toolbox/include/slam_toolbox/slam_toolbox/srv/detail/serialize_pose_graph__rosidl_typesupport_introspection_cpp.hpp\n'}
[1.256592] (slam_toolbox) StdoutLine: {'line': b'-- Up-to-date symlink: /home/rob1/eeng_462/lab4/install/slam_toolbox/include/slam_toolbox/slam_toolbox/srv/detail/toggle_interactive__rosidl_typesupport_introspection_cpp.hpp\n'}
[1.257002] (slam_toolbox) StdoutLine: {'line': b'-- Up-to-date symlink: /home/rob1/eeng_462/lab4/install/slam_toolbox/share/slam_toolbox/environment/pythonpath.sh\n'}
[1.257320] (slam_toolbox) StdoutLine: {'line': b'-- Up-to-date symlink: /home/rob1/eeng_462/lab4/install/slam_toolbox/share/slam_toolbox/environment/pythonpath.dsv\n'}
[1.257950] (slam_toolbox) StdoutLine: {'line': b'-- Up-to-date symlink: /home/rob1/eeng_462/lab4/install/slam_toolbox/local/lib/python3.10/dist-packages/slam_toolbox-2.6.10-py3.10.egg-info/PKG-INFO\n'}
[1.258275] (slam_toolbox) StdoutLine: {'line': b'-- Up-to-date symlink: /home/rob1/eeng_462/lab4/install/slam_toolbox/local/lib/python3.10/dist-packages/slam_toolbox-2.6.10-py3.10.egg-info/SOURCES.txt\n'}
[1.258589] (slam_toolbox) StdoutLine: {'line': b'-- Up-to-date symlink: /home/rob1/eeng_462/lab4/install/slam_toolbox/local/lib/python3.10/dist-packages/slam_toolbox-2.6.10-py3.10.egg-info/dependency_links.txt\n'}
[1.258901] (slam_toolbox) StdoutLine: {'line': b'-- Up-to-date symlink: /home/rob1/eeng_462/lab4/install/slam_toolbox/local/lib/python3.10/dist-packages/slam_toolbox-2.6.10-py3.10.egg-info/top_level.txt\n'}
[1.260741] (slam_toolbox) StdoutLine: {'line': b'-- Up-to-date symlink: /home/rob1/eeng_462/lab4/install/slam_toolbox/local/lib/python3.10/dist-packages/slam_toolbox/__init__.py\n'}
[1.261042] (slam_toolbox) StdoutLine: {'line': b'-- Up-to-date symlink: /home/rob1/eeng_462/lab4/install/slam_toolbox/local/lib/python3.10/dist-packages/slam_toolbox/_slam_toolbox_s.ep.rosidl_typesupport_c.c\n'}
[1.261331] (slam_toolbox) StdoutLine: {'line': b'-- Up-to-date symlink: /home/rob1/eeng_462/lab4/install/slam_toolbox/local/lib/python3.10/dist-packages/slam_toolbox/_slam_toolbox_s.ep.rosidl_typesupport_fastrtps_c.c\n'}
[1.261628] (slam_toolbox) StdoutLine: {'line': b'-- Up-to-date symlink: /home/rob1/eeng_462/lab4/install/slam_toolbox/local/lib/python3.10/dist-packages/slam_toolbox/_slam_toolbox_s.ep.rosidl_typesupport_introspection_c.c\n'}
[1.261948] (slam_toolbox) StdoutLine: {'line': b'-- Up-to-date symlink: /home/rob1/eeng_462/lab4/install/slam_toolbox/local/lib/python3.10/dist-packages/slam_toolbox/libslam_toolbox__rosidl_generator_py.so\n'}
[1.262244] (slam_toolbox) StdoutLine: {'line': b'-- Up-to-date symlink: /home/rob1/eeng_462/lab4/install/slam_toolbox/local/lib/python3.10/dist-packages/slam_toolbox/slam_toolbox_s__rosidl_typesupport_c.cpython-310-aarch64-linux-gnu.so\n'}
[1.262542] (slam_toolbox) StdoutLine: {'line': b'-- Up-to-date symlink: /home/rob1/eeng_462/lab4/install/slam_toolbox/local/lib/python3.10/dist-packages/slam_toolbox/slam_toolbox_s__rosidl_typesupport_fastrtps_c.cpython-310-aarch64-linux-gnu.so\n'}
[1.262839] (slam_toolbox) StdoutLine: {'line': b'-- Up-to-date symlink: /home/rob1/eeng_462/lab4/install/slam_toolbox/local/lib/python3.10/dist-packages/slam_toolbox/slam_toolbox_s__rosidl_typesupport_introspection_c.cpython-310-aarch64-linux-gnu.so\n'}
[1.263153] (slam_toolbox) StdoutLine: {'line': b'-- Up-to-date symlink: /home/rob1/eeng_462/lab4/install/slam_toolbox/local/lib/python3.10/dist-packages/slam_toolbox/srv/__init__.py\n'}
[1.263462] (slam_toolbox) StdoutLine: {'line': b'-- Up-to-date symlink: /home/rob1/eeng_462/lab4/install/slam_toolbox/local/lib/python3.10/dist-packages/slam_toolbox/srv/_add_submap.py\n'}
[1.263770] (slam_toolbox) StdoutLine: {'line': b'-- Up-to-date symlink: /home/rob1/eeng_462/lab4/install/slam_toolbox/local/lib/python3.10/dist-packages/slam_toolbox/srv/_add_submap_s.c\n'}
[1.264068] (slam_toolbox) StdoutLine: {'line': b'-- Up-to-date symlink: /home/rob1/eeng_462/lab4/install/slam_toolbox/local/lib/python3.10/dist-packages/slam_toolbox/srv/_clear.py\n'}
[1.264404] (slam_toolbox) StdoutLine: {'line': b'-- Up-to-date symlink: /home/rob1/eeng_462/lab4/install/slam_toolbox/local/lib/python3.10/dist-packages/slam_toolbox/srv/_clear_queue.py\n'}
[1.264702] (slam_toolbox) StdoutLine: {'line': b'-- Up-to-date symlink: /home/rob1/eeng_462/lab4/install/slam_toolbox/local/lib/python3.10/dist-packages/slam_toolbox/srv/_clear_queue_s.c\n'}
[1.264999] (slam_toolbox) StdoutLine: {'line': b'-- Up-to-date symlink: /home/rob1/eeng_462/lab4/install/slam_toolbox/local/lib/python3.10/dist-packages/slam_toolbox/srv/_clear_s.c\n'}
[1.265330] (slam_toolbox) StdoutLine: {'line': b'-- Up-to-date symlink: /home/rob1/eeng_462/lab4/install/slam_toolbox/local/lib/python3.10/dist-packages/slam_toolbox/srv/_deserialize_pose_graph.py\n'}
[1.265631] (slam_toolbox) StdoutLine: {'line': b'-- Up-to-date symlink: /home/rob1/eeng_462/lab4/install/slam_toolbox/local/lib/python3.10/dist-packages/slam_toolbox/srv/_deserialize_pose_graph_s.c\n'}
[1.265907] (slam_toolbox) StdoutLine: {'line': b'-- Up-to-date symlink: /home/rob1/eeng_462/lab4/install/slam_toolbox/local/lib/python3.10/dist-packages/slam_toolbox/srv/_loop_closure.py\n'}
[1.266220] (slam_toolbox) StdoutLine: {'line': b'-- Up-to-date symlink: /home/rob1/eeng_462/lab4/install/slam_toolbox/local/lib/python3.10/dist-packages/slam_toolbox/srv/_loop_closure_s.c\n'}
[1.266522] (slam_toolbox) StdoutLine: {'line': b'-- Up-to-date symlink: /home/rob1/eeng_462/lab4/install/slam_toolbox/local/lib/python3.10/dist-packages/slam_toolbox/srv/_merge_maps.py\n'}
[1.266820] (slam_toolbox) StdoutLine: {'line': b'-- Up-to-date symlink: /home/rob1/eeng_462/lab4/install/slam_toolbox/local/lib/python3.10/dist-packages/slam_toolbox/srv/_merge_maps_s.c\n'}
[1.267117] (slam_toolbox) StdoutLine: {'line': b'-- Up-to-date symlink: /home/rob1/eeng_462/lab4/install/slam_toolbox/local/lib/python3.10/dist-packages/slam_toolbox/srv/_pause.py\n'}
[1.267415] (slam_toolbox) StdoutLine: {'line': b'-- Up-to-date symlink: /home/rob1/eeng_462/lab4/install/slam_toolbox/local/lib/python3.10/dist-packages/slam_toolbox/srv/_pause_s.c\n'}
[1.267715] (slam_toolbox) StdoutLine: {'line': b'-- Up-to-date symlink: /home/rob1/eeng_462/lab4/install/slam_toolbox/local/lib/python3.10/dist-packages/slam_toolbox/srv/_save_map.py\n'}
[1.268013] (slam_toolbox) StdoutLine: {'line': b'-- Up-to-date symlink: /home/rob1/eeng_462/lab4/install/slam_toolbox/local/lib/python3.10/dist-packages/slam_toolbox/srv/_save_map_s.c\n'}
[1.268358] (slam_toolbox) StdoutLine: {'line': b'-- Up-to-date symlink: /home/rob1/eeng_462/lab4/install/slam_toolbox/local/lib/python3.10/dist-packages/slam_toolbox/srv/_serialize_pose_graph.py\n'}
[1.268652] (slam_toolbox) StdoutLine: {'line': b'-- Up-to-date symlink: /home/rob1/eeng_462/lab4/install/slam_toolbox/local/lib/python3.10/dist-packages/slam_toolbox/srv/_serialize_pose_graph_s.c\n'}
[1.268944] (slam_toolbox) StdoutLine: {'line': b'-- Up-to-date symlink: /home/rob1/eeng_462/lab4/install/slam_toolbox/local/lib/python3.10/dist-packages/slam_toolbox/srv/_toggle_interactive.py\n'}
[1.269249] (slam_toolbox) StdoutLine: {'line': b'-- Up-to-date symlink: /home/rob1/eeng_462/lab4/install/slam_toolbox/local/lib/python3.10/dist-packages/slam_toolbox/srv/_toggle_interactive_s.c\n'}
[1.269920] (slam_toolbox) StdoutLine: {'line': b'-- Up-to-date symlink: /home/rob1/eeng_462/lab4/install/slam_toolbox/local/lib/python3.10/dist-packages/slam_toolbox/slam_toolbox_s__rosidl_typesupport_fastrtps_c.cpython-310-aarch64-linux-gnu.so\n'}
[1.270552] (slam_toolbox) StdoutLine: {'line': b'-- Up-to-date symlink: /home/rob1/eeng_462/lab4/install/slam_toolbox/local/lib/python3.10/dist-packages/slam_toolbox/slam_toolbox_s__rosidl_typesupport_introspection_c.cpython-310-aarch64-linux-gnu.so\n'}
[1.271144] (slam_toolbox) StdoutLine: {'line': b'-- Up-to-date symlink: /home/rob1/eeng_462/lab4/install/slam_toolbox/local/lib/python3.10/dist-packages/slam_toolbox/slam_toolbox_s__rosidl_typesupport_c.cpython-310-aarch64-linux-gnu.so\n'}
[1.271621] (slam_toolbox) StdoutLine: {'line': b'-- Up-to-date symlink: /home/rob1/eeng_462/lab4/install/slam_toolbox/share/slam_toolbox/srv/Pause.idl\n'}
[1.272065] (slam_toolbox) StdoutLine: {'line': b'-- Up-to-date symlink: /home/rob1/eeng_462/lab4/install/slam_toolbox/share/slam_toolbox/srv/ClearQueue.idl\n'}
[1.272622] (slam_toolbox) StdoutLine: {'line': b'-- Up-to-date symlink: /home/rob1/eeng_462/lab4/install/slam_toolbox/share/slam_toolbox/srv/ToggleInteractive.idl\n'}
[1.272999] (slam_toolbox) StdoutLine: {'line': b'-- Up-to-date symlink: /home/rob1/eeng_462/lab4/install/slam_toolbox/share/slam_toolbox/srv/Clear.idl\n'}
[1.273391] (slam_toolbox) StdoutLine: {'line': b'-- Up-to-date symlink: /home/rob1/eeng_462/lab4/install/slam_toolbox/share/slam_toolbox/srv/SaveMap.idl\n'}
[1.273753] (slam_toolbox) StdoutLine: {'line': b'-- Up-to-date symlink: /home/rob1/eeng_462/lab4/install/slam_toolbox/share/slam_toolbox/srv/LoopClosure.idl\n'}
[1.274124] (slam_toolbox) StdoutLine: {'line': b'-- Up-to-date symlink: /home/rob1/eeng_462/lab4/install/slam_toolbox/share/slam_toolbox/srv/MergeMaps.idl\n'}
[1.274489] (slam_toolbox) StdoutLine: {'line': b'-- Up-to-date symlink: /home/rob1/eeng_462/lab4/install/slam_toolbox/share/slam_toolbox/srv/AddSubmap.idl\n'}
[1.274862] (slam_toolbox) StdoutLine: {'line': b'-- Up-to-date symlink: /home/rob1/eeng_462/lab4/install/slam_toolbox/share/slam_toolbox/srv/DeserializePoseGraph.idl\n'}
[1.275259] (slam_toolbox) StdoutLine: {'line': b'-- Up-to-date symlink: /home/rob1/eeng_462/lab4/install/slam_toolbox/share/slam_toolbox/srv/SerializePoseGraph.idl\n'}
[1.275570] (slam_toolbox) StdoutLine: {'line': b'-- Up-to-date symlink: /home/rob1/eeng_462/lab4/install/slam_toolbox/share/slam_toolbox/srv/Pause.srv\n'}
[1.275938] (slam_toolbox) StdoutLine: {'line': b'-- Up-to-date symlink: /home/rob1/eeng_462/lab4/install/slam_toolbox/share/slam_toolbox/srv/Pause_Request.msg\n'}
[1.276319] (slam_toolbox) StdoutLine: {'line': b'-- Up-to-date symlink: /home/rob1/eeng_462/lab4/install/slam_toolbox/share/slam_toolbox/srv/Pause_Response.msg\n'}
[1.276689] (slam_toolbox) StdoutLine: {'line': b'-- Up-to-date symlink: /home/rob1/eeng_462/lab4/install/slam_toolbox/share/slam_toolbox/srv/ClearQueue.srv\n'}
[1.277048] (slam_toolbox) StdoutLine: {'line': b'-- Up-to-date symlink: /home/rob1/eeng_462/lab4/install/slam_toolbox/share/slam_toolbox/srv/ClearQueue_Request.msg\n'}
[1.277410] (slam_toolbox) StdoutLine: {'line': b'-- Up-to-date symlink: /home/rob1/eeng_462/lab4/install/slam_toolbox/share/slam_toolbox/srv/ClearQueue_Response.msg\n'}
[1.277775] (slam_toolbox) StdoutLine: {'line': b'-- Up-to-date symlink: /home/rob1/eeng_462/lab4/install/slam_toolbox/share/slam_toolbox/srv/ToggleInteractive.srv\n'}
[1.278144] (slam_toolbox) StdoutLine: {'line': b'-- Up-to-date symlink: /home/rob1/eeng_462/lab4/install/slam_toolbox/share/slam_toolbox/srv/ToggleInteractive_Request.msg\n'}
[1.278506] (slam_toolbox) StdoutLine: {'line': b'-- Up-to-date symlink: /home/rob1/eeng_462/lab4/install/slam_toolbox/share/slam_toolbox/srv/ToggleInteractive_Response.msg\n'}
[1.278808] (slam_toolbox) StdoutLine: {'line': b'-- Up-to-date symlink: /home/rob1/eeng_462/lab4/install/slam_toolbox/share/slam_toolbox/srv/Clear.srv\n'}
[1.279173] (slam_toolbox) StdoutLine: {'line': b'-- Up-to-date symlink: /home/rob1/eeng_462/lab4/install/slam_toolbox/share/slam_toolbox/srv/Clear_Request.msg\n'}
[1.279534] (slam_toolbox) StdoutLine: {'line': b'-- Up-to-date symlink: /home/rob1/eeng_462/lab4/install/slam_toolbox/share/slam_toolbox/srv/Clear_Response.msg\n'}
[1.279830] (slam_toolbox) StdoutLine: {'line': b'-- Up-to-date symlink: /home/rob1/eeng_462/lab4/install/slam_toolbox/share/slam_toolbox/srv/SaveMap.srv\n'}
[1.280189] (slam_toolbox) StdoutLine: {'line': b'-- Up-to-date symlink: /home/rob1/eeng_462/lab4/install/slam_toolbox/share/slam_toolbox/srv/SaveMap_Request.msg\n'}
[1.280573] (slam_toolbox) StdoutLine: {'line': b'-- Up-to-date symlink: /home/rob1/eeng_462/lab4/install/slam_toolbox/share/slam_toolbox/srv/SaveMap_Response.msg\n'}
[1.280923] (slam_toolbox) StdoutLine: {'line': b'-- Up-to-date symlink: /home/rob1/eeng_462/lab4/install/slam_toolbox/share/slam_toolbox/srv/LoopClosure.srv\n'}
[1.281286] (slam_toolbox) StdoutLine: {'line': b'-- Up-to-date symlink: /home/rob1/eeng_462/lab4/install/slam_toolbox/share/slam_toolbox/srv/LoopClosure_Request.msg\n'}
[1.281659] (slam_toolbox) StdoutLine: {'line': b'-- Up-to-date symlink: /home/rob1/eeng_462/lab4/install/slam_toolbox/share/slam_toolbox/srv/LoopClosure_Response.msg\n'}
[1.281955] (slam_toolbox) StdoutLine: {'line': b'-- Up-to-date symlink: /home/rob1/eeng_462/lab4/install/slam_toolbox/share/slam_toolbox/srv/MergeMaps.srv\n'}
[1.282316] (slam_toolbox) StdoutLine: {'line': b'-- Up-to-date symlink: /home/rob1/eeng_462/lab4/install/slam_toolbox/share/slam_toolbox/srv/MergeMaps_Request.msg\n'}
[1.282675] (slam_toolbox) StdoutLine: {'line': b'-- Up-to-date symlink: /home/rob1/eeng_462/lab4/install/slam_toolbox/share/slam_toolbox/srv/MergeMaps_Response.msg\n'}
[1.282967] (slam_toolbox) StdoutLine: {'line': b'-- Up-to-date symlink: /home/rob1/eeng_462/lab4/install/slam_toolbox/share/slam_toolbox/srv/AddSubmap.srv\n'}
[1.283339] (slam_toolbox) StdoutLine: {'line': b'-- Up-to-date symlink: /home/rob1/eeng_462/lab4/install/slam_toolbox/share/slam_toolbox/srv/AddSubmap_Request.msg\n'}
[1.283698] (slam_toolbox) StdoutLine: {'line': b'-- Up-to-date symlink: /home/rob1/eeng_462/lab4/install/slam_toolbox/share/slam_toolbox/srv/AddSubmap_Response.msg\n'}
[1.284052] (slam_toolbox) StdoutLine: {'line': b'-- Up-to-date symlink: /home/rob1/eeng_462/lab4/install/slam_toolbox/share/slam_toolbox/srv/DeserializePoseGraph.srv\n'}
[1.284466] (slam_toolbox) StdoutLine: {'line': b'-- Up-to-date symlink: /home/rob1/eeng_462/lab4/install/slam_toolbox/share/slam_toolbox/srv/DeserializePoseGraph_Request.msg\n'}
[1.284834] (slam_toolbox) StdoutLine: {'line': b'-- Up-to-date symlink: /home/rob1/eeng_462/lab4/install/slam_toolbox/share/slam_toolbox/srv/DeserializePoseGraph_Response.msg\n'}
[1.285193] (slam_toolbox) StdoutLine: {'line': b'-- Up-to-date symlink: /home/rob1/eeng_462/lab4/install/slam_toolbox/share/slam_toolbox/srv/SerializePoseGraph.srv\n'}
[1.285557] (slam_toolbox) StdoutLine: {'line': b'-- Up-to-date symlink: /home/rob1/eeng_462/lab4/install/slam_toolbox/share/slam_toolbox/srv/SerializePoseGraph_Request.msg\n'}
[1.285911] (slam_toolbox) StdoutLine: {'line': b'-- Up-to-date symlink: /home/rob1/eeng_462/lab4/install/slam_toolbox/share/slam_toolbox/srv/SerializePoseGraph_Response.msg\n'}
[1.286205] (slam_toolbox) StdoutLine: {'line': b'-- Up-to-date symlink: /home/rob1/eeng_462/lab4/install/slam_toolbox/share/slam_toolbox//rviz_plugins.xml\n'}
[1.286555] (slam_toolbox) StdoutLine: {'line': b'-- Up-to-date symlink: /home/rob1/eeng_462/lab4/install/slam_toolbox/share/slam_toolbox//solver_plugins.xml\n'}
[1.287351] (slam_toolbox) StdoutLine: {'line': b'-- Up-to-date symlink: /home/rob1/eeng_462/lab4/install/slam_toolbox/lib/slam_toolbox/async_slam_toolbox_node\n'}
[1.287721] (slam_toolbox) StdoutLine: {'line': b'-- Up-to-date symlink: /home/rob1/eeng_462/lab4/install/slam_toolbox/lib/slam_toolbox/sync_slam_toolbox_node\n'}
[1.288087] (slam_toolbox) StdoutLine: {'line': b'-- Up-to-date symlink: /home/rob1/eeng_462/lab4/install/slam_toolbox/lib/slam_toolbox/localization_slam_toolbox_node\n'}
[1.288566] (slam_toolbox) StdoutLine: {'line': b'-- Up-to-date symlink: /home/rob1/eeng_462/lab4/install/slam_toolbox/lib/slam_toolbox/map_and_localization_slam_toolbox_node\n'}
[1.288843] (slam_toolbox) StdoutLine: {'line': b'-- Up-to-date symlink: /home/rob1/eeng_462/lab4/install/slam_toolbox/lib/slam_toolbox/merge_maps_kinematic\n'}
[1.289181] (slam_toolbox) StdoutLine: {'line': b'-- Up-to-date symlink: /home/rob1/eeng_462/lab4/install/slam_toolbox/lib/libtoolbox_common.so\n'}
[1.289514] (slam_toolbox) StdoutLine: {'line': b'-- Up-to-date symlink: /home/rob1/eeng_462/lab4/install/slam_toolbox/lib/libSlamToolboxPlugin.so\n'}
[1.289848] (slam_toolbox) StdoutLine: {'line': b'-- Up-to-date symlink: /home/rob1/eeng_462/lab4/install/slam_toolbox/lib/libceres_solver_plugin.so\n'}
[1.290177] (slam_toolbox) StdoutLine: {'line': b'-- Up-to-date symlink: /home/rob1/eeng_462/lab4/install/slam_toolbox/lib/libasync_slam_toolbox.so\n'}
[1.290507] (slam_toolbox) StdoutLine: {'line': b'-- Up-to-date symlink: /home/rob1/eeng_462/lab4/install/slam_toolbox/lib/libsync_slam_toolbox.so\n'}
[1.290837] (slam_toolbox) StdoutLine: {'line': b'-- Up-to-date symlink: /home/rob1/eeng_462/lab4/install/slam_toolbox/lib/liblocalization_slam_toolbox.so\n'}
[1.291165] (slam_toolbox) StdoutLine: {'line': b'-- Up-to-date symlink: /home/rob1/eeng_462/lab4/install/slam_toolbox/lib/liblifelong_slam_toolbox.so\n'}
[1.291490] (slam_toolbox) StdoutLine: {'line': b'-- Up-to-date symlink: /home/rob1/eeng_462/lab4/install/slam_toolbox/lib/libmap_and_localization_slam_toolbox.so\n'}
[1.291831] (slam_toolbox) StdoutLine: {'line': b'-- Up-to-date symlink: /home/rob1/eeng_462/lab4/install/slam_toolbox/lib/libkartoSlamToolbox.so\n'}
[1.292906] (slam_toolbox) StdoutLine: {'line': b'-- Up-to-date symlink: /home/rob1/eeng_462/lab4/install/slam_toolbox/include/slam_toolbox/experimental/slam_toolbox_lifelong.hpp\n'}
[1.293217] (slam_toolbox) StdoutLine: {'line': b'-- Up-to-date symlink: /home/rob1/eeng_462/lab4/install/slam_toolbox/include/slam_toolbox/experimental/slam_toolbox_map_and_localization.hpp\n'}
[1.293515] (slam_toolbox) StdoutLine: {'line': b'-- Up-to-date symlink: /home/rob1/eeng_462/lab4/install/slam_toolbox/include/slam_toolbox/get_pose_helper.hpp\n'}
[1.293895] (slam_toolbox) StdoutLine: {'line': b'-- Up-to-date symlink: /home/rob1/eeng_462/lab4/install/slam_toolbox/include/slam_toolbox/laser_utils.hpp\n'}
[1.294108] (slam_toolbox) StdoutLine: {'line': b'-- Up-to-date symlink: /home/rob1/eeng_462/lab4/install/slam_toolbox/include/slam_toolbox/loop_closure_assistant.hpp\n'}
[1.294361] (slam_toolbox) StdoutLine: {'line': b'-- Up-to-date symlink: /home/rob1/eeng_462/lab4/install/slam_toolbox/include/slam_toolbox/map_saver.hpp\n'}
[1.294636] (slam_toolbox) StdoutLine: {'line': b'-- Up-to-date symlink: /home/rob1/eeng_462/lab4/install/slam_toolbox/include/slam_toolbox/merge_maps_kinematic.hpp\n'}
[1.294912] (slam_toolbox) StdoutLine: {'line': b'-- Up-to-date symlink: /home/rob1/eeng_462/lab4/install/slam_toolbox/include/slam_toolbox/serialization.hpp\n'}
[1.295189] (slam_toolbox) StdoutLine: {'line': b'-- Up-to-date symlink: /home/rob1/eeng_462/lab4/install/slam_toolbox/include/slam_toolbox/slam_mapper.hpp\n'}
[1.295462] (slam_toolbox) StdoutLine: {'line': b'-- Up-to-date symlink: /home/rob1/eeng_462/lab4/install/slam_toolbox/include/slam_toolbox/slam_toolbox_async.hpp\n'}
[1.295733] (slam_toolbox) StdoutLine: {'line': b'-- Up-to-date symlink: /home/rob1/eeng_462/lab4/install/slam_toolbox/include/slam_toolbox/slam_toolbox_common.hpp\n'}
[1.296006] (slam_toolbox) StdoutLine: {'line': b'-- Up-to-date symlink: /home/rob1/eeng_462/lab4/install/slam_toolbox/include/slam_toolbox/slam_toolbox_localization.hpp\n'}
[1.296281] (slam_toolbox) StdoutLine: {'line': b'-- Up-to-date symlink: /home/rob1/eeng_462/lab4/install/slam_toolbox/include/slam_toolbox/slam_toolbox_sync.hpp\n'}
[1.296592] (slam_toolbox) StdoutLine: {'line': b'-- Up-to-date symlink: /home/rob1/eeng_462/lab4/install/slam_toolbox/include/slam_toolbox/snap_utils.hpp\n'}
[1.296869] (slam_toolbox) StdoutLine: {'line': b'-- Up-to-date symlink: /home/rob1/eeng_462/lab4/install/slam_toolbox/include/slam_toolbox/toolbox_msgs.hpp\n'}
[1.297144] (slam_toolbox) StdoutLine: {'line': b'-- Up-to-date symlink: /home/rob1/eeng_462/lab4/install/slam_toolbox/include/slam_toolbox/toolbox_types.hpp\n'}
[1.297418] (slam_toolbox) StdoutLine: {'line': b'-- Up-to-date symlink: /home/rob1/eeng_462/lab4/install/slam_toolbox/include/slam_toolbox/visualization_utils.hpp\n'}
[1.298268] (slam_toolbox) StdoutLine: {'line': b'-- Up-to-date symlink: /home/rob1/eeng_462/lab4/install/slam_toolbox/share/slam_toolbox/launch/localization_launch.py\n'}
[1.298566] (slam_toolbox) StdoutLine: {'line': b'-- Up-to-date symlink: /home/rob1/eeng_462/lab4/install/slam_toolbox/share/slam_toolbox/launch/merge_maps_kinematic_launch.py\n'}
[1.298859] (slam_toolbox) StdoutLine: {'line': b'-- Up-to-date symlink: /home/rob1/eeng_462/lab4/install/slam_toolbox/share/slam_toolbox/launch/offline_launch.py\n'}
[1.299141] (slam_toolbox) StdoutLine: {'line': b'-- Up-to-date symlink: /home/rob1/eeng_462/lab4/install/slam_toolbox/share/slam_toolbox/launch/online_async_launch.py\n'}
[1.299423] (slam_toolbox) StdoutLine: {'line': b'-- Up-to-date symlink: /home/rob1/eeng_462/lab4/install/slam_toolbox/share/slam_toolbox/launch/online_sync_launch.py\n'}
[1.300132] (slam_toolbox) StdoutLine: {'line': b'-- Up-to-date symlink: /home/rob1/eeng_462/lab4/install/slam_toolbox/share/slam_toolbox/config/mapper_params_lifelong.yaml\n'}
[1.300467] (slam_toolbox) StdoutLine: {'line': b'-- Up-to-date symlink: /home/rob1/eeng_462/lab4/install/slam_toolbox/share/slam_toolbox/config/mapper_params_localization.yaml\n'}
[1.300757] (slam_toolbox) StdoutLine: {'line': b'-- Up-to-date symlink: /home/rob1/eeng_462/lab4/install/slam_toolbox/share/slam_toolbox/config/mapper_params_offline.yaml\n'}
[1.301029] (slam_toolbox) StdoutLine: {'line': b'-- Up-to-date symlink: /home/rob1/eeng_462/lab4/install/slam_toolbox/share/slam_toolbox/config/mapper_params_online_async.yaml\n'}
[1.301305] (slam_toolbox) StdoutLine: {'line': b'-- Up-to-date symlink: /home/rob1/eeng_462/lab4/install/slam_toolbox/share/slam_toolbox/config/mapper_params_online_sync.yaml\n'}
[1.301585] (slam_toolbox) StdoutLine: {'line': b'-- Up-to-date symlink: /home/rob1/eeng_462/lab4/install/slam_toolbox/share/slam_toolbox/config/slam_toolbox_default.rviz\n'}
[1.301973] (slam_toolbox) StdoutLine: {'line': b'-- Up-to-date symlink: /home/rob1/eeng_462/lab4/install/slam_toolbox/share/solver_plugins.xml\n'}
[1.302190] (slam_toolbox) StdoutLine: {'line': b'-- Up-to-date symlink: /home/rob1/eeng_462/lab4/install/slam_toolbox/share/rviz_plugins.xml\n'}
[1.302547] (slam_toolbox) StdoutLine: {'line': b'-- Up-to-date symlink: /home/rob1/eeng_462/lab4/install/slam_toolbox/share/ament_index/resource_index/package_run_dependencies/slam_toolbox\n'}
[1.302945] (slam_toolbox) StdoutLine: {'line': b'-- Up-to-date symlink: /home/rob1/eeng_462/lab4/install/slam_toolbox/share/ament_index/resource_index/parent_prefix_path/slam_toolbox\n'}
[1.303367] (slam_toolbox) StdoutLine: {'line': b'-- Up-to-date symlink: /home/rob1/eeng_462/lab4/install/slam_toolbox/share/slam_toolbox/environment/ament_prefix_path.sh\n'}
[1.303678] (slam_toolbox) StdoutLine: {'line': b'-- Up-to-date symlink: /home/rob1/eeng_462/lab4/install/slam_toolbox/share/slam_toolbox/environment/ament_prefix_path.dsv\n'}
[1.303820] (-) TimerEvent: {}
[1.304120] (slam_toolbox) StdoutLine: {'line': b'-- Up-to-date symlink: /home/rob1/eeng_462/lab4/install/slam_toolbox/share/slam_toolbox/environment/path.sh\n'}
[1.304451] (slam_toolbox) StdoutLine: {'line': b'-- Up-to-date symlink: /home/rob1/eeng_462/lab4/install/slam_toolbox/share/slam_toolbox/environment/path.dsv\n'}
[1.304813] (slam_toolbox) StdoutLine: {'line': b'-- Up-to-date symlink: /home/rob1/eeng_462/lab4/install/slam_toolbox/share/slam_toolbox/local_setup.bash\n'}
[1.305174] (slam_toolbox) StdoutLine: {'line': b'-- Up-to-date symlink: /home/rob1/eeng_462/lab4/install/slam_toolbox/share/slam_toolbox/local_setup.sh\n'}
[1.305540] (slam_toolbox) StdoutLine: {'line': b'-- Up-to-date symlink: /home/rob1/eeng_462/lab4/install/slam_toolbox/share/slam_toolbox/local_setup.zsh\n'}
[1.305836] (slam_toolbox) StdoutLine: {'line': b'-- Up-to-date symlink: /home/rob1/eeng_462/lab4/install/slam_toolbox/share/slam_toolbox/local_setup.dsv\n'}
[1.306055] (slam_toolbox) StdoutLine: {'line': b'-- Symlinking: /home/rob1/eeng_462/lab4/install/slam_toolbox/share/slam_toolbox/package.dsv\n'}
[1.324787] (slam_toolbox) StdoutLine: {'line': b'-- Up-to-date symlink: /home/rob1/eeng_462/lab4/install/slam_toolbox/share/ament_index/resource_index/packages/slam_toolbox\n'}
[1.325245] (slam_toolbox) StdoutLine: {'line': b'-- Up-to-date symlink: /home/rob1/eeng_462/lab4/install/slam_toolbox/share/ament_index/resource_index/rviz_common__pluginlib__plugin/slam_toolbox\n'}
[1.325539] (slam_toolbox) StdoutLine: {'line': b'-- Up-to-date symlink: /home/rob1/eeng_462/lab4/install/slam_toolbox/share/ament_index/resource_index/slam_toolbox__pluginlib__plugin/slam_toolbox\n'}
[1.325962] (slam_toolbox) StdoutLine: {'line': b'-- Up-to-date symlink: /home/rob1/eeng_462/lab4/install/slam_toolbox/share/ament_index/resource_index/rclcpp_components/slam_toolbox\n'}
[1.326347] (slam_toolbox) StdoutLine: {'line': b'-- Up-to-date symlink: /home/rob1/eeng_462/lab4/install/slam_toolbox/share/slam_toolbox/cmake/rosidl_cmake-extras.cmake\n'}
[1.326856] (slam_toolbox) StdoutLine: {'line': b'-- Up-to-date symlink: /home/rob1/eeng_462/lab4/install/slam_toolbox/share/slam_toolbox/cmake/ament_cmake_export_dependencies-extras.cmake\n'}
[1.327194] (slam_toolbox) StdoutLine: {'line': b'-- Up-to-date symlink: /home/rob1/eeng_462/lab4/install/slam_toolbox/share/slam_toolbox/cmake/ament_cmake_export_include_directories-extras.cmake\n'}
[1.327613] (slam_toolbox) StdoutLine: {'line': b'-- Up-to-date symlink: /home/rob1/eeng_462/lab4/install/slam_toolbox/share/slam_toolbox/cmake/ament_cmake_export_libraries-extras.cmake\n'}
[1.328033] (slam_toolbox) StdoutLine: {'line': b'-- Up-to-date symlink: /home/rob1/eeng_462/lab4/install/slam_toolbox/share/slam_toolbox/cmake/ament_cmake_export_targets-extras.cmake\n'}
[1.328466] (slam_toolbox) StdoutLine: {'line': b'-- Up-to-date symlink: /home/rob1/eeng_462/lab4/install/slam_toolbox/share/slam_toolbox/cmake/rosidl_cmake_export_typesupport_targets-extras.cmake\n'}
[1.328894] (slam_toolbox) StdoutLine: {'line': b'-- Up-to-date symlink: /home/rob1/eeng_462/lab4/install/slam_toolbox/share/slam_toolbox/cmake/rosidl_cmake_export_typesupport_libraries-extras.cmake\n'}
[1.329321] (slam_toolbox) StdoutLine: {'line': b'-- Up-to-date symlink: /home/rob1/eeng_462/lab4/install/slam_toolbox/share/slam_toolbox/cmake/slam_toolboxConfig.cmake\n'}
[1.329646] (slam_toolbox) StdoutLine: {'line': b'-- Up-to-date symlink: /home/rob1/eeng_462/lab4/install/slam_toolbox/share/slam_toolbox/cmake/slam_toolboxConfig-version.cmake\n'}
[1.330052] (slam_toolbox) StdoutLine: {'line': b'-- Up-to-date symlink: /home/rob1/eeng_462/lab4/install/slam_toolbox/share/slam_toolbox/package.xml\n'}
[1.330622] (slam_toolbox) StdoutLine: {'line': b'-- Up-to-date: /home/rob1/eeng_462/lab4/install/slam_toolbox/lib/libslam_toolbox__rosidl_generator_c.so\n'}
[1.331240] (slam_toolbox) StdoutLine: {'line': b'-- Up-to-date: /home/rob1/eeng_462/lab4/install/slam_toolbox/lib/libslam_toolbox__rosidl_typesupport_fastrtps_c.so\n'}
[1.331831] (slam_toolbox) StdoutLine: {'line': b'-- Up-to-date: /home/rob1/eeng_462/lab4/install/slam_toolbox/lib/libslam_toolbox__rosidl_typesupport_fastrtps_cpp.so\n'}
[1.332427] (slam_toolbox) StdoutLine: {'line': b'-- Up-to-date: /home/rob1/eeng_462/lab4/install/slam_toolbox/lib/libslam_toolbox__rosidl_typesupport_introspection_c.so\n'}
[1.332901] (slam_toolbox) StdoutLine: {'line': b'-- Up-to-date: /home/rob1/eeng_462/lab4/install/slam_toolbox/lib/libslam_toolbox__rosidl_typesupport_c.so\n'}
[1.333438] (slam_toolbox) StdoutLine: {'line': b'-- Up-to-date: /home/rob1/eeng_462/lab4/install/slam_toolbox/lib/libslam_toolbox__rosidl_typesupport_introspection_cpp.so\n'}
[1.333911] (slam_toolbox) StdoutLine: {'line': b'-- Up-to-date: /home/rob1/eeng_462/lab4/install/slam_toolbox/lib/libslam_toolbox__rosidl_typesupport_cpp.so\n'}
[1.403999] (-) TimerEvent: {}
[1.407974] (slam_toolbox) StdoutLine: {'line': b"Listing '/home/rob1/eeng_462/lab4/install/slam_toolbox/local/lib/python3.10/dist-packages/slam_toolbox'...\n"}
[1.408352] (slam_toolbox) StdoutLine: {'line': b"Listing '/home/rob1/eeng_462/lab4/install/slam_toolbox/local/lib/python3.10/dist-packages/slam_toolbox/srv'...\n"}
[1.419931] (slam_toolbox) StdoutLine: {'line': b'-- Up-to-date: /home/rob1/eeng_462/lab4/install/slam_toolbox/lib/libslam_toolbox__rosidl_generator_py.so\n'}
[1.420763] (slam_toolbox) StdoutLine: {'line': b'-- Up-to-date: /home/rob1/eeng_462/lab4/install/slam_toolbox/share/slam_toolbox/cmake/export_slam_toolbox__rosidl_generator_cExport.cmake\n'}
[1.421063] (slam_toolbox) StdoutLine: {'line': b'-- Up-to-date: /home/rob1/eeng_462/lab4/install/slam_toolbox/share/slam_toolbox/cmake/export_slam_toolbox__rosidl_generator_cExport-release.cmake\n'}
[1.421344] (slam_toolbox) StdoutLine: {'line': b'-- Up-to-date: /home/rob1/eeng_462/lab4/install/slam_toolbox/share/slam_toolbox/cmake/export_slam_toolbox__rosidl_typesupport_fastrtps_cExport.cmake\n'}
[1.421580] (slam_toolbox) StdoutLine: {'line': b'-- Up-to-date: /home/rob1/eeng_462/lab4/install/slam_toolbox/share/slam_toolbox/cmake/export_slam_toolbox__rosidl_typesupport_fastrtps_cExport-release.cmake\n'}
[1.421849] (slam_toolbox) StdoutLine: {'line': b'-- Up-to-date: /home/rob1/eeng_462/lab4/install/slam_toolbox/share/slam_toolbox/cmake/export_slam_toolbox__rosidl_generator_cppExport.cmake\n'}
[1.422171] (slam_toolbox) StdoutLine: {'line': b'-- Up-to-date: /home/rob1/eeng_462/lab4/install/slam_toolbox/share/slam_toolbox/cmake/export_slam_toolbox__rosidl_typesupport_fastrtps_cppExport.cmake\n'}
[1.422406] (slam_toolbox) StdoutLine: {'line': b'-- Up-to-date: /home/rob1/eeng_462/lab4/install/slam_toolbox/share/slam_toolbox/cmake/export_slam_toolbox__rosidl_typesupport_fastrtps_cppExport-release.cmake\n'}
[1.422750] (slam_toolbox) StdoutLine: {'line': b'-- Up-to-date: /home/rob1/eeng_462/lab4/install/slam_toolbox/share/slam_toolbox/cmake/slam_toolbox__rosidl_typesupport_introspection_cExport.cmake\n'}
[1.423057] (slam_toolbox) StdoutLine: {'line': b'-- Up-to-date: /home/rob1/eeng_462/lab4/install/slam_toolbox/share/slam_toolbox/cmake/slam_toolbox__rosidl_typesupport_introspection_cExport-release.cmake\n'}
[1.423345] (slam_toolbox) StdoutLine: {'line': b'-- Up-to-date: /home/rob1/eeng_462/lab4/install/slam_toolbox/share/slam_toolbox/cmake/slam_toolbox__rosidl_typesupport_cExport.cmake\n'}
[1.423635] (slam_toolbox) StdoutLine: {'line': b'-- Up-to-date: /home/rob1/eeng_462/lab4/install/slam_toolbox/share/slam_toolbox/cmake/slam_toolbox__rosidl_typesupport_cExport-release.cmake\n'}
[1.423910] (slam_toolbox) StdoutLine: {'line': b'-- Up-to-date: /home/rob1/eeng_462/lab4/install/slam_toolbox/share/slam_toolbox/cmake/slam_toolbox__rosidl_typesupport_introspection_cppExport.cmake\n'}
[1.424197] (slam_toolbox) StdoutLine: {'line': b'-- Up-to-date: /home/rob1/eeng_462/lab4/install/slam_toolbox/share/slam_toolbox/cmake/slam_toolbox__rosidl_typesupport_introspection_cppExport-release.cmake\n'}
[1.424540] (slam_toolbox) StdoutLine: {'line': b'-- Up-to-date: /home/rob1/eeng_462/lab4/install/slam_toolbox/share/slam_toolbox/cmake/slam_toolbox__rosidl_typesupport_cppExport.cmake\n'}
[1.424846] (slam_toolbox) StdoutLine: {'line': b'-- Up-to-date: /home/rob1/eeng_462/lab4/install/slam_toolbox/share/slam_toolbox/cmake/slam_toolbox__rosidl_typesupport_cppExport-release.cmake\n'}
[1.425075] (slam_toolbox) StdoutLine: {'line': b'-- Up-to-date: /home/rob1/eeng_462/lab4/install/slam_toolbox/share/slam_toolbox/cmake/export_slam_toolbox__rosidl_generator_pyExport.cmake\n'}
[1.425305] (slam_toolbox) StdoutLine: {'line': b'-- Up-to-date: /home/rob1/eeng_462/lab4/install/slam_toolbox/share/slam_toolbox/cmake/export_slam_toolbox__rosidl_generator_pyExport-release.cmake\n'}
[1.425517] (slam_toolbox) StdoutLine: {'line': b'-- Up-to-date: /home/rob1/eeng_462/lab4/install/slam_toolbox/share/slam_toolbox/cmake/SlamToolboxPluginExport.cmake\n'}
[1.425726] (slam_toolbox) StdoutLine: {'line': b'-- Up-to-date: /home/rob1/eeng_462/lab4/install/slam_toolbox/share/slam_toolbox/cmake/SlamToolboxPluginExport-release.cmake\n'}
[1.430792] (slam_toolbox) CommandEnded: {'returncode': 0}
[1.492866] (slam_toolbox) JobEnded: {'identifier': 'slam_toolbox', 'rc': 0}
[1.504078] (-) TimerEvent: {}
[1.604520] (-) TimerEvent: {}
[1.705106] (-) TimerEvent: {}
[1.805656] (-) TimerEvent: {}
[1.906313] (-) TimerEvent: {}
[2.006937] (-) TimerEvent: {}
[2.107529] (-) TimerEvent: {}
[2.134196] (mecanum_robot) Command: {'cmd': ['/usr/bin/python3', '-W', 'ignore:setup.py install is deprecated', '-W', 'ignore:easy_install command is deprecated', 'setup.py', 'egg_info', '--egg-base', '../../build/mecanum_robot', 'build', '--build-base', '/home/rob1/eeng_462/lab4/build/mecanum_robot/build', 'install', '--record', '/home/rob1/eeng_462/lab4/build/mecanum_robot/install.log', '--single-version-externally-managed', 'install_data'], 'cwd': '/home/rob1/eeng_462/lab4/src/mecanum_robot', 'env': {'USER': 'rob1', 'XDG_SEAT': 'seat0', 'XDG_SESSION_TYPE': 'x11', 'SHLVL': '1', 'LD_LIBRARY_PATH': '/home/rob1/eeng_462/lab4/install/slam_toolbox/lib:/home/rob1/eeng_462/lab4/install/openslam_gmapping/lib:/opt/ros/humble/opt/rviz_ogre_vendor/lib:/opt/ros/humble/lib/aarch64-linux-gnu:/opt/ros/humble/lib', 'HOME': '/home/rob1', 'OLDPWD': '/home/rob1', 'LESS': '-R', 'DESKTOP_SESSION': 'i3', 'ZSH': '/home/rob1/.oh-my-zsh', 'LSCOLORS': 'Gxfxcxdxbxegedabagacad', 'GTK_MODULES': 'gail:atk-bridge', 'PAGER': 'less', 'ROS_PYTHON_VERSION': '3', 'SYSTEMD_EXEC_PID': '1834', 'DBUS_SESSION_BUS_ADDRESS': 'unix:path=/run/user/1000/bus', 'COLORTERM': 'truecolor', '_colcon_cd_root': '/opt/ros/humble/', 'ROS_DISTRO': 'humble', 'COLCON_PREFIX_PATH': '/home/rob1/eeng_462/lab4/install', 'GTK_IM_MODULE': 'ibus', 'LOGNAME': 'rob1', '_': '/usr/bin/colcon', 'XDG_SESSION_CLASS': 'user', 'ROS_VERSION': '2', 'XDG_SESSION_ID': '2', 'USERNAME': 'rob1', 'TERM': 'xterm-256color', 'ROS_LOCALHOST_ONLY': '0', 'WINDOWPATH': '2', 'PATH': '/opt/ros/humble/bin:/home/rob1/.local/bin:/usr/local/sbin:/usr/local/bin:/usr/sbin:/usr/bin:/sbin:/bin:/usr/games:/usr/local/games:/snap/bin:/snap/bin', 'GNOME_TERMINAL_SCREEN': '/org/gnome/Terminal/screen/704ad994_aa49_49d1_a5da_1c4b1a3b640d', 'XDG_RUNTIME_DIR': '/run/user/1000', 'DISPLAY': ':1', 'LANG': 'en_US.UTF-8', 'XDG_CURRENT_DESKTOP': 'i3', 'XDG_SESSION_DESKTOP': 'i3', 'GNOME_TERMINAL_SERVICE': ':1.44', 'XMODIFIERS': '@im=ibus', 'XAUTHORITY': '/run/user/1000/gdm/Xauthority', 'LS_COLORS': 'rs=0:di=01;34:ln=01;36:mh=00:pi=40;33:so=01;35:do=01;35:bd=40;33;01:cd=40;33;01:or=40;31;01:mi=00:su=37;41:sg=30;43:ca=30;41:tw=30;42:ow=34;42:st=37;44:ex=01;32:*.tar=01;31:*.tgz=01;31:*.arc=01;31:*.arj=01;31:*.taz=01;31:*.lha=01;31:*.lz4=01;31:*.lzh=01;31:*.lzma=01;31:*.tlz=01;31:*.txz=01;31:*.tzo=01;31:*.t7z=01;31:*.zip=01;31:*.z=01;31:*.dz=01;31:*.gz=01;31:*.lrz=01;31:*.lz=01;31:*.lzo=01;31:*.xz=01;31:*.zst=01;31:*.tzst=01;31:*.bz2=01;31:*.bz=01;31:*.tbz=01;31:*.tbz2=01;31:*.tz=01;31:*.deb=01;31:*.rpm=01;31:*.jar=01;31:*.war=01;31:*.ear=01;31:*.sar=01;31:*.rar=01;31:*.alz=01;31:*.ace=01;31:*.zoo=01;31:*.cpio=01;31:*.7z=01;31:*.rz=01;31:*.cab=01;31:*.wim=01;31:*.swm=01;31:*.dwm=01;31:*.esd=01;31:*.jpg=01;35:*.jpeg=01;35:*.mjpg=01;35:*.mjpeg=01;35:*.gif=01;35:*.bmp=01;35:*.pbm=01;35:*.pgm=01;35:*.ppm=01;35:*.tga=01;35:*.xbm=01;35:*.xpm=01;35:*.tif=01;35:*.tiff=01;35:*.png=01;35:*.svg=01;35:*.svgz=01;35:*.mng=01;35:*.pcx=01;35:*.mov=01;35:*.mpg=01;35:*.mpeg=01;35:*.m2v=01;35:*.mkv=01;35:*.webm=01;35:*.webp=01;35:*.ogm=01;35:*.mp4=01;35:*.m4v=01;35:*.mp4v=01;35:*.vob=01;35:*.qt=01;35:*.nuv=01;35:*.wmv=01;35:*.asf=01;35:*.rm=01;35:*.rmvb=01;35:*.flc=01;35:*.avi=01;35:*.fli=01;35:*.flv=01;35:*.gl=01;35:*.dl=01;35:*.xcf=01;35:*.xwd=01;35:*.yuv=01;35:*.cgm=01;35:*.emf=01;35:*.ogv=01;35:*.ogx=01;35:*.aac=00;36:*.au=00;36:*.flac=00;36:*.m4a=00;36:*.mid=00;36:*.midi=00;36:*.mka=00;36:*.mp3=00;36:*.mpc=00;36:*.ogg=00;36:*.ra=00;36:*.wav=00;36:*.oga=00;36:*.opus=00;36:*.spx=00;36:*.xspf=00;36:', 'AMENT_PREFIX_PATH': '/home/rob1/eeng_462/lab4/install/sllidar_ros2:/home/rob1/eeng_462/lab4/install/slam_toolbox:/home/rob1/eeng_462/lab4/install/mecanum_robot:/home/rob1/eeng_462/lab4/install/slam_gmapping:/home/rob1/eeng_462/lab4/install/rplidar_ros:/home/rob1/eeng_462/lab4/install/openslam_gmapping:/opt/ros/humble', 'ROS_DOMAIN_ID': '101', 'SHELL': '/usr/bin/zsh', 'QT_ACCESSIBILITY': '1', 'GDMSESSION': 'i3', 'GPG_AGENT_INFO': '/run/user/1000/gnupg/S.gpg-agent:0:1', 'QT_IM_MODULE': 'ibus', 'XDG_VTNR': '2', 'PWD': '/home/rob1/eeng_462/lab4/build/mecanum_robot', 'XDG_CONFIG_DIRS': '/etc/xdg/xdg-i3:/etc/xdg', 'XDG_DATA_DIRS': '/usr/share/i3:/usr/share/gnome:/usr/local/share/:/usr/share/:/var/lib/snapd/desktop', 'CLUTTER_IM_MODULE': 'ibus', 'PYTHONPATH': '/home/rob1/eeng_462/lab4/build/mecanum_robot/prefix_override:/usr/lib/python3/dist-packages/colcon_core/task/python/colcon_distutils_commands:/home/rob1/eeng_462/lab4/install/mecanum_robot/lib/python3.10/site-packages:/home/rob1/eeng_462/lab4/install/slam_toolbox/local/lib/python3.10/dist-packages:/home/rob1/eeng_462/lab4/install/mecanum_robot/lib/python3.10/site-packages:/opt/ros/humble/lib/python3.10/site-packages:/opt/ros/humble/local/lib/python3.10/dist-packages', 'I3SOCK': '/run/user/1000/i3/ipc-socket.1866', 'COLCON': '1', 'VTE_VERSION': '6800', 'CMAKE_PREFIX_PATH': '/home/rob1/eeng_462/lab4/install/rplidar_ros:/home/rob1/eeng_462/lab4/install/sllidar_ros2:/home/rob1/eeng_462/lab4/install/slam_toolbox:/home/rob1/eeng_462/lab4/install/slam_gmapping:/home/rob1/eeng_462/lab4/install/openslam_gmapping'}, 'shell': False}
[2.207691] (-) TimerEvent: {}
[2.308290] (-) TimerEvent: {}
[2.408908] (-) TimerEvent: {}
[2.509507] (-) TimerEvent: {}
[2.610057] (-) TimerEvent: {}
[2.710601] (-) TimerEvent: {}
[2.722215] (mecanum_robot) StdoutLine: {'line': b'running egg_info\n'}
[2.723741] (mecanum_robot) StdoutLine: {'line': b'writing ../../build/mecanum_robot/mecanum_robot.egg-info/PKG-INFO\n'}
[2.724342] (mecanum_robot) StdoutLine: {'line': b'writing dependency_links to ../../build/mecanum_robot/mecanum_robot.egg-info/dependency_links.txt\n'}
[2.724705] (mecanum_robot) StdoutLine: {'line': b'writing entry points to ../../build/mecanum_robot/mecanum_robot.egg-info/entry_points.txt\n'}
[2.725002] (mecanum_robot) StdoutLine: {'line': b'writing requirements to ../../build/mecanum_robot/mecanum_robot.egg-info/requires.txt\n'}
[2.725195] (mecanum_robot) StdoutLine: {'line': b'writing top-level names to ../../build/mecanum_robot/mecanum_robot.egg-info/top_level.txt\n'}
[2.729118] (mecanum_robot) StdoutLine: {'line': b"reading manifest file '../../build/mecanum_robot/mecanum_robot.egg-info/SOURCES.txt'\n"}
[2.729908] (mecanum_robot) StdoutLine: {'line': b"adding license file 'LICENSE'\n"}
[2.731586] (mecanum_robot) StdoutLine: {'line': b"writing manifest file '../../build/mecanum_robot/mecanum_robot.egg-info/SOURCES.txt'\n"}
[2.731839] (mecanum_robot) StdoutLine: {'line': b'running build\n'}
[2.732127] (mecanum_robot) StdoutLine: {'line': b'running build_py\n'}
[2.732572] (mecanum_robot) StdoutLine: {'line': b'running install\n'}
[2.733269] (mecanum_robot) StdoutLine: {'line': b'running install_lib\n'}
[2.735798] (mecanum_robot) StdoutLine: {'line': b'running install_data\n'}
[2.736135] (mecanum_robot) StdoutLine: {'line': b'copying launch/mecanum_robot_launch.py -> /home/rob1/eeng_462/lab4/install/mecanum_robot/share/mecanum_robot/launch\n'}
[2.736524] (mecanum_robot) StdoutLine: {'line': b'running install_egg_info\n'}
[2.740723] (mecanum_robot) StdoutLine: {'line': b"removing '/home/rob1/eeng_462/lab4/install/mecanum_robot/lib/python3.10/site-packages/mecanum_robot-0.0.0-py3.10.egg-info' (and everything under it)\n"}
[2.741522] (mecanum_robot) StdoutLine: {'line': b'Copying ../../build/mecanum_robot/mecanum_robot.egg-info to /home/rob1/eeng_462/lab4/install/mecanum_robot/lib/python3.10/site-packages/mecanum_robot-0.0.0-py3.10.egg-info\n'}
[2.743541] (mecanum_robot) StdoutLine: {'line': b'running install_scripts\n'}
[2.788273] (mecanum_robot) StdoutLine: {'line': b'Installing mecanum_robot script to /home/rob1/eeng_462/lab4/install/mecanum_robot/lib/mecanum_robot\n'}
[2.789135] (mecanum_robot) StdoutLine: {'line': b"writing list of installed files to '/home/rob1/eeng_462/lab4/build/mecanum_robot/install.log'\n"}
[2.810747] (-) TimerEvent: {}
[2.858171] (mecanum_robot) CommandEnded: {'returncode': 0}
[2.878524] (mecanum_robot) JobEnded: {'identifier': 'mecanum_robot', 'rc': 0}
[2.880821] (-) EventReactorShutdown: {}
